{
  "fio version" : "fio-3.7",
  "timestamp" : 1589147849,
  "timestamp_ms" : 1589147849002,
  "time" : "Sun May 10 15:57:29 2020",
  "global options" : {
    "filename" : "/dev/sgt_vg_data_007/MACH2_data_007_512k",
    "rw" : "randrw",
    "ioengine" : "libaio",
    "iodepth" : "64",
    "numjobs" : "1",
    "direct" : "1",
    "runtime" : "120"
  },
  "jobs" : [
    {
      "jobname" : "randrw-4k",
      "groupid" : 0,
      "error" : 0,
      "eta" : 0,
      "elapsed" : 121,
      "job options" : {
        "name" : "randrw-4k",
        "bs" : "4k"
      },
      "read" : {
        "io_bytes" : 98738176,
        "io_kbytes" : 96424,
        "bw_bytes" : 821025,
        "bw" : 801,
        "iops" : 200.445694,
        "runtime" : 120262,
        "total_ios" : 24106,
        "short_ios" : 0,
        "drop_ios" : 0,
        "slat_ns" : {
          "min" : 3106,
          "max" : 63248,
          "mean" : 23472.146810,
          "stddev" : 9596.631515
        },
        "clat_ns" : {
          "min" : 3128023,
          "max" : 2548102477,
          "mean" : 299835179.140337,
          "stddev" : 286176724.971288,
          "percentile" : {
            "1.000000" : 13565952,
            "5.000000" : 28180480,
            "10.000000" : 43253760,
            "20.000000" : 74973184,
            "30.000000" : 111673344,
            "40.000000" : 156237824,
            "50.000000" : 210763776,
            "60.000000" : 278921216,
            "70.000000" : 362807296,
            "80.000000" : 480247808,
            "90.000000" : 675282944,
            "95.000000" : 859832320,
            "99.000000" : 1333788672,
            "99.500000" : 1535115264,
            "99.900000" : 1988100096,
            "99.950000" : 2332033024,
            "99.990000" : 2466250752
          }
        },
        "lat_ns" : {
          "min" : 3143943,
          "max" : 2548133398,
          "mean" : 299859134.912343,
          "stddev" : 286176742.238986
        },
        "bw_min" : 600,
        "bw_max" : 1144,
        "bw_agg" : 100.000000,
        "bw_mean" : 801.266667,
        "bw_dev" : 74.882305,
        "bw_samples" : 240,
        "iops_min" : 150,
        "iops_max" : 286,
        "iops_mean" : 200.266667,
        "iops_stddev" : 18.736996,
        "iops_samples" : 240
      },
      "write" : {
        "io_bytes" : 98308096,
        "io_kbytes" : 96004,
        "bw_bytes" : 817449,
        "bw" : 798,
        "iops" : 199.572600,
        "runtime" : 120262,
        "total_ios" : 24001,
        "short_ios" : 0,
        "drop_ios" : 0,
        "slat_ns" : {
          "min" : 3249,
          "max" : 92852,
          "mean" : 24028.692763,
          "stddev" : 10047.694266
        },
        "clat_ns" : {
          "min" : 73814,
          "max" : 2427286714,
          "mean" : 19364861.631640,
          "stddev" : 26845604.407560,
          "percentile" : {
            "1.000000" : 140288,
            "5.000000" : 226304,
            "10.000000" : 501760,
            "20.000000" : 1466368,
            "30.000000" : 3358720,
            "40.000000" : 5865472,
            "50.000000" : 10944512,
            "60.000000" : 17170432,
            "70.000000" : 25034752,
            "80.000000" : 34865152,
            "90.000000" : 51118080,
            "95.000000" : 64749568,
            "99.000000" : 90701824,
            "99.500000" : 99090432,
            "99.900000" : 122159104,
            "99.950000" : 137363456,
            "99.990000" : 181403648
          }
        },
        "lat_ns" : {
          "min" : 86810,
          "max" : 2427321680,
          "mean" : 19389388.291280,
          "stddev" : 26845818.191758
        },
        "bw_min" : 632,
        "bw_max" : 1728,
        "bw_agg" : 100.000000,
        "bw_mean" : 799.766667,
        "bw_dev" : 92.592664,
        "bw_samples" : 240,
        "iops_min" : 158,
        "iops_max" : 432,
        "iops_mean" : 199.891667,
        "iops_stddev" : 23.163344,
        "iops_samples" : 240
      },
      "trim" : {
        "io_bytes" : 0,
        "io_kbytes" : 0,
        "bw_bytes" : 0,
        "bw" : 0,
        "iops" : 0.000000,
        "runtime" : 0,
        "total_ios" : 0,
        "short_ios" : 0,
        "drop_ios" : 0,
        "slat_ns" : {
          "min" : 0,
          "max" : 0,
          "mean" : 0.000000,
          "stddev" : 0.000000
        },
        "clat_ns" : {
          "min" : 0,
          "max" : 0,
          "mean" : 0.000000,
          "stddev" : 0.000000,
          "percentile" : {
            "1.000000" : 0,
            "5.000000" : 0,
            "10.000000" : 0,
            "20.000000" : 0,
            "30.000000" : 0,
            "40.000000" : 0,
            "50.000000" : 0,
            "60.000000" : 0,
            "70.000000" : 0,
            "80.000000" : 0,
            "90.000000" : 0,
            "95.000000" : 0,
            "99.000000" : 0,
            "99.500000" : 0,
            "99.900000" : 0,
            "99.950000" : 0,
            "99.990000" : 0
          }
        },
        "lat_ns" : {
          "min" : 0,
          "max" : 0,
          "mean" : 0.000000,
          "stddev" : 0.000000
        },
        "bw_min" : 0,
        "bw_max" : 0,
        "bw_agg" : 0.000000,
        "bw_mean" : 0.000000,
        "bw_dev" : 0.000000,
        "bw_samples" : 0,
        "iops_min" : 0,
        "iops_max" : 0,
        "iops_mean" : 0.000000,
        "iops_stddev" : 0.000000,
        "iops_samples" : 0
      },
      "sync" : {
        "lat_ns" : {
          "min" : 0,
          "max" : 0,
          "mean" : 0.000000,
          "stddev" : 0.000000,
          "percentile" : {
            "1.000000" : 0,
            "5.000000" : 0,
            "10.000000" : 0,
            "20.000000" : 0,
            "30.000000" : 0,
            "40.000000" : 0,
            "50.000000" : 0,
            "60.000000" : 0,
            "70.000000" : 0,
            "80.000000" : 0,
            "90.000000" : 0,
            "95.000000" : 0,
            "99.000000" : 0,
            "99.500000" : 0,
            "99.900000" : 0,
            "99.950000" : 0,
            "99.990000" : 0
          }
        },
        "total_ios" : 0
      },
      "usr_cpu" : 0.597866,
      "sys_cpu" : 1.604843,
      "ctx" : 46927,
      "majf" : 0,
      "minf" : 1254,
      "iodepth_level" : {
        "1" : 0.100000,
        "2" : 0.100000,
        "4" : 0.100000,
        "8" : 0.100000,
        "16" : 0.100000,
        "32" : 0.100000,
        ">=64" : 99.869042
      },
      "latency_ns" : {
        "2" : 0.000000,
        "4" : 0.000000,
        "10" : 0.000000,
        "20" : 0.000000,
        "50" : 0.000000,
        "100" : 0.000000,
        "250" : 0.000000,
        "500" : 0.000000,
        "750" : 0.000000,
        "1000" : 0.000000
      },
      "latency_us" : {
        "2" : 0.000000,
        "4" : 0.000000,
        "10" : 0.000000,
        "20" : 0.000000,
        "50" : 0.000000,
        "100" : 0.093541,
        "250" : 2.824953,
        "500" : 2.068306,
        "750" : 0.962438,
        "1000" : 1.409358
      },
      "latency_ms" : {
        "2" : 4.001497,
        "4" : 5.144781,
        "10" : 7.749392,
        "20" : 8.836552,
        "50" : 17.656474,
        "100" : 12.359948,
        "250" : 14.812813,
        "500" : 12.759058,
        "750" : 5.512711,
        "1000" : 2.272019,
        "2000" : 0.000000,
        ">=2000" : 0.000000
      },
      "latency_depth" : 64,
      "latency_target" : 0,
      "latency_percentile" : 100.000000,
      "latency_window" : 0
    }
  ]
}
