{
  "fio version" : "fio-3.7",
  "timestamp" : 1589154390,
  "timestamp_ms" : 1589154390650,
  "time" : "Sun May 10 17:46:30 2020",
  "global options" : {
    "filename" : "/dev/sgt_vg_data_009/MACH2_data_009_2048k",
    "rw" : "randrw",
    "ioengine" : "libaio",
    "iodepth" : "1024",
    "numjobs" : "1",
    "direct" : "1",
    "runtime" : "120"
  },
  "jobs" : [
    {
      "jobname" : "randrw-256k",
      "groupid" : 0,
      "error" : 0,
      "eta" : 0,
      "elapsed" : 122,
      "job options" : {
        "name" : "randrw-256k",
        "bs" : "256k"
      },
      "read" : {
        "io_bytes" : 4476895232,
        "io_kbytes" : 4371968,
        "bw_bytes" : 36974382,
        "bw" : 36107,
        "iops" : 141.046077,
        "runtime" : 121081,
        "total_ios" : 17078,
        "short_ios" : 0,
        "drop_ios" : 0,
        "slat_ns" : {
          "min" : 15957,
          "max" : 312647405,
          "mean" : 3325497.076590,
          "stddev" : 20739483.621698
        },
        "clat_ns" : {
          "min" : 1221821860,
          "max" : 5802313424,
          "mean" : 3600367690.679944,
          "stddev" : 398364661.038961,
          "percentile" : {
            "1.000000" : 2365587456,
            "5.000000" : 3103784960,
            "10.000000" : 3170893824,
            "20.000000" : 3305111552,
            "30.000000" : 3405774848,
            "40.000000" : 3539992576,
            "50.000000" : 3607101440,
            "60.000000" : 3674210304,
            "70.000000" : 3774873600,
            "80.000000" : 3875536896,
            "90.000000" : 4043309056,
            "95.000000" : 4211081216,
            "99.000000" : 4664066048,
            "99.500000" : 4932501504,
            "99.900000" : 5402263552,
            "99.950000" : 5670699008,
            "99.990000" : 5804916736
          }
        },
        "lat_ns" : {
          "min" : 1221849101,
          "max" : 5802337739,
          "mean" : 3603693246.126180,
          "stddev" : 398626368.194106
        },
        "bw_min" : 512,
        "bw_max" : 59904,
        "bw_agg" : 99.411272,
        "bw_mean" : 35894.427966,
        "bw_dev" : 8069.479769,
        "bw_samples" : 236,
        "iops_min" : 2,
        "iops_max" : 234,
        "iops_mean" : 140.110169,
        "iops_stddev" : 31.520013,
        "iops_samples" : 236
      },
      "write" : {
        "io_bytes" : 4474273792,
        "io_kbytes" : 4369408,
        "bw_bytes" : 36952732,
        "bw" : 36086,
        "iops" : 140.963487,
        "runtime" : 121081,
        "total_ios" : 17068,
        "short_ios" : 0,
        "drop_ios" : 0,
        "slat_ns" : {
          "min" : 20704,
          "max" : 352917409,
          "mean" : 3706154.229084,
          "stddev" : 21806237.445546
        },
        "clat_ns" : {
          "min" : 972034358,
          "max" : 4989201553,
          "mean" : 3595876996.730196,
          "stddev" : 328551760.016134,
          "percentile" : {
            "1.000000" : 2365587456,
            "5.000000" : 3137339392,
            "10.000000" : 3238002688,
            "20.000000" : 3372220416,
            "30.000000" : 3506438144,
            "40.000000" : 3573547008,
            "50.000000" : 3640655872,
            "60.000000" : 3707764736,
            "70.000000" : 3741319168,
            "80.000000" : 3808428032,
            "90.000000" : 3909091328,
            "95.000000" : 3976200192,
            "99.000000" : 4328521728,
            "99.500000" : 4529848320,
            "99.900000" : 4731174912,
            "99.950000" : 4865392640,
            "99.990000" : 4999610368
          }
        },
        "lat_ns" : {
          "min" : 1221734273,
          "max" : 4989239679,
          "mean" : 3599583224.294352,
          "stddev" : 328979152.221827
        },
        "bw_min" : 13312,
        "bw_max" : 55185,
        "bw_agg" : 100.000000,
        "bw_mean" : 36096.927660,
        "bw_dev" : 6758.367344,
        "bw_samples" : 235,
        "iops_min" : 52,
        "iops_max" : 215,
        "iops_mean" : 140.902128,
        "iops_stddev" : 26.381063,
        "iops_samples" : 235
      },
      "trim" : {
        "io_bytes" : 0,
        "io_kbytes" : 0,
        "bw_bytes" : 0,
        "bw" : 0,
        "iops" : 0.000000,
        "runtime" : 0,
        "total_ios" : 0,
        "short_ios" : 0,
        "drop_ios" : 0,
        "slat_ns" : {
          "min" : 0,
          "max" : 0,
          "mean" : 0.000000,
          "stddev" : 0.000000
        },
        "clat_ns" : {
          "min" : 0,
          "max" : 0,
          "mean" : 0.000000,
          "stddev" : 0.000000,
          "percentile" : {
            "1.000000" : 0,
            "5.000000" : 0,
            "10.000000" : 0,
            "20.000000" : 0,
            "30.000000" : 0,
            "40.000000" : 0,
            "50.000000" : 0,
            "60.000000" : 0,
            "70.000000" : 0,
            "80.000000" : 0,
            "90.000000" : 0,
            "95.000000" : 0,
            "99.000000" : 0,
            "99.500000" : 0,
            "99.900000" : 0,
            "99.950000" : 0,
            "99.990000" : 0
          }
        },
        "lat_ns" : {
          "min" : 0,
          "max" : 0,
          "mean" : 0.000000,
          "stddev" : 0.000000
        },
        "bw_min" : 0,
        "bw_max" : 0,
        "bw_agg" : 0.000000,
        "bw_mean" : 0.000000,
        "bw_dev" : 0.000000,
        "bw_samples" : 0,
        "iops_min" : 0,
        "iops_max" : 0,
        "iops_mean" : 0.000000,
        "iops_stddev" : 0.000000,
        "iops_samples" : 0
      },
      "sync" : {
        "lat_ns" : {
          "min" : 0,
          "max" : 0,
          "mean" : 0.000000,
          "stddev" : 0.000000,
          "percentile" : {
            "1.000000" : 0,
            "5.000000" : 0,
            "10.000000" : 0,
            "20.000000" : 0,
            "30.000000" : 0,
            "40.000000" : 0,
            "50.000000" : 0,
            "60.000000" : 0,
            "70.000000" : 0,
            "80.000000" : 0,
            "90.000000" : 0,
            "95.000000" : 0,
            "99.000000" : 0,
            "99.500000" : 0,
            "99.900000" : 0,
            "99.950000" : 0,
            "99.990000" : 0
          }
        },
        "total_ios" : 0
      },
      "usr_cpu" : 0.237033,
      "sys_cpu" : 0.874628,
      "ctx" : 1262,
      "majf" : 0,
      "minf" : 851,
      "iodepth_level" : {
        "1" : 0.100000,
        "2" : 0.100000,
        "4" : 0.100000,
        "8" : 0.100000,
        "16" : 0.100000,
        "32" : 0.100000,
        ">=64" : 99.815498
      },
      "latency_ns" : {
        "2" : 0.000000,
        "4" : 0.000000,
        "10" : 0.000000,
        "20" : 0.000000,
        "50" : 0.000000,
        "100" : 0.000000,
        "250" : 0.000000,
        "500" : 0.000000,
        "750" : 0.000000,
        "1000" : 0.000000
      },
      "latency_us" : {
        "2" : 0.000000,
        "4" : 0.000000,
        "10" : 0.000000,
        "20" : 0.000000,
        "50" : 0.000000,
        "100" : 0.000000,
        "250" : 0.000000,
        "500" : 0.000000,
        "750" : 0.000000,
        "1000" : 0.000000
      },
      "latency_ms" : {
        "2" : 0.000000,
        "4" : 0.000000,
        "10" : 0.000000,
        "20" : 0.000000,
        "50" : 0.000000,
        "100" : 0.000000,
        "250" : 0.000000,
        "500" : 0.000000,
        "750" : 0.000000,
        "1000" : 0.010000,
        "2000" : 0.000000,
        ">=2000" : 0.000000
      },
      "latency_depth" : 1024,
      "latency_target" : 0,
      "latency_percentile" : 100.000000,
      "latency_window" : 0
    }
  ]
}
