{
  "fio version" : "fio-3.7",
  "timestamp" : 1589156445,
  "timestamp_ms" : 1589156445575,
  "time" : "Sun May 10 18:20:45 2020",
  "global options" : {
    "filename" : "/dev/sgt_vg_data_000/MACH2_data_000_4k",
    "rw" : "randrw",
    "ioengine" : "libaio",
    "iodepth" : "128",
    "numjobs" : "1",
    "direct" : "1",
    "runtime" : "120"
  },
  "jobs" : [
    {
      "jobname" : "randrw-1024k",
      "groupid" : 0,
      "error" : 0,
      "eta" : 0,
      "elapsed" : 122,
      "job options" : {
        "name" : "randrw-1024k",
        "bs" : "1024k"
      },
      "read" : {
        "io_bytes" : 7444889600,
        "io_kbytes" : 7270400,
        "bw_bytes" : 61579414,
        "bw" : 60136,
        "iops" : 58.726706,
        "runtime" : 120899,
        "total_ios" : 7100,
        "short_ios" : 0,
        "drop_ios" : 0,
        "slat_ns" : {
          "min" : 354438,
          "max" : 1238298,
          "mean" : 587556.014648,
          "stddev" : 173710.378111
        },
        "clat_ns" : {
          "min" : 55381070,
          "max" : 3016617429,
          "mean" : 1050725522.566057,
          "stddev" : 302564985.498788,
          "percentile" : {
            "1.000000" : 434110464,
            "5.000000" : 583008256,
            "10.000000" : 692060160,
            "20.000000" : 809500672,
            "30.000000" : 901775360,
            "40.000000" : 968884224,
            "50.000000" : 1027604480,
            "60.000000" : 1098907648,
            "70.000000" : 1166016512,
            "80.000000" : 1266679808,
            "90.000000" : 1417674752,
            "95.000000" : 1585446912,
            "99.000000" : 1920991232,
            "99.500000" : 2071986176,
            "99.900000" : 2533359616,
            "99.950000" : 2734686208,
            "99.990000" : 3003121664
          }
        },
        "lat_ns" : {
          "min" : 55912069,
          "max" : 3017026597,
          "mean" : 1051313462.825777,
          "stddev" : 302569304.176497
        },
        "bw_min" : 2043,
        "bw_max" : 108544,
        "bw_agg" : 99.669539,
        "bw_mean" : 59937.273859,
        "bw_dev" : 12190.175612,
        "bw_samples" : 241,
        "iops_min" : 1,
        "iops_max" : 106,
        "iops_mean" : 58.369295,
        "iops_stddev" : 11.936661,
        "iops_samples" : 241
      },
      "write" : {
        "io_bytes" : 7496269824,
        "io_kbytes" : 7320576,
        "bw_bytes" : 62004398,
        "bw" : 60551,
        "iops" : 59.132003,
        "runtime" : 120899,
        "total_ios" : 7149,
        "short_ios" : 0,
        "drop_ios" : 0,
        "slat_ns" : {
          "min" : 400132,
          "max" : 1413419,
          "mean" : 634598.692684,
          "stddev" : 165618.779116
        },
        "clat_ns" : {
          "min" : 50761093,
          "max" : 2734829798,
          "mean" : 1119248282.077493,
          "stddev" : 246756115.287361,
          "percentile" : {
            "1.000000" : 488636416,
            "5.000000" : 708837376,
            "10.000000" : 809500672,
            "20.000000" : 943718400,
            "30.000000" : 1027604480,
            "40.000000" : 1082130432,
            "50.000000" : 1132462080,
            "60.000000" : 1166016512,
            "70.000000" : 1216348160,
            "80.000000" : 1283457024,
            "90.000000" : 1384120320,
            "95.000000" : 1501560832,
            "99.000000" : 1803550720,
            "99.500000" : 2004877312,
            "99.900000" : 2332033024,
            "99.950000" : 2432696320,
            "99.990000" : 2734686208
          }
        },
        "lat_ns" : {
          "min" : 51220720,
          "max" : 2735332592,
          "mean" : 1119883253.795634,
          "stddev" : 246757753.592997
        },
        "bw_min" : 32768,
        "bw_max" : 110592,
        "bw_agg" : 99.540153,
        "bw_mean" : 60272.558333,
        "bw_dev" : 11163.750343,
        "bw_samples" : 240,
        "iops_min" : 32,
        "iops_max" : 108,
        "iops_mean" : 58.700000,
        "iops_stddev" : 10.894396,
        "iops_samples" : 240
      },
      "trim" : {
        "io_bytes" : 0,
        "io_kbytes" : 0,
        "bw_bytes" : 0,
        "bw" : 0,
        "iops" : 0.000000,
        "runtime" : 0,
        "total_ios" : 0,
        "short_ios" : 0,
        "drop_ios" : 0,
        "slat_ns" : {
          "min" : 0,
          "max" : 0,
          "mean" : 0.000000,
          "stddev" : 0.000000
        },
        "clat_ns" : {
          "min" : 0,
          "max" : 0,
          "mean" : 0.000000,
          "stddev" : 0.000000,
          "percentile" : {
            "1.000000" : 0,
            "5.000000" : 0,
            "10.000000" : 0,
            "20.000000" : 0,
            "30.000000" : 0,
            "40.000000" : 0,
            "50.000000" : 0,
            "60.000000" : 0,
            "70.000000" : 0,
            "80.000000" : 0,
            "90.000000" : 0,
            "95.000000" : 0,
            "99.000000" : 0,
            "99.500000" : 0,
            "99.900000" : 0,
            "99.950000" : 0,
            "99.990000" : 0
          }
        },
        "lat_ns" : {
          "min" : 0,
          "max" : 0,
          "mean" : 0.000000,
          "stddev" : 0.000000
        },
        "bw_min" : 0,
        "bw_max" : 0,
        "bw_agg" : 0.000000,
        "bw_mean" : 0.000000,
        "bw_dev" : 0.000000,
        "bw_samples" : 0,
        "iops_min" : 0,
        "iops_max" : 0,
        "iops_mean" : 0.000000,
        "iops_stddev" : 0.000000,
        "iops_samples" : 0
      },
      "sync" : {
        "lat_ns" : {
          "min" : 0,
          "max" : 0,
          "mean" : 0.000000,
          "stddev" : 0.000000,
          "percentile" : {
            "1.000000" : 0,
            "5.000000" : 0,
            "10.000000" : 0,
            "20.000000" : 0,
            "30.000000" : 0,
            "40.000000" : 0,
            "50.000000" : 0,
            "60.000000" : 0,
            "70.000000" : 0,
            "80.000000" : 0,
            "90.000000" : 0,
            "95.000000" : 0,
            "99.000000" : 0,
            "99.500000" : 0,
            "99.900000" : 0,
            "99.950000" : 0,
            "99.990000" : 0
          }
        },
        "total_ios" : 0
      },
      "usr_cpu" : 0.540952,
      "sys_cpu" : 6.982746,
      "ctx" : 13558,
      "majf" : 0,
      "minf" : 6101,
      "iodepth_level" : {
        "1" : 0.100000,
        "2" : 0.100000,
        "4" : 0.100000,
        "8" : 0.100000,
        "16" : 0.112289,
        "32" : 0.224577,
        ">=64" : 99.557864
      },
      "latency_ns" : {
        "2" : 0.000000,
        "4" : 0.000000,
        "10" : 0.000000,
        "20" : 0.000000,
        "50" : 0.000000,
        "100" : 0.000000,
        "250" : 0.000000,
        "500" : 0.000000,
        "750" : 0.000000,
        "1000" : 0.000000
      },
      "latency_us" : {
        "2" : 0.000000,
        "4" : 0.000000,
        "10" : 0.000000,
        "20" : 0.000000,
        "50" : 0.000000,
        "100" : 0.000000,
        "250" : 0.000000,
        "500" : 0.000000,
        "750" : 0.000000,
        "1000" : 0.000000
      },
      "latency_ms" : {
        "2" : 0.000000,
        "4" : 0.000000,
        "10" : 0.000000,
        "20" : 0.000000,
        "50" : 0.000000,
        "100" : 0.091234,
        "250" : 0.091234,
        "500" : 1.529932,
        "750" : 8.835708,
        "1000" : 24.696470,
        "2000" : 0.000000,
        ">=2000" : 0.000000
      },
      "latency_depth" : 128,
      "latency_target" : 0,
      "latency_percentile" : 100.000000,
      "latency_window" : 0
    }
  ]
}
