{
  "fio version" : "fio-3.7",
  "timestamp" : 1589155236,
  "timestamp_ms" : 1589155236306,
  "time" : "Sun May 10 18:00:36 2020",
  "global options" : {
    "filename" : "/dev/sgt_vg_data_001/MACH2_data_001_8k",
    "rw" : "randrw",
    "ioengine" : "libaio",
    "iodepth" : "128",
    "numjobs" : "1",
    "direct" : "1",
    "runtime" : "120"
  },
  "jobs" : [
    {
      "jobname" : "randrw-512k",
      "groupid" : 0,
      "error" : 0,
      "eta" : 0,
      "elapsed" : 121,
      "job options" : {
        "name" : "randrw-512k",
        "bs" : "512k"
      },
      "read" : {
        "io_bytes" : 4464836608,
        "io_kbytes" : 4360192,
        "bw_bytes" : 36963321,
        "bw" : 36096,
        "iops" : 70.501941,
        "runtime" : 120791,
        "total_ios" : 8516,
        "short_ios" : 0,
        "drop_ios" : 0,
        "slat_ns" : {
          "min" : 97532,
          "max" : 514826,
          "mean" : 267270.451268,
          "stddev" : 105076.275737
        },
        "clat_ns" : {
          "min" : 67600481,
          "max" : 2891237852,
          "mean" : 932666070.281824,
          "stddev" : 324943973.605138,
          "percentile" : {
            "1.000000" : 337641472,
            "5.000000" : 471859200,
            "10.000000" : 566231040,
            "20.000000" : 683671552,
            "30.000000" : 767557632,
            "40.000000" : 834666496,
            "50.000000" : 893386752,
            "60.000000" : 968884224,
            "70.000000" : 1044381696,
            "80.000000" : 1149239296,
            "90.000000" : 1317011456,
            "95.000000" : 1518338048,
            "99.000000" : 1971322880,
            "99.500000" : 2164260864,
            "99.900000" : 2667577344,
            "99.950000" : 2701131776,
            "99.990000" : 2902458368
          }
        },
        "lat_ns" : {
          "min" : 67711460,
          "max" : 2891395086,
          "mean" : 932933819.401360,
          "stddev" : 324946843.471690
        },
        "bw_min" : 20480,
        "bw_max" : 57344,
        "bw_agg" : 99.950306,
        "bw_mean" : 36078.062500,
        "bw_dev" : 6667.229710,
        "bw_samples" : 240,
        "iops_min" : 40,
        "iops_max" : 112,
        "iops_mean" : 70.404167,
        "iops_stddev" : 13.025529,
        "iops_samples" : 240
      },
      "write" : {
        "io_bytes" : 4476895232,
        "io_kbytes" : 4371968,
        "bw_bytes" : 37063152,
        "bw" : 36194,
        "iops" : 70.692353,
        "runtime" : 120791,
        "total_ios" : 8539,
        "short_ios" : 0,
        "drop_ios" : 0,
        "slat_ns" : {
          "min" : 111149,
          "max" : 668453,
          "mean" : 296896.062419,
          "stddev" : 108593.507753
        },
        "clat_ns" : {
          "min" : 15616528,
          "max" : 1955669912,
          "mean" : 879702956.212321,
          "stddev" : 169477661.154249,
          "percentile" : {
            "1.000000" : 392167424,
            "5.000000" : 591396864,
            "10.000000" : 683671552,
            "20.000000" : 784334848,
            "30.000000" : 826277888,
            "40.000000" : 859832320,
            "50.000000" : 884998144,
            "60.000000" : 910163968,
            "70.000000" : 935329792,
            "80.000000" : 977272832,
            "90.000000" : 1052770304,
            "95.000000" : 1149239296,
            "99.000000" : 1367343104,
            "99.500000" : 1434451968,
            "99.900000" : 1769996288,
            "99.950000" : 1803550720,
            "99.990000" : 1954545664
          }
        },
        "lat_ns" : {
          "min" : 15781238,
          "max" : 1956070536,
          "mean" : 880000334.420540,
          "stddev" : 169480375.504255
        },
        "bw_min" : 1024,
        "bw_max" : 56320,
        "bw_agg" : 99.430100,
        "bw_mean" : 35987.730290,
        "bw_dev" : 5927.545291,
        "bw_samples" : 241,
        "iops_min" : 2,
        "iops_max" : 110,
        "iops_mean" : 70.228216,
        "iops_stddev" : 11.572318,
        "iops_samples" : 241
      },
      "trim" : {
        "io_bytes" : 0,
        "io_kbytes" : 0,
        "bw_bytes" : 0,
        "bw" : 0,
        "iops" : 0.000000,
        "runtime" : 0,
        "total_ios" : 0,
        "short_ios" : 0,
        "drop_ios" : 0,
        "slat_ns" : {
          "min" : 0,
          "max" : 0,
          "mean" : 0.000000,
          "stddev" : 0.000000
        },
        "clat_ns" : {
          "min" : 0,
          "max" : 0,
          "mean" : 0.000000,
          "stddev" : 0.000000,
          "percentile" : {
            "1.000000" : 0,
            "5.000000" : 0,
            "10.000000" : 0,
            "20.000000" : 0,
            "30.000000" : 0,
            "40.000000" : 0,
            "50.000000" : 0,
            "60.000000" : 0,
            "70.000000" : 0,
            "80.000000" : 0,
            "90.000000" : 0,
            "95.000000" : 0,
            "99.000000" : 0,
            "99.500000" : 0,
            "99.900000" : 0,
            "99.950000" : 0,
            "99.990000" : 0
          }
        },
        "lat_ns" : {
          "min" : 0,
          "max" : 0,
          "mean" : 0.000000,
          "stddev" : 0.000000
        },
        "bw_min" : 0,
        "bw_max" : 0,
        "bw_agg" : 0.000000,
        "bw_mean" : 0.000000,
        "bw_dev" : 0.000000,
        "bw_samples" : 0,
        "iops_min" : 0,
        "iops_max" : 0,
        "iops_mean" : 0.000000,
        "iops_stddev" : 0.000000,
        "iops_samples" : 0
      },
      "sync" : {
        "lat_ns" : {
          "min" : 0,
          "max" : 0,
          "mean" : 0.000000,
          "stddev" : 0.000000,
          "percentile" : {
            "1.000000" : 0,
            "5.000000" : 0,
            "10.000000" : 0,
            "20.000000" : 0,
            "30.000000" : 0,
            "40.000000" : 0,
            "50.000000" : 0,
            "60.000000" : 0,
            "70.000000" : 0,
            "80.000000" : 0,
            "90.000000" : 0,
            "95.000000" : 0,
            "99.000000" : 0,
            "99.500000" : 0,
            "99.900000" : 0,
            "99.950000" : 0,
            "99.990000" : 0
          }
        },
        "total_ios" : 0
      },
      "usr_cpu" : 0.360129,
      "sys_cpu" : 4.040897,
      "ctx" : 16587,
      "majf" : 0,
      "minf" : 1804,
      "iodepth_level" : {
        "1" : 0.100000,
        "2" : 0.100000,
        "4" : 0.100000,
        "8" : 0.100000,
        "16" : 0.100000,
        "32" : 0.187628,
        ">=64" : 99.630607
      },
      "latency_ns" : {
        "2" : 0.000000,
        "4" : 0.000000,
        "10" : 0.000000,
        "20" : 0.000000,
        "50" : 0.000000,
        "100" : 0.000000,
        "250" : 0.000000,
        "500" : 0.000000,
        "750" : 0.000000,
        "1000" : 0.000000
      },
      "latency_us" : {
        "2" : 0.000000,
        "4" : 0.000000,
        "10" : 0.000000,
        "20" : 0.000000,
        "50" : 0.000000,
        "100" : 0.000000,
        "250" : 0.000000,
        "500" : 0.000000,
        "750" : 0.000000,
        "1000" : 0.000000
      },
      "latency_ms" : {
        "2" : 0.000000,
        "4" : 0.000000,
        "10" : 0.000000,
        "20" : 0.087951,
        "50" : 0.000000,
        "100" : 0.029317,
        "250" : 0.158311,
        "500" : 4.286133,
        "750" : 16.716505,
        "1000" : 53.145705,
        "2000" : 0.000000,
        ">=2000" : 0.000000
      },
      "latency_depth" : 128,
      "latency_target" : 0,
      "latency_percentile" : 100.000000,
      "latency_window" : 0
    }
  ]
}
