{
  "fio version" : "fio-3.7",
  "timestamp" : 1589156086,
  "timestamp_ms" : 1589156086026,
  "time" : "Sun May 10 18:14:46 2020",
  "global options" : {
    "filename" : "/dev/sgt_vg_data_009/MACH2_data_009_2048k",
    "rw" : "randrw",
    "ioengine" : "libaio",
    "iodepth" : "16",
    "numjobs" : "1",
    "direct" : "1",
    "runtime" : "120"
  },
  "jobs" : [
    {
      "jobname" : "randrw-1024k",
      "groupid" : 0,
      "error" : 0,
      "eta" : 0,
      "elapsed" : 121,
      "job options" : {
        "name" : "randrw-1024k",
        "bs" : "1024k"
      },
      "read" : {
        "io_bytes" : 9550430208,
        "io_kbytes" : 9326592,
        "bw_bytes" : 79498145,
        "bw" : 77634,
        "iops" : 75.815340,
        "runtime" : 120134,
        "total_ios" : 9108,
        "short_ios" : 0,
        "drop_ios" : 0,
        "slat_ns" : {
          "min" : 50790,
          "max" : 796048,
          "mean" : 212881.694884,
          "stddev" : 96494.464366
        },
        "clat_ns" : {
          "min" : 7084118,
          "max" : 1220691274,
          "mean" : 107702579.687637,
          "stddev" : 106005774.397133,
          "percentile" : {
            "1.000000" : 13434880,
            "5.000000" : 19529728,
            "10.000000" : 23986176,
            "20.000000" : 32112640,
            "30.000000" : 42205184,
            "40.000000" : 55312384,
            "50.000000" : 71827456,
            "60.000000" : 93847552,
            "70.000000" : 123207680,
            "80.000000" : 164626432,
            "90.000000" : 235929600,
            "95.000000" : 308281344,
            "99.000000" : 509607936,
            "99.500000" : 641728512,
            "99.900000" : 884998144,
            "99.950000" : 1052770304,
            "99.990000" : 1216348160
          }
        },
        "lat_ns" : {
          "min" : 7163038,
          "max" : 1220959912,
          "mean" : 107915894.320707,
          "stddev" : 106006422.994527
        },
        "bw_min" : 49152,
        "bw_max" : 106496,
        "bw_agg" : 99.995932,
        "bw_mean" : 77630.841667,
        "bw_dev" : 9788.873721,
        "bw_samples" : 240,
        "iops_min" : 48,
        "iops_max" : 104,
        "iops_mean" : 75.733333,
        "iops_stddev" : 9.577898,
        "iops_samples" : 240
      },
      "write" : {
        "io_bytes" : 9560915968,
        "io_kbytes" : 9336832,
        "bw_bytes" : 79585429,
        "bw" : 77720,
        "iops" : 75.898580,
        "runtime" : 120134,
        "total_ios" : 9118,
        "short_ios" : 0,
        "drop_ios" : 0,
        "slat_ns" : {
          "min" : 68987,
          "max" : 692244,
          "mean" : 270993.430138,
          "stddev" : 105197.921638
        },
        "clat_ns" : {
          "min" : 1267907,
          "max" : 552019893,
          "mean" : 102711128.280873,
          "stddev" : 73003902.119695,
          "percentile" : {
            "1.000000" : 1794048,
            "5.000000" : 12648448,
            "10.000000" : 25296896,
            "20.000000" : 39059456,
            "30.000000" : 53739520,
            "40.000000" : 69730304,
            "50.000000" : 88604672,
            "60.000000" : 109576192,
            "70.000000" : 130547712,
            "80.000000" : 156237824,
            "90.000000" : 200278016,
            "95.000000" : 242221056,
            "99.000000" : 333447168,
            "99.500000" : 367001600,
            "99.900000" : 429916160,
            "99.950000" : 446693376,
            "99.990000" : 549453824
          }
        },
        "lat_ns" : {
          "min" : 1468323,
          "max" : 552292984,
          "mean" : 102982570.215946,
          "stddev" : 73005529.022298
        },
        "bw_min" : 55296,
        "bw_max" : 108544,
        "bw_agg" : 100.000000,
        "bw_mean" : 77732.862500,
        "bw_dev" : 9693.896837,
        "bw_samples" : 240,
        "iops_min" : 54,
        "iops_max" : 106,
        "iops_mean" : 75.833333,
        "iops_stddev" : 9.469469,
        "iops_samples" : 240
      },
      "trim" : {
        "io_bytes" : 0,
        "io_kbytes" : 0,
        "bw_bytes" : 0,
        "bw" : 0,
        "iops" : 0.000000,
        "runtime" : 0,
        "total_ios" : 0,
        "short_ios" : 0,
        "drop_ios" : 0,
        "slat_ns" : {
          "min" : 0,
          "max" : 0,
          "mean" : 0.000000,
          "stddev" : 0.000000
        },
        "clat_ns" : {
          "min" : 0,
          "max" : 0,
          "mean" : 0.000000,
          "stddev" : 0.000000,
          "percentile" : {
            "1.000000" : 0,
            "5.000000" : 0,
            "10.000000" : 0,
            "20.000000" : 0,
            "30.000000" : 0,
            "40.000000" : 0,
            "50.000000" : 0,
            "60.000000" : 0,
            "70.000000" : 0,
            "80.000000" : 0,
            "90.000000" : 0,
            "95.000000" : 0,
            "99.000000" : 0,
            "99.500000" : 0,
            "99.900000" : 0,
            "99.950000" : 0,
            "99.990000" : 0
          }
        },
        "lat_ns" : {
          "min" : 0,
          "max" : 0,
          "mean" : 0.000000,
          "stddev" : 0.000000
        },
        "bw_min" : 0,
        "bw_max" : 0,
        "bw_agg" : 0.000000,
        "bw_mean" : 0.000000,
        "bw_dev" : 0.000000,
        "bw_samples" : 0,
        "iops_min" : 0,
        "iops_max" : 0,
        "iops_mean" : 0.000000,
        "iops_stddev" : 0.000000,
        "iops_samples" : 0
      },
      "sync" : {
        "lat_ns" : {
          "min" : 0,
          "max" : 0,
          "mean" : 0.000000,
          "stddev" : 0.000000,
          "percentile" : {
            "1.000000" : 0,
            "5.000000" : 0,
            "10.000000" : 0,
            "20.000000" : 0,
            "30.000000" : 0,
            "40.000000" : 0,
            "50.000000" : 0,
            "60.000000" : 0,
            "70.000000" : 0,
            "80.000000" : 0,
            "90.000000" : 0,
            "95.000000" : 0,
            "99.000000" : 0,
            "99.500000" : 0,
            "99.900000" : 0,
            "99.950000" : 0,
            "99.990000" : 0
          }
        },
        "total_ios" : 0
      },
      "usr_cpu" : 0.695063,
      "sys_cpu" : 3.402063,
      "ctx" : 17603,
      "majf" : 0,
      "minf" : 1925,
      "iodepth_level" : {
        "1" : 0.100000,
        "2" : 0.100000,
        "4" : 0.100000,
        "8" : 0.100000,
        "16" : 99.917700,
        "32" : 0.000000,
        ">=64" : 0.000000
      },
      "latency_ns" : {
        "2" : 0.000000,
        "4" : 0.000000,
        "10" : 0.000000,
        "20" : 0.000000,
        "50" : 0.000000,
        "100" : 0.000000,
        "250" : 0.000000,
        "500" : 0.000000,
        "750" : 0.000000,
        "1000" : 0.000000
      },
      "latency_us" : {
        "2" : 0.000000,
        "4" : 0.000000,
        "10" : 0.000000,
        "20" : 0.000000,
        "50" : 0.000000,
        "100" : 0.000000,
        "250" : 0.000000,
        "500" : 0.000000,
        "750" : 0.000000,
        "1000" : 0.000000
      },
      "latency_ms" : {
        "2" : 0.861407,
        "4" : 0.916273,
        "10" : 0.559640,
        "20" : 3.835181,
        "50" : 25.759903,
        "100" : 26.906617,
        "250" : 34.626358,
        "500" : 5.991441,
        "750" : 0.438933,
        "1000" : 0.065840,
        "2000" : 0.000000,
        ">=2000" : 0.000000
      },
      "latency_depth" : 16,
      "latency_target" : 0,
      "latency_percentile" : 100.000000,
      "latency_window" : 0
    }
  ]
}
