{
  "fio version" : "fio-3.7",
  "timestamp" : 1588665463,
  "timestamp_ms" : 1588665463247,
  "time" : "Tue May  5 01:57:43 2020",
  "global options" : {
    "filename" : "/dev/disk/by-id/dm-name-sgt_vg_data_004-sgt_lv_data_004",
    "rw" : "randrw",
    "ioengine" : "libaio",
    "iodepth" : "1024",
    "numjobs" : "1",
    "direct" : "1",
    "runtime" : "120"
  },
  "jobs" : [
    {
      "jobname" : "randrw-128k",
      "groupid" : 0,
      "error" : 0,
      "eta" : 0,
      "elapsed" : 122,
      "job options" : {
        "name" : "randrw-128k",
        "bs" : "128k"
      },
      "read" : {
        "io_bytes" : 1213071360,
        "io_kbytes" : 1184640,
        "bw_bytes" : 10031766,
        "bw" : 9796,
        "iops" : 76.536308,
        "runtime" : 120923,
        "total_ios" : 9255,
        "short_ios" : 0,
        "drop_ios" : 0,
        "slat_ns" : {
          "min" : 63592,
          "max" : 146928017,
          "mean" : 6403914.563047,
          "stddev" : 24947748.447507
        },
        "clat_ns" : {
          "min" : 898873915,
          "max" : 9180945628,
          "mean" : 6436965789.788987,
          "stddev" : 849310629.553640,
          "percentile" : {
            "1.000000" : 1988100096,
            "5.000000" : 5737807872,
            "10.000000" : 5939134464,
            "20.000000" : 6140461056,
            "30.000000" : 6274678784,
            "40.000000" : 6408896512,
            "50.000000" : 6543114240,
            "60.000000" : 6677331968,
            "70.000000" : 6811549696,
            "80.000000" : 7012876288,
            "90.000000" : 7147094016,
            "95.000000" : 7281311744,
            "99.000000" : 7549747200,
            "99.500000" : 7616856064,
            "99.900000" : 7952400384,
            "99.950000" : 8086618112,
            "99.990000" : 9193914368
          }
        },
        "lat_ns" : {
          "min" : 982292390,
          "max" : 9267550176,
          "mean" : 6443370005.274112,
          "stddev" : 849672121.231266
        },
        "bw_min" : 256,
        "bw_max" : 14562,
        "bw_agg" : 99.904203,
        "bw_mean" : 9786.615721,
        "bw_dev" : 1865.432270,
        "bw_samples" : 229,
        "iops_min" : 2,
        "iops_max" : 113,
        "iops_mean" : 76.288210,
        "iops_stddev" : 14.590158,
        "iops_samples" : 229
      },
      "write" : {
        "io_bytes" : 1213333504,
        "io_kbytes" : 1184896,
        "bw_bytes" : 10033934,
        "bw" : 9798,
        "iops" : 76.552848,
        "runtime" : 120923,
        "total_ios" : 9257,
        "short_ios" : 0,
        "drop_ios" : 0,
        "slat_ns" : {
          "min" : 68555,
          "max" : 146344958,
          "mean" : 6555097.264989,
          "stddev" : 25189756.407224
        },
        "clat_ns" : {
          "min" : 982295359,
          "max" : 9180357542,
          "mean" : 6649326449.663800,
          "stddev" : 923250116.651210,
          "percentile" : {
            "1.000000" : 1988100096,
            "5.000000" : 5804916736,
            "10.000000" : 6073352192,
            "20.000000" : 6274678784,
            "30.000000" : 6476005376,
            "40.000000" : 6610223104,
            "50.000000" : 6744440832,
            "60.000000" : 6878658560,
            "70.000000" : 7079985152,
            "80.000000" : 7214202880,
            "90.000000" : 7415529472,
            "95.000000" : 7616856064,
            "99.000000" : 8220835840,
            "99.500000" : 8556380160,
            "99.900000" : 8791261184,
            "99.950000" : 9059696640,
            "99.990000" : 9193914368
          }
        },
        "lat_ns" : {
          "min" : 982407778,
          "max" : 9180467091,
          "mean" : 6655881822.925463,
          "stddev" : 923221976.707457
        },
        "bw_min" : 3072,
        "bw_max" : 14080,
        "bw_agg" : 100.000000,
        "bw_mean" : 9799.228070,
        "bw_dev" : 1842.991002,
        "bw_samples" : 228,
        "iops_min" : 24,
        "iops_max" : 110,
        "iops_mean" : 76.385965,
        "iops_stddev" : 14.418545,
        "iops_samples" : 228
      },
      "trim" : {
        "io_bytes" : 0,
        "io_kbytes" : 0,
        "bw_bytes" : 0,
        "bw" : 0,
        "iops" : 0.000000,
        "runtime" : 0,
        "total_ios" : 0,
        "short_ios" : 0,
        "drop_ios" : 0,
        "slat_ns" : {
          "min" : 0,
          "max" : 0,
          "mean" : 0.000000,
          "stddev" : 0.000000
        },
        "clat_ns" : {
          "min" : 0,
          "max" : 0,
          "mean" : 0.000000,
          "stddev" : 0.000000,
          "percentile" : {
            "1.000000" : 0,
            "5.000000" : 0,
            "10.000000" : 0,
            "20.000000" : 0,
            "30.000000" : 0,
            "40.000000" : 0,
            "50.000000" : 0,
            "60.000000" : 0,
            "70.000000" : 0,
            "80.000000" : 0,
            "90.000000" : 0,
            "95.000000" : 0,
            "99.000000" : 0,
            "99.500000" : 0,
            "99.900000" : 0,
            "99.950000" : 0,
            "99.990000" : 0
          }
        },
        "lat_ns" : {
          "min" : 0,
          "max" : 0,
          "mean" : 0.000000,
          "stddev" : 0.000000
        },
        "bw_min" : 0,
        "bw_max" : 0,
        "bw_agg" : 0.000000,
        "bw_mean" : 0.000000,
        "bw_dev" : 0.000000,
        "bw_samples" : 0,
        "iops_min" : 0,
        "iops_max" : 0,
        "iops_mean" : 0.000000,
        "iops_stddev" : 0.000000,
        "iops_samples" : 0
      },
      "sync" : {
        "lat_ns" : {
          "min" : 0,
          "max" : 0,
          "mean" : 0.000000,
          "stddev" : 0.000000,
          "percentile" : {
            "1.000000" : 0,
            "5.000000" : 0,
            "10.000000" : 0,
            "20.000000" : 0,
            "30.000000" : 0,
            "40.000000" : 0,
            "50.000000" : 0,
            "60.000000" : 0,
            "70.000000" : 0,
            "80.000000" : 0,
            "90.000000" : 0,
            "95.000000" : 0,
            "99.000000" : 0,
            "99.500000" : 0,
            "99.900000" : 0,
            "99.950000" : 0,
            "99.990000" : 0
          }
        },
        "total_ios" : 0
      },
      "usr_cpu" : 0.137279,
      "sys_cpu" : 1.487736,
      "ctx" : 1306,
      "majf" : 0,
      "minf" : 1463,
      "iodepth_level" : {
        "1" : 0.100000,
        "2" : 0.100000,
        "4" : 0.100000,
        "8" : 0.100000,
        "16" : 0.100000,
        "32" : 0.172861,
        ">=64" : 99.659680
      },
      "latency_ns" : {
        "2" : 0.000000,
        "4" : 0.000000,
        "10" : 0.000000,
        "20" : 0.000000,
        "50" : 0.000000,
        "100" : 0.000000,
        "250" : 0.000000,
        "500" : 0.000000,
        "750" : 0.000000,
        "1000" : 0.000000
      },
      "latency_us" : {
        "2" : 0.000000,
        "4" : 0.000000,
        "10" : 0.000000,
        "20" : 0.000000,
        "50" : 0.000000,
        "100" : 0.000000,
        "250" : 0.000000,
        "500" : 0.000000,
        "750" : 0.000000,
        "1000" : 0.000000
      },
      "latency_ms" : {
        "2" : 0.000000,
        "4" : 0.000000,
        "10" : 0.000000,
        "20" : 0.000000,
        "50" : 0.000000,
        "100" : 0.000000,
        "250" : 0.000000,
        "500" : 0.000000,
        "750" : 0.000000,
        "1000" : 0.091832,
        "2000" : 0.000000,
        ">=2000" : 0.000000
      },
      "latency_depth" : 1024,
      "latency_target" : 0,
      "latency_percentile" : 100.000000,
      "latency_window" : 0
    }
  ]
}
