{
  "fio version" : "fio-3.7",
  "timestamp" : 1588660482,
  "timestamp_ms" : 1588660482594,
  "time" : "Tue May  5 00:34:42 2020",
  "global options" : {
    "filename" : "/dev/disk/by-id/dm-name-sgt_vg_data_004-sgt_lv_data_004",
    "rw" : "randrw",
    "ioengine" : "libaio",
    "iodepth" : "512",
    "numjobs" : "1",
    "direct" : "1",
    "runtime" : "120"
  },
  "jobs" : [
    {
      "jobname" : "randrw-4k",
      "groupid" : 0,
      "error" : 0,
      "eta" : 0,
      "elapsed" : 122,
      "job options" : {
        "name" : "randrw-4k",
        "bs" : "4k"
      },
      "read" : {
        "io_bytes" : 80310272,
        "io_kbytes" : 78428,
        "bw_bytes" : 663540,
        "bw" : 647,
        "iops" : 161.997141,
        "runtime" : 121033,
        "total_ios" : 19607,
        "short_ios" : 0,
        "drop_ios" : 0,
        "slat_ns" : {
          "min" : 5697,
          "max" : 314638693,
          "mean" : 3043549.482940,
          "stddev" : 18627603.286644
        },
        "clat_ns" : {
          "min" : 836150494,
          "max" : 3389874741,
          "mean" : 1504292009.755759,
          "stddev" : 252978733.431722,
          "percentile" : {
            "1.000000" : 1027604480,
            "5.000000" : 1115684864,
            "10.000000" : 1182793728,
            "20.000000" : 1283457024,
            "30.000000" : 1367343104,
            "40.000000" : 1434451968,
            "50.000000" : 1501560832,
            "60.000000" : 1568669696,
            "70.000000" : 1635778560,
            "80.000000" : 1702887424,
            "90.000000" : 1803550720,
            "95.000000" : 1904214016,
            "99.000000" : 2231369728,
            "99.500000" : 2432696320,
            "99.900000" : 2801795072,
            "99.950000" : 2902458368,
            "99.990000" : 3238002688
          }
        },
        "lat_ns" : {
          "min" : 854464899,
          "max" : 3389882799,
          "mean" : 1507335756.110062,
          "stddev" : 253115013.675667
        },
        "bw_min" : 8,
        "bw_max" : 1000,
        "bw_agg" : 99.723081,
        "bw_mean" : 645.208333,
        "bw_dev" : 131.664236,
        "bw_samples" : 240,
        "iops_min" : 2,
        "iops_max" : 250,
        "iops_mean" : 161.229167,
        "iops_stddev" : 32.928628,
        "iops_samples" : 240
      },
      "write" : {
        "io_bytes" : 80404480,
        "io_kbytes" : 78520,
        "bw_bytes" : 664318,
        "bw" : 648,
        "iops" : 162.187172,
        "runtime" : 121033,
        "total_ios" : 19630,
        "short_ios" : 0,
        "drop_ios" : 0,
        "slat_ns" : {
          "min" : 5607,
          "max" : 248118607,
          "mean" : 3064442.879674,
          "stddev" : 18580391.562997
        },
        "clat_ns" : {
          "min" : 854438172,
          "max" : 3786476922,
          "mean" : 1640630351.304993,
          "stddev" : 342684328.807118,
          "percentile" : {
            "1.000000" : 1061158912,
            "5.000000" : 1166016512,
            "10.000000" : 1249902592,
            "20.000000" : 1367343104,
            "30.000000" : 1451229184,
            "40.000000" : 1535115264,
            "50.000000" : 1602224128,
            "60.000000" : 1686110208,
            "70.000000" : 1753219072,
            "80.000000" : 1853882368,
            "90.000000" : 2038431744,
            "95.000000" : 2264924160,
            "99.000000" : 2768240640,
            "99.500000" : 3036676096,
            "99.900000" : 3573547008,
            "99.950000" : 3640655872,
            "99.990000" : 3774873600
          }
        },
        "lat_ns" : {
          "min" : 854447758,
          "max" : 3851454544,
          "mean" : 1643694986.815338,
          "stddev" : 342847549.951506
        },
        "bw_min" : 16,
        "bw_max" : 1008,
        "bw_agg" : 99.974818,
        "bw_mean" : 647.836820,
        "bw_dev" : 131.720940,
        "bw_samples" : 239,
        "iops_min" : 4,
        "iops_max" : 252,
        "iops_mean" : 161.887029,
        "iops_stddev" : 32.939845,
        "iops_samples" : 239
      },
      "trim" : {
        "io_bytes" : 0,
        "io_kbytes" : 0,
        "bw_bytes" : 0,
        "bw" : 0,
        "iops" : 0.000000,
        "runtime" : 0,
        "total_ios" : 0,
        "short_ios" : 0,
        "drop_ios" : 0,
        "slat_ns" : {
          "min" : 0,
          "max" : 0,
          "mean" : 0.000000,
          "stddev" : 0.000000
        },
        "clat_ns" : {
          "min" : 0,
          "max" : 0,
          "mean" : 0.000000,
          "stddev" : 0.000000,
          "percentile" : {
            "1.000000" : 0,
            "5.000000" : 0,
            "10.000000" : 0,
            "20.000000" : 0,
            "30.000000" : 0,
            "40.000000" : 0,
            "50.000000" : 0,
            "60.000000" : 0,
            "70.000000" : 0,
            "80.000000" : 0,
            "90.000000" : 0,
            "95.000000" : 0,
            "99.000000" : 0,
            "99.500000" : 0,
            "99.900000" : 0,
            "99.950000" : 0,
            "99.990000" : 0
          }
        },
        "lat_ns" : {
          "min" : 0,
          "max" : 0,
          "mean" : 0.000000,
          "stddev" : 0.000000
        },
        "bw_min" : 0,
        "bw_max" : 0,
        "bw_agg" : 0.000000,
        "bw_mean" : 0.000000,
        "bw_dev" : 0.000000,
        "bw_samples" : 0,
        "iops_min" : 0,
        "iops_max" : 0,
        "iops_mean" : 0.000000,
        "iops_stddev" : 0.000000,
        "iops_samples" : 0
      },
      "sync" : {
        "lat_ns" : {
          "min" : 0,
          "max" : 0,
          "mean" : 0.000000,
          "stddev" : 0.000000,
          "percentile" : {
            "1.000000" : 0,
            "5.000000" : 0,
            "10.000000" : 0,
            "20.000000" : 0,
            "30.000000" : 0,
            "40.000000" : 0,
            "50.000000" : 0,
            "60.000000" : 0,
            "70.000000" : 0,
            "80.000000" : 0,
            "90.000000" : 0,
            "95.000000" : 0,
            "99.000000" : 0,
            "99.500000" : 0,
            "99.900000" : 0,
            "99.950000" : 0,
            "99.990000" : 0
          }
        },
        "total_ios" : 0
      },
      "usr_cpu" : 0.166072,
      "sys_cpu" : 0.314793,
      "ctx" : 1458,
      "majf" : 0,
      "minf" : 30,
      "iodepth_level" : {
        "1" : 0.100000,
        "2" : 0.100000,
        "4" : 0.100000,
        "8" : 0.100000,
        "16" : 0.100000,
        "32" : 0.100000,
        ">=64" : 99.839437
      },
      "latency_ns" : {
        "2" : 0.000000,
        "4" : 0.000000,
        "10" : 0.000000,
        "20" : 0.000000,
        "50" : 0.000000,
        "100" : 0.000000,
        "250" : 0.000000,
        "500" : 0.000000,
        "750" : 0.000000,
        "1000" : 0.000000
      },
      "latency_us" : {
        "2" : 0.000000,
        "4" : 0.000000,
        "10" : 0.000000,
        "20" : 0.000000,
        "50" : 0.000000,
        "100" : 0.000000,
        "250" : 0.000000,
        "500" : 0.000000,
        "750" : 0.000000,
        "1000" : 0.000000
      },
      "latency_ms" : {
        "2" : 0.000000,
        "4" : 0.000000,
        "10" : 0.000000,
        "20" : 0.000000,
        "50" : 0.000000,
        "100" : 0.000000,
        "250" : 0.000000,
        "500" : 0.000000,
        "750" : 0.000000,
        "1000" : 0.517369,
        "2000" : 0.000000,
        ">=2000" : 0.000000
      },
      "latency_depth" : 512,
      "latency_target" : 0,
      "latency_percentile" : 100.000000,
      "latency_window" : 0
    }
  ]
}
