{
  "fio version" : "fio-3.7",
  "timestamp" : 1589419336,
  "timestamp_ms" : 1589419336011,
  "time" : "Wed May 13 19:22:16 2020",
  "global options" : {
    "filename" : "/dev/sgt_vg_data_000/EVANS_data_000",
    "rw" : "randrw",
    "ioengine" : "libaio",
    "iodepth" : "256",
    "numjobs" : "1",
    "direct" : "1",
    "random_generator" : "tausworthe64",
    "runtime" : "120"
  },
  "jobs" : [
    {
      "jobname" : "randrw-4096k",
      "groupid" : 0,
      "error" : 0,
      "eta" : 0,
      "elapsed" : 122,
      "job options" : {
        "name" : "randrw-4096k",
        "bs" : "4096k"
      },
      "read" : {
        "io_bytes" : 8438939648,
        "io_kbytes" : 8241152,
        "bw_bytes" : 69970562,
        "bw" : 68330,
        "iops" : 16.682282,
        "runtime" : 120607,
        "total_ios" : 2012,
        "short_ios" : 0,
        "drop_ios" : 0,
        "slat_ns" : {
          "min" : 308295,
          "max" : 170066767,
          "mean" : 28213605.746024,
          "stddev" : 50047711.602435
        },
        "clat_ns" : {
          "min" : 565341815,
          "max" : 8720860500,
          "mean" : 7201630589.070582,
          "stddev" : 936520795.556359,
          "percentile" : {
            "1.000000" : 1837105152,
            "5.000000" : 6610223104,
            "10.000000" : 6945767424,
            "20.000000" : 7079985152,
            "30.000000" : 7214202880,
            "40.000000" : 7281311744,
            "50.000000" : 7348420608,
            "60.000000" : 7415529472,
            "70.000000" : 7482638336,
            "80.000000" : 7616856064,
            "90.000000" : 7751073792,
            "95.000000" : 7885291520,
            "99.000000" : 8287944704,
            "99.500000" : 8355053568,
            "99.900000" : 8657043456,
            "99.950000" : 8657043456,
            "99.990000" : 8657043456
          }
        },
        "lat_ns" : {
          "min" : 704208895,
          "max" : 8830861815,
          "mean" : 7229844417.015903,
          "stddev" : 935371338.300208
        },
        "bw_min" : 8192,
        "bw_max" : 122880,
        "bw_agg" : 100.000000,
        "bw_mean" : 68443.237885,
        "bw_dev" : 18712.425582,
        "bw_samples" : 227,
        "iops_min" : 2,
        "iops_max" : 30,
        "iops_mean" : 16.603524,
        "iops_stddev" : 4.559497,
        "iops_samples" : 227
      },
      "write" : {
        "io_bytes" : 8912896000,
        "io_kbytes" : 8704000,
        "bw_bytes" : 73900320,
        "bw" : 72168,
        "iops" : 17.619209,
        "runtime" : 120607,
        "total_ios" : 2125,
        "short_ios" : 0,
        "drop_ios" : 0,
        "slat_ns" : {
          "min" : 395621,
          "max" : 206090009,
          "mean" : 29770077.097412,
          "stddev" : 50959597.744752
        },
        "clat_ns" : {
          "min" : 704543645,
          "max" : 9520067316,
          "mean" : 7257398536.494587,
          "stddev" : 1016494521.013093,
          "percentile" : {
            "1.000000" : 1837105152,
            "5.000000" : 6408896512,
            "10.000000" : 6945767424,
            "20.000000" : 7079985152,
            "30.000000" : 7214202880,
            "40.000000" : 7281311744,
            "50.000000" : 7415529472,
            "60.000000" : 7482638336,
            "70.000000" : 7616856064,
            "80.000000" : 7683964928,
            "90.000000" : 7885291520,
            "95.000000" : 8086618112,
            "99.000000" : 8556380160,
            "99.500000" : 8657043456,
            "99.900000" : 9328132096,
            "99.950000" : 9462349824,
            "99.990000" : 9462349824
          }
        },
        "lat_ns" : {
          "min" : 705012317,
          "max" : 9520646329,
          "mean" : 7287168840.981172,
          "stddev" : 1017527058.355538
        },
        "bw_min" : 16384,
        "bw_max" : 114688,
        "bw_agg" : 99.679558,
        "bw_mean" : 71936.743363,
        "bw_dev" : 18919.227630,
        "bw_samples" : 226,
        "iops_min" : 4,
        "iops_max" : 28,
        "iops_mean" : 17.455752,
        "iops_stddev" : 4.652386,
        "iops_samples" : 226
      },
      "trim" : {
        "io_bytes" : 0,
        "io_kbytes" : 0,
        "bw_bytes" : 0,
        "bw" : 0,
        "iops" : 0.000000,
        "runtime" : 0,
        "total_ios" : 0,
        "short_ios" : 0,
        "drop_ios" : 0,
        "slat_ns" : {
          "min" : 0,
          "max" : 0,
          "mean" : 0.000000,
          "stddev" : 0.000000
        },
        "clat_ns" : {
          "min" : 0,
          "max" : 0,
          "mean" : 0.000000,
          "stddev" : 0.000000,
          "percentile" : {
            "1.000000" : 0,
            "5.000000" : 0,
            "10.000000" : 0,
            "20.000000" : 0,
            "30.000000" : 0,
            "40.000000" : 0,
            "50.000000" : 0,
            "60.000000" : 0,
            "70.000000" : 0,
            "80.000000" : 0,
            "90.000000" : 0,
            "95.000000" : 0,
            "99.000000" : 0,
            "99.500000" : 0,
            "99.900000" : 0,
            "99.950000" : 0,
            "99.990000" : 0
          }
        },
        "lat_ns" : {
          "min" : 0,
          "max" : 0,
          "mean" : 0.000000,
          "stddev" : 0.000000
        },
        "bw_min" : 0,
        "bw_max" : 0,
        "bw_agg" : 0.000000,
        "bw_mean" : 0.000000,
        "bw_dev" : 0.000000,
        "bw_samples" : 0,
        "iops_min" : 0,
        "iops_max" : 0,
        "iops_mean" : 0.000000,
        "iops_stddev" : 0.000000,
        "iops_samples" : 0
      },
      "sync" : {
        "lat_ns" : {
          "min" : 0,
          "max" : 0,
          "mean" : 0.000000,
          "stddev" : 0.000000,
          "percentile" : {
            "1.000000" : 0,
            "5.000000" : 0,
            "10.000000" : 0,
            "20.000000" : 0,
            "30.000000" : 0,
            "40.000000" : 0,
            "50.000000" : 0,
            "60.000000" : 0,
            "70.000000" : 0,
            "80.000000" : 0,
            "90.000000" : 0,
            "95.000000" : 0,
            "99.000000" : 0,
            "99.500000" : 0,
            "99.900000" : 0,
            "99.950000" : 0,
            "99.990000" : 0
          }
        },
        "total_ios" : 0
      },
      "usr_cpu" : 0.427010,
      "sys_cpu" : 1.444373,
      "ctx" : 1049,
      "majf" : 0,
      "minf" : 1881,
      "iodepth_level" : {
        "1" : 0.100000,
        "2" : 0.100000,
        "4" : 0.100000,
        "8" : 0.193377,
        "16" : 0.386754,
        "32" : 0.773507,
        ">=64" : 98.477157
      },
      "latency_ns" : {
        "2" : 0.000000,
        "4" : 0.000000,
        "10" : 0.000000,
        "20" : 0.000000,
        "50" : 0.000000,
        "100" : 0.000000,
        "250" : 0.000000,
        "500" : 0.000000,
        "750" : 0.000000,
        "1000" : 0.000000
      },
      "latency_us" : {
        "2" : 0.000000,
        "4" : 0.000000,
        "10" : 0.000000,
        "20" : 0.000000,
        "50" : 0.000000,
        "100" : 0.000000,
        "250" : 0.000000,
        "500" : 0.000000,
        "750" : 0.000000,
        "1000" : 0.000000
      },
      "latency_ms" : {
        "2" : 0.000000,
        "4" : 0.000000,
        "10" : 0.000000,
        "20" : 0.000000,
        "50" : 0.000000,
        "100" : 0.000000,
        "250" : 0.000000,
        "500" : 0.000000,
        "750" : 0.120861,
        "1000" : 0.193377,
        "2000" : 0.000000,
        ">=2000" : 0.000000
      },
      "latency_depth" : 256,
      "latency_target" : 0,
      "latency_percentile" : 100.000000,
      "latency_window" : 0
    }
  ]
}
