{
  "fio version" : "fio-3.7",
  "timestamp" : 1589413515,
  "timestamp_ms" : 1589413515093,
  "time" : "Wed May 13 17:45:15 2020",
  "global options" : {
    "filename" : "/dev/sgt_vg_data_004/EVANS_data_004",
    "rw" : "randrw",
    "ioengine" : "libaio",
    "iodepth" : "1024",
    "numjobs" : "1",
    "direct" : "1",
    "random_generator" : "tausworthe64",
    "runtime" : "120"
  },
  "jobs" : [
    {
      "jobname" : "randrw-128k",
      "groupid" : 0,
      "error" : 0,
      "eta" : 0,
      "elapsed" : 121,
      "job options" : {
        "name" : "randrw-128k",
        "bs" : "128k"
      },
      "read" : {
        "io_bytes" : 1648754688,
        "io_kbytes" : 1610112,
        "bw_bytes" : 13652248,
        "bw" : 13332,
        "iops" : 104.158386,
        "runtime" : 120768,
        "total_ios" : 12579,
        "short_ios" : 0,
        "drop_ios" : 0,
        "slat_ns" : {
          "min" : 10231,
          "max" : 228196559,
          "mean" : 4656074.988473,
          "stddev" : 26476481.547175
        },
        "clat_ns" : {
          "min" : 686139482,
          "max" : 7011890448,
          "mean" : 4826297537.290471,
          "stddev" : 582531609.685210,
          "percentile" : {
            "1.000000" : 1837105152,
            "5.000000" : 4211081216,
            "10.000000" : 4328521728,
            "20.000000" : 4529848320,
            "30.000000" : 4664066048,
            "40.000000" : 4731174912,
            "50.000000" : 4865392640,
            "60.000000" : 4999610368,
            "70.000000" : 5066719232,
            "80.000000" : 5200936960,
            "90.000000" : 5402263552,
            "95.000000" : 5536481280,
            "99.000000" : 5872025600,
            "99.500000" : 6073352192,
            "99.900000" : 6476005376,
            "99.950000" : 6543114240,
            "99.990000" : 6878658560
          }
        },
        "lat_ns" : {
          "min" : 863355484,
          "max" : 7011903538,
          "mean" : 4830953695.417986,
          "stddev" : 582710628.043814
        },
        "bw_min" : 255,
        "bw_max" : 19928,
        "bw_agg" : 99.012337,
        "bw_mean" : 13200.324786,
        "bw_dev" : 2641.976339,
        "bw_samples" : 234,
        "iops_min" : 1,
        "iops_max" : 155,
        "iops_mean" : 102.782051,
        "iops_stddev" : 20.685452,
        "iops_samples" : 234
      },
      "write" : {
        "io_bytes" : 1643773952,
        "io_kbytes" : 1605248,
        "bw_bytes" : 13611005,
        "bw" : 13291,
        "iops" : 103.843733,
        "runtime" : 120768,
        "total_ios" : 12541,
        "short_ios" : 0,
        "drop_ios" : 0,
        "slat_ns" : {
          "min" : 13032,
          "max" : 224304262,
          "mean" : 4900256.270553,
          "stddev" : 26995275.783538
        },
        "clat_ns" : {
          "min" : 863371935,
          "max" : 6700949178,
          "mean" : 4873490649.245362,
          "stddev" : 551557901.825133,
          "percentile" : {
            "1.000000" : 2139095040,
            "5.000000" : 4211081216,
            "10.000000" : 4395630592,
            "20.000000" : 4596957184,
            "30.000000" : 4731174912,
            "40.000000" : 4865392640,
            "50.000000" : 4932501504,
            "60.000000" : 5066719232,
            "70.000000" : 5133828096,
            "80.000000" : 5200936960,
            "90.000000" : 5335154688,
            "95.000000" : 5536481280,
            "99.000000" : 5872025600,
            "99.500000" : 6006243328,
            "99.900000" : 6274678784,
            "99.950000" : 6408896512,
            "99.990000" : 6543114240
          }
        },
        "lat_ns" : {
          "min" : 863394564,
          "max" : 6700969188,
          "mean" : 4878390993.877472,
          "stddev" : 551456530.236949
        },
        "bw_min" : 5876,
        "bw_max" : 19161,
        "bw_agg" : 99.272992,
        "bw_mean" : 13194.373391,
        "bw_dev" : 2452.970079,
        "bw_samples" : 233,
        "iops_min" : 45,
        "iops_max" : 149,
        "iops_mean" : 102.738197,
        "iops_stddev" : 19.210386,
        "iops_samples" : 233
      },
      "trim" : {
        "io_bytes" : 0,
        "io_kbytes" : 0,
        "bw_bytes" : 0,
        "bw" : 0,
        "iops" : 0.000000,
        "runtime" : 0,
        "total_ios" : 0,
        "short_ios" : 0,
        "drop_ios" : 0,
        "slat_ns" : {
          "min" : 0,
          "max" : 0,
          "mean" : 0.000000,
          "stddev" : 0.000000
        },
        "clat_ns" : {
          "min" : 0,
          "max" : 0,
          "mean" : 0.000000,
          "stddev" : 0.000000,
          "percentile" : {
            "1.000000" : 0,
            "5.000000" : 0,
            "10.000000" : 0,
            "20.000000" : 0,
            "30.000000" : 0,
            "40.000000" : 0,
            "50.000000" : 0,
            "60.000000" : 0,
            "70.000000" : 0,
            "80.000000" : 0,
            "90.000000" : 0,
            "95.000000" : 0,
            "99.000000" : 0,
            "99.500000" : 0,
            "99.900000" : 0,
            "99.950000" : 0,
            "99.990000" : 0
          }
        },
        "lat_ns" : {
          "min" : 0,
          "max" : 0,
          "mean" : 0.000000,
          "stddev" : 0.000000
        },
        "bw_min" : 0,
        "bw_max" : 0,
        "bw_agg" : 0.000000,
        "bw_mean" : 0.000000,
        "bw_dev" : 0.000000,
        "bw_samples" : 0,
        "iops_min" : 0,
        "iops_max" : 0,
        "iops_mean" : 0.000000,
        "iops_stddev" : 0.000000,
        "iops_samples" : 0
      },
      "sync" : {
        "lat_ns" : {
          "min" : 0,
          "max" : 0,
          "mean" : 0.000000,
          "stddev" : 0.000000,
          "percentile" : {
            "1.000000" : 0,
            "5.000000" : 0,
            "10.000000" : 0,
            "20.000000" : 0,
            "30.000000" : 0,
            "40.000000" : 0,
            "50.000000" : 0,
            "60.000000" : 0,
            "70.000000" : 0,
            "80.000000" : 0,
            "90.000000" : 0,
            "95.000000" : 0,
            "99.000000" : 0,
            "99.500000" : 0,
            "99.900000" : 0,
            "99.950000" : 0,
            "99.990000" : 0
          }
        },
        "total_ios" : 0
      },
      "usr_cpu" : 0.125034,
      "sys_cpu" : 0.482748,
      "ctx" : 909,
      "majf" : 0,
      "minf" : 30,
      "iodepth_level" : {
        "1" : 0.100000,
        "2" : 0.100000,
        "4" : 0.100000,
        "8" : 0.100000,
        "16" : 0.100000,
        "32" : 0.127389,
        ">=64" : 99.749204
      },
      "latency_ns" : {
        "2" : 0.000000,
        "4" : 0.000000,
        "10" : 0.000000,
        "20" : 0.000000,
        "50" : 0.000000,
        "100" : 0.000000,
        "250" : 0.000000,
        "500" : 0.000000,
        "750" : 0.000000,
        "1000" : 0.000000
      },
      "latency_us" : {
        "2" : 0.000000,
        "4" : 0.000000,
        "10" : 0.000000,
        "20" : 0.000000,
        "50" : 0.000000,
        "100" : 0.000000,
        "250" : 0.000000,
        "500" : 0.000000,
        "750" : 0.000000,
        "1000" : 0.000000
      },
      "latency_ms" : {
        "2" : 0.000000,
        "4" : 0.000000,
        "10" : 0.000000,
        "20" : 0.000000,
        "50" : 0.000000,
        "100" : 0.000000,
        "250" : 0.000000,
        "500" : 0.000000,
        "750" : 0.010000,
        "1000" : 0.127389,
        "2000" : 0.000000,
        ">=2000" : 0.000000
      },
      "latency_depth" : 1024,
      "latency_target" : 0,
      "latency_percentile" : 100.000000,
      "latency_window" : 0
    }
  ]
}
