{
  "fio version" : "fio-3.7",
  "timestamp" : 1589435924,
  "timestamp_ms" : 1589435924678,
  "time" : "Wed May 13 23:58:44 2020",
  "global options" : {
    "filename" : "/dev/sgt_vg_data_009/EVANS_data_009",
    "rw" : "randwrite",
    "ioengine" : "libaio",
    "iodepth" : "32",
    "numjobs" : "1",
    "direct" : "1",
    "random_generator" : "tausworthe64",
    "runtime" : "120"
  },
  "jobs" : [
    {
      "jobname" : "randwrite-32k",
      "groupid" : 0,
      "error" : 0,
      "eta" : 0,
      "elapsed" : 121,
      "job options" : {
        "name" : "randwrite-32k",
        "bs" : "32k"
      },
      "read" : {
        "io_bytes" : 0,
        "io_kbytes" : 0,
        "bw_bytes" : 0,
        "bw" : 0,
        "iops" : 0.000000,
        "runtime" : 0,
        "total_ios" : 0,
        "short_ios" : 0,
        "drop_ios" : 0,
        "slat_ns" : {
          "min" : 0,
          "max" : 0,
          "mean" : 0.000000,
          "stddev" : 0.000000
        },
        "clat_ns" : {
          "min" : 0,
          "max" : 0,
          "mean" : 0.000000,
          "stddev" : 0.000000,
          "percentile" : {
            "1.000000" : 0,
            "5.000000" : 0,
            "10.000000" : 0,
            "20.000000" : 0,
            "30.000000" : 0,
            "40.000000" : 0,
            "50.000000" : 0,
            "60.000000" : 0,
            "70.000000" : 0,
            "80.000000" : 0,
            "90.000000" : 0,
            "95.000000" : 0,
            "99.000000" : 0,
            "99.500000" : 0,
            "99.900000" : 0,
            "99.950000" : 0,
            "99.990000" : 0
          }
        },
        "lat_ns" : {
          "min" : 0,
          "max" : 0,
          "mean" : 0.000000,
          "stddev" : 0.000000
        },
        "bw_min" : 0,
        "bw_max" : 0,
        "bw_agg" : 0.000000,
        "bw_mean" : 0.000000,
        "bw_dev" : 0.000000,
        "bw_samples" : 0,
        "iops_min" : 0,
        "iops_max" : 0,
        "iops_mean" : 0.000000,
        "iops_stddev" : 0.000000,
        "iops_samples" : 0
      },
      "write" : {
        "io_bytes" : 1152876544,
        "io_kbytes" : 1125856,
        "bw_bytes" : 9600104,
        "bw" : 9375,
        "iops" : 292.971938,
        "runtime" : 120090,
        "total_ios" : 35183,
        "short_ios" : 0,
        "drop_ios" : 0,
        "slat_ns" : {
          "min" : 3932,
          "max" : 308775,
          "mean" : 32045.864281,
          "stddev" : 10359.993472
        },
        "clat_ns" : {
          "min" : 556455,
          "max" : 484826717,
          "mean" : 109179922.369041,
          "stddev" : 35179652.867145,
          "percentile" : {
            "1.000000" : 68681728,
            "5.000000" : 74973184,
            "10.000000" : 78118912,
            "20.000000" : 82313216,
            "30.000000" : 86507520,
            "40.000000" : 93847552,
            "50.000000" : 104333312,
            "60.000000" : 112721920,
            "70.000000" : 119013376,
            "80.000000" : 128450560,
            "90.000000" : 143654912,
            "95.000000" : 166723584,
            "99.000000" : 256901120,
            "99.500000" : 283115520,
            "99.900000" : 312475648,
            "99.950000" : 320864256,
            "99.990000" : 341835776
          }
        },
        "lat_ns" : {
          "min" : 561661,
          "max" : 484866334,
          "mean" : 109212537.738426,
          "stddev" : 35180164.067131
        },
        "bw_min" : 3392,
        "bw_max" : 22464,
        "bw_agg" : 99.959022,
        "bw_mean" : 9371.158333,
        "bw_dev" : 1710.998739,
        "bw_samples" : 240,
        "iops_min" : 106,
        "iops_max" : 702,
        "iops_mean" : 292.795833,
        "iops_stddev" : 53.483153,
        "iops_samples" : 240
      },
      "trim" : {
        "io_bytes" : 0,
        "io_kbytes" : 0,
        "bw_bytes" : 0,
        "bw" : 0,
        "iops" : 0.000000,
        "runtime" : 0,
        "total_ios" : 0,
        "short_ios" : 0,
        "drop_ios" : 0,
        "slat_ns" : {
          "min" : 0,
          "max" : 0,
          "mean" : 0.000000,
          "stddev" : 0.000000
        },
        "clat_ns" : {
          "min" : 0,
          "max" : 0,
          "mean" : 0.000000,
          "stddev" : 0.000000,
          "percentile" : {
            "1.000000" : 0,
            "5.000000" : 0,
            "10.000000" : 0,
            "20.000000" : 0,
            "30.000000" : 0,
            "40.000000" : 0,
            "50.000000" : 0,
            "60.000000" : 0,
            "70.000000" : 0,
            "80.000000" : 0,
            "90.000000" : 0,
            "95.000000" : 0,
            "99.000000" : 0,
            "99.500000" : 0,
            "99.900000" : 0,
            "99.950000" : 0,
            "99.990000" : 0
          }
        },
        "lat_ns" : {
          "min" : 0,
          "max" : 0,
          "mean" : 0.000000,
          "stddev" : 0.000000
        },
        "bw_min" : 0,
        "bw_max" : 0,
        "bw_agg" : 0.000000,
        "bw_mean" : 0.000000,
        "bw_dev" : 0.000000,
        "bw_samples" : 0,
        "iops_min" : 0,
        "iops_max" : 0,
        "iops_mean" : 0.000000,
        "iops_stddev" : 0.000000,
        "iops_samples" : 0
      },
      "sync" : {
        "lat_ns" : {
          "min" : 0,
          "max" : 0,
          "mean" : 0.000000,
          "stddev" : 0.000000,
          "percentile" : {
            "1.000000" : 0,
            "5.000000" : 0,
            "10.000000" : 0,
            "20.000000" : 0,
            "30.000000" : 0,
            "40.000000" : 0,
            "50.000000" : 0,
            "60.000000" : 0,
            "70.000000" : 0,
            "80.000000" : 0,
            "90.000000" : 0,
            "95.000000" : 0,
            "99.000000" : 0,
            "99.500000" : 0,
            "99.900000" : 0,
            "99.950000" : 0,
            "99.990000" : 0
          }
        },
        "total_ios" : 0
      },
      "usr_cpu" : 0.458826,
      "sys_cpu" : 1.425609,
      "ctx" : 34684,
      "majf" : 0,
      "minf" : 719,
      "iodepth_level" : {
        "1" : 0.100000,
        "2" : 0.100000,
        "4" : 0.100000,
        "8" : 0.100000,
        "16" : 0.100000,
        "32" : 99.911889,
        ">=64" : 0.000000
      },
      "latency_ns" : {
        "2" : 0.000000,
        "4" : 0.000000,
        "10" : 0.000000,
        "20" : 0.000000,
        "50" : 0.000000,
        "100" : 0.000000,
        "250" : 0.000000,
        "500" : 0.000000,
        "750" : 0.000000,
        "1000" : 0.000000
      },
      "latency_us" : {
        "2" : 0.000000,
        "4" : 0.000000,
        "10" : 0.000000,
        "20" : 0.000000,
        "50" : 0.000000,
        "100" : 0.000000,
        "250" : 0.000000,
        "500" : 0.000000,
        "750" : 0.019896,
        "1000" : 0.017054
      },
      "latency_ms" : {
        "2" : 0.022738,
        "4" : 0.051161,
        "10" : 0.315493,
        "20" : 0.019896,
        "50" : 0.216013,
        "100" : 45.550408,
        "250" : 52.622005,
        "500" : 1.165336,
        "750" : 0.000000,
        "1000" : 0.000000,
        "2000" : 0.000000,
        ">=2000" : 0.000000
      },
      "latency_depth" : 32,
      "latency_target" : 0,
      "latency_percentile" : 100.000000,
      "latency_window" : 0
    }
  ]
}
