{
  "fio version" : "fio-3.7",
  "timestamp" : 1589412785,
  "timestamp_ms" : 1589412785549,
  "time" : "Wed May 13 17:33:05 2020",
  "global options" : {
    "filename" : "/dev/sgt_vg_data_011/EVANS_data_011",
    "rw" : "randrw",
    "ioengine" : "libaio",
    "iodepth" : "16",
    "numjobs" : "1",
    "direct" : "1",
    "random_generator" : "tausworthe64",
    "runtime" : "120"
  },
  "jobs" : [
    {
      "jobname" : "randrw-128k",
      "groupid" : 0,
      "error" : 0,
      "eta" : 0,
      "elapsed" : 121,
      "job options" : {
        "name" : "randrw-128k",
        "bs" : "128k"
      },
      "read" : {
        "io_bytes" : 1212940288,
        "io_kbytes" : 1184512,
        "bw_bytes" : 10095720,
        "bw" : 9859,
        "iops" : 77.024238,
        "runtime" : 120144,
        "total_ios" : 9254,
        "short_ios" : 0,
        "drop_ios" : 0,
        "slat_ns" : {
          "min" : 9144,
          "max" : 312188,
          "mean" : 42409.482278,
          "stddev" : 14514.408490
        },
        "clat_ns" : {
          "min" : 2147303,
          "max" : 1196455990,
          "mean" : 198633475.570888,
          "stddev" : 144777152.730760,
          "percentile" : {
            "1.000000" : 7569408,
            "5.000000" : 15663104,
            "10.000000" : 26345472,
            "20.000000" : 57409536,
            "30.000000" : 95944704,
            "40.000000" : 132644864,
            "50.000000" : 175112192,
            "60.000000" : 221249536,
            "70.000000" : 274726912,
            "80.000000" : 329252864,
            "90.000000" : 387973120,
            "95.000000" : 446693376,
            "99.000000" : 599785472,
            "99.500000" : 666894336,
            "99.900000" : 851443712,
            "99.950000" : 952107008,
            "99.990000" : 1199570944
          }
        },
        "lat_ns" : {
          "min" : 2199020,
          "max" : 1196510570,
          "mean" : 198676398.179921,
          "stddev" : 144777193.555682
        },
        "bw_min" : 4096,
        "bw_max" : 14848,
        "bw_agg" : 99.929422,
        "bw_mean" : 9852.041667,
        "bw_dev" : 1653.808003,
        "bw_samples" : 240,
        "iops_min" : 32,
        "iops_max" : 116,
        "iops_mean" : 76.862500,
        "iops_stddev" : 12.925998,
        "iops_samples" : 240
      },
      "write" : {
        "io_bytes" : 1213202432,
        "io_kbytes" : 1184768,
        "bw_bytes" : 10097902,
        "bw" : 9861,
        "iops" : 77.040884,
        "runtime" : 120144,
        "total_ios" : 9256,
        "short_ios" : 0,
        "drop_ios" : 0,
        "slat_ns" : {
          "min" : 8738,
          "max" : 287181,
          "mean" : 45863.214239,
          "stddev" : 15447.822490
        },
        "clat_ns" : {
          "min" : 251570,
          "max" : 603382022,
          "mean" : 8973206.615709,
          "stddev" : 28449803.562035,
          "percentile" : {
            "1.000000" : 292864,
            "5.000000" : 333824,
            "10.000000" : 362496,
            "20.000000" : 411648,
            "30.000000" : 460800,
            "40.000000" : 585728,
            "50.000000" : 1011712,
            "60.000000" : 1171456,
            "70.000000" : 4112384,
            "80.000000" : 13434880,
            "90.000000" : 25034752,
            "95.000000" : 35913728,
            "99.000000" : 77070336,
            "99.500000" : 223346688,
            "99.900000" : 392167424,
            "99.950000" : 459276288,
            "99.990000" : 599785472
          }
        },
        "lat_ns" : {
          "min" : 288837,
          "max" : 603408311,
          "mean" : 9019569.324546,
          "stddev" : 28450044.473040
        },
        "bw_min" : 3840,
        "bw_max" : 15616,
        "bw_agg" : 100.000000,
        "bw_mean" : 9868.837500,
        "bw_dev" : 1668.730029,
        "bw_samples" : 240,
        "iops_min" : 30,
        "iops_max" : 122,
        "iops_mean" : 76.995833,
        "iops_stddev" : 13.004826,
        "iops_samples" : 240
      },
      "trim" : {
        "io_bytes" : 0,
        "io_kbytes" : 0,
        "bw_bytes" : 0,
        "bw" : 0,
        "iops" : 0.000000,
        "runtime" : 0,
        "total_ios" : 0,
        "short_ios" : 0,
        "drop_ios" : 0,
        "slat_ns" : {
          "min" : 0,
          "max" : 0,
          "mean" : 0.000000,
          "stddev" : 0.000000
        },
        "clat_ns" : {
          "min" : 0,
          "max" : 0,
          "mean" : 0.000000,
          "stddev" : 0.000000,
          "percentile" : {
            "1.000000" : 0,
            "5.000000" : 0,
            "10.000000" : 0,
            "20.000000" : 0,
            "30.000000" : 0,
            "40.000000" : 0,
            "50.000000" : 0,
            "60.000000" : 0,
            "70.000000" : 0,
            "80.000000" : 0,
            "90.000000" : 0,
            "95.000000" : 0,
            "99.000000" : 0,
            "99.500000" : 0,
            "99.900000" : 0,
            "99.950000" : 0,
            "99.990000" : 0
          }
        },
        "lat_ns" : {
          "min" : 0,
          "max" : 0,
          "mean" : 0.000000,
          "stddev" : 0.000000
        },
        "bw_min" : 0,
        "bw_max" : 0,
        "bw_agg" : 0.000000,
        "bw_mean" : 0.000000,
        "bw_dev" : 0.000000,
        "bw_samples" : 0,
        "iops_min" : 0,
        "iops_max" : 0,
        "iops_mean" : 0.000000,
        "iops_stddev" : 0.000000,
        "iops_samples" : 0
      },
      "sync" : {
        "lat_ns" : {
          "min" : 0,
          "max" : 0,
          "mean" : 0.000000,
          "stddev" : 0.000000,
          "percentile" : {
            "1.000000" : 0,
            "5.000000" : 0,
            "10.000000" : 0,
            "20.000000" : 0,
            "30.000000" : 0,
            "40.000000" : 0,
            "50.000000" : 0,
            "60.000000" : 0,
            "70.000000" : 0,
            "80.000000" : 0,
            "90.000000" : 0,
            "95.000000" : 0,
            "99.000000" : 0,
            "99.500000" : 0,
            "99.900000" : 0,
            "99.950000" : 0,
            "99.990000" : 0
          }
        },
        "total_ios" : 0
      },
      "usr_cpu" : 0.266349,
      "sys_cpu" : 0.868964,
      "ctx" : 18372,
      "majf" : 0,
      "minf" : 1183,
      "iodepth_level" : {
        "1" : 0.100000,
        "2" : 0.100000,
        "4" : 0.100000,
        "8" : 0.100000,
        "16" : 99.918963,
        "32" : 0.000000,
        ">=64" : 0.000000
      },
      "latency_ns" : {
        "2" : 0.000000,
        "4" : 0.000000,
        "10" : 0.000000,
        "20" : 0.000000,
        "50" : 0.000000,
        "100" : 0.000000,
        "250" : 0.000000,
        "500" : 0.000000,
        "750" : 0.000000,
        "1000" : 0.000000
      },
      "latency_us" : {
        "2" : 0.000000,
        "4" : 0.000000,
        "10" : 0.000000,
        "20" : 0.000000,
        "50" : 0.000000,
        "100" : 0.000000,
        "250" : 0.000000,
        "500" : 17.585089,
        "750" : 3.057807,
        "1000" : 3.922204
      },
      "latency_ms" : {
        "2" : 8.449487,
        "4" : 1.950297,
        "10" : 4.764992,
        "20" : 7.023231,
        "50" : 11.285791,
        "100" : 7.071853,
        "250" : 17.401405,
        "500" : 16.007563,
        "750" : 1.372231,
        "1000" : 0.091842,
        "2000" : 0.000000,
        ">=2000" : 0.000000
      },
      "latency_depth" : 16,
      "latency_target" : 0,
      "latency_percentile" : 100.000000,
      "latency_window" : 0
    }
  ]
}
