{
  "fio version" : "fio-3.7",
  "timestamp" : 1589333070,
  "timestamp_ms" : 1589333070986,
  "time" : "Tue May 12 19:24:30 2020",
  "global options" : {
    "filename" : "/dev/sgt_vg_data_004/MACH2_data_004_64k",
    "rw" : "randrw",
    "ioengine" : "libaio",
    "iodepth" : "32",
    "numjobs" : "1",
    "direct" : "1",
    "random_generator" : "tausworthe64",
    "runtime" : "120"
  },
  "jobs" : [
    {
      "jobname" : "randrw-2048k",
      "groupid" : 0,
      "error" : 0,
      "eta" : 0,
      "elapsed" : 121,
      "job options" : {
        "name" : "randrw-2048k",
        "bs" : "2048k"
      },
      "read" : {
        "io_bytes" : 10825498624,
        "io_kbytes" : 10571776,
        "bw_bytes" : 89925476,
        "bw" : 87817,
        "iops" : 42.879809,
        "runtime" : 120383,
        "total_ios" : 5162,
        "short_ios" : 0,
        "drop_ios" : 0,
        "slat_ns" : {
          "min" : 157007,
          "max" : 2674187,
          "mean" : 421736.123014,
          "stddev" : 203280.553840
        },
        "clat_ns" : {
          "min" : 15474767,
          "max" : 2305317773,
          "mean" : 308657087.295041,
          "stddev" : 227953159.994849,
          "percentile" : {
            "1.000000" : 30801920,
            "5.000000" : 55836672,
            "10.000000" : 81264640,
            "20.000000" : 126353408,
            "30.000000" : 168820736,
            "40.000000" : 212860928,
            "50.000000" : 261095424,
            "60.000000" : 312475648,
            "70.000000" : 375390208,
            "80.000000" : 450887680,
            "90.000000" : 583008256,
            "95.000000" : 717225984,
            "99.000000" : 1132462080,
            "99.500000" : 1333788672,
            "99.900000" : 1820327936,
            "99.950000" : 2231369728,
            "99.990000" : 2298478592
          }
        },
        "lat_ns" : {
          "min" : 15726247,
          "max" : 2305838844,
          "mean" : 309079212.104803,
          "stddev" : 227954057.236968
        },
        "bw_min" : 49152,
        "bw_max" : 122880,
        "bw_agg" : 99.981254,
        "bw_mean" : 87800.537500,
        "bw_dev" : 15063.593558,
        "bw_samples" : 240,
        "iops_min" : 24,
        "iops_max" : 60,
        "iops_mean" : 42.745833,
        "iops_stddev" : 7.354586,
        "iops_samples" : 240
      },
      "write" : {
        "io_bytes" : 10930356224,
        "io_kbytes" : 10674176,
        "bw_bytes" : 90796509,
        "bw" : 88668,
        "iops" : 43.295150,
        "runtime" : 120383,
        "total_ios" : 5212,
        "short_ios" : 0,
        "drop_ios" : 0,
        "slat_ns" : {
          "min" : 199278,
          "max" : 2211959,
          "mean" : 512808.620107,
          "stddev" : 200475.099364
        },
        "clat_ns" : {
          "min" : 7978684,
          "max" : 1519927543,
          "mean" : 432376441.170951,
          "stddev" : 213700329.602019,
          "percentile" : {
            "1.000000" : 50069504,
            "5.000000" : 106430464,
            "10.000000" : 156237824,
            "20.000000" : 240123904,
            "30.000000" : 304087040,
            "40.000000" : 362807296,
            "50.000000" : 421527552,
            "60.000000" : 480247808,
            "70.000000" : 541065216,
            "80.000000" : 608174080,
            "90.000000" : 708837376,
            "95.000000" : 792723456,
            "99.000000" : 1002438656,
            "99.500000" : 1098907648,
            "99.900000" : 1300234240,
            "99.950000" : 1451229184,
            "99.990000" : 1518338048
          }
        },
        "lat_ns" : {
          "min" : 8249022,
          "max" : 1520547819,
          "mean" : 432889623.274367,
          "stddev" : 213702559.193596
        },
        "bw_min" : 45056,
        "bw_max" : 126976,
        "bw_agg" : 99.983656,
        "bw_mean" : 88653.508333,
        "bw_dev" : 14722.184437,
        "bw_samples" : 240,
        "iops_min" : 22,
        "iops_max" : 62,
        "iops_mean" : 43.162500,
        "iops_stddev" : 7.183390,
        "iops_samples" : 240
      },
      "trim" : {
        "io_bytes" : 0,
        "io_kbytes" : 0,
        "bw_bytes" : 0,
        "bw" : 0,
        "iops" : 0.000000,
        "runtime" : 0,
        "total_ios" : 0,
        "short_ios" : 0,
        "drop_ios" : 0,
        "slat_ns" : {
          "min" : 0,
          "max" : 0,
          "mean" : 0.000000,
          "stddev" : 0.000000
        },
        "clat_ns" : {
          "min" : 0,
          "max" : 0,
          "mean" : 0.000000,
          "stddev" : 0.000000,
          "percentile" : {
            "1.000000" : 0,
            "5.000000" : 0,
            "10.000000" : 0,
            "20.000000" : 0,
            "30.000000" : 0,
            "40.000000" : 0,
            "50.000000" : 0,
            "60.000000" : 0,
            "70.000000" : 0,
            "80.000000" : 0,
            "90.000000" : 0,
            "95.000000" : 0,
            "99.000000" : 0,
            "99.500000" : 0,
            "99.900000" : 0,
            "99.950000" : 0,
            "99.990000" : 0
          }
        },
        "lat_ns" : {
          "min" : 0,
          "max" : 0,
          "mean" : 0.000000,
          "stddev" : 0.000000
        },
        "bw_min" : 0,
        "bw_max" : 0,
        "bw_agg" : 0.000000,
        "bw_mean" : 0.000000,
        "bw_dev" : 0.000000,
        "bw_samples" : 0,
        "iops_min" : 0,
        "iops_max" : 0,
        "iops_mean" : 0.000000,
        "iops_stddev" : 0.000000,
        "iops_samples" : 0
      },
      "sync" : {
        "lat_ns" : {
          "min" : 0,
          "max" : 0,
          "mean" : 0.000000,
          "stddev" : 0.000000,
          "percentile" : {
            "1.000000" : 0,
            "5.000000" : 0,
            "10.000000" : 0,
            "20.000000" : 0,
            "30.000000" : 0,
            "40.000000" : 0,
            "50.000000" : 0,
            "60.000000" : 0,
            "70.000000" : 0,
            "80.000000" : 0,
            "90.000000" : 0,
            "95.000000" : 0,
            "99.000000" : 0,
            "99.500000" : 0,
            "99.900000" : 0,
            "99.950000" : 0,
            "99.990000" : 0
          }
        },
        "total_ios" : 0
      },
      "usr_cpu" : 0.692795,
      "sys_cpu" : 3.573624,
      "ctx" : 10082,
      "majf" : 0,
      "minf" : 1562,
      "iodepth_level" : {
        "1" : 0.100000,
        "2" : 0.100000,
        "4" : 0.100000,
        "8" : 0.100000,
        "16" : 0.154232,
        "32" : 99.701176,
        ">=64" : 0.000000
      },
      "latency_ns" : {
        "2" : 0.000000,
        "4" : 0.000000,
        "10" : 0.000000,
        "20" : 0.000000,
        "50" : 0.000000,
        "100" : 0.000000,
        "250" : 0.000000,
        "500" : 0.000000,
        "750" : 0.000000,
        "1000" : 0.000000
      },
      "latency_us" : {
        "2" : 0.000000,
        "4" : 0.000000,
        "10" : 0.000000,
        "20" : 0.000000,
        "50" : 0.000000,
        "100" : 0.000000,
        "250" : 0.000000,
        "500" : 0.000000,
        "750" : 0.000000,
        "1000" : 0.000000
      },
      "latency_ms" : {
        "2" : 0.000000,
        "4" : 0.000000,
        "10" : 0.010000,
        "20" : 0.096395,
        "50" : 2.342394,
        "100" : 6.766917,
        "250" : 25.322923,
        "500" : 39.733950,
        "750" : 19.934452,
        "1000" : 4.511278,
        "2000" : 0.000000,
        ">=2000" : 0.000000
      },
      "latency_depth" : 32,
      "latency_target" : 0,
      "latency_percentile" : 100.000000,
      "latency_window" : 0
    }
  ]
}
