{
  "fio version" : "fio-3.7",
  "timestamp" : 1589332705,
  "timestamp_ms" : 1589332705399,
  "time" : "Tue May 12 19:18:25 2020",
  "global options" : {
    "filename" : "/dev/sgt_vg_data_008/MACH2_data_008_1024k",
    "rw" : "randrw",
    "ioengine" : "libaio",
    "iodepth" : "4",
    "numjobs" : "1",
    "direct" : "1",
    "random_generator" : "tausworthe64",
    "runtime" : "120"
  },
  "jobs" : [
    {
      "jobname" : "randrw-2048k",
      "groupid" : 0,
      "error" : 0,
      "eta" : 0,
      "elapsed" : 121,
      "job options" : {
        "name" : "randrw-2048k",
        "bs" : "2048k"
      },
      "read" : {
        "io_bytes" : 8462008320,
        "io_kbytes" : 8263680,
        "bw_bytes" : 70495587,
        "bw" : 68843,
        "iops" : 33.614916,
        "runtime" : 120036,
        "total_ios" : 4035,
        "short_ios" : 0,
        "drop_ios" : 0,
        "slat_ns" : {
          "min" : 98185,
          "max" : 2321863,
          "mean" : 371331.967286,
          "stddev" : 176148.102854
        },
        "clat_ns" : {
          "min" : 14376530,
          "max" : 455741267,
          "mean" : 74493589.113011,
          "stddev" : 48600611.470163,
          "percentile" : {
            "1.000000" : 21364736,
            "5.000000" : 26869760,
            "10.000000" : 30277632,
            "20.000000" : 37486592,
            "30.000000" : 44302336,
            "40.000000" : 52690944,
            "50.000000" : 61603840,
            "60.000000" : 71827456,
            "70.000000" : 85458944,
            "80.000000" : 103284736,
            "90.000000" : 133693440,
            "95.000000" : 166723584,
            "99.000000" : 246415360,
            "99.500000" : 312475648,
            "99.900000" : 425721856,
            "99.950000" : 434110464,
            "99.990000" : 455081984
          }
        },
        "lat_ns" : {
          "min" : 14744404,
          "max" : 456337219,
          "mean" : 74865364.495911,
          "stddev" : 48604796.591345
        },
        "bw_min" : 32768,
        "bw_max" : 102400,
        "bw_agg" : 99.891105,
        "bw_mean" : 68768.033333,
        "bw_dev" : 12700.560934,
        "bw_samples" : 240,
        "iops_min" : 16,
        "iops_max" : 50,
        "iops_mean" : 33.395833,
        "iops_stddev" : 6.189273,
        "iops_samples" : 240
      },
      "write" : {
        "io_bytes" : 8646557696,
        "io_kbytes" : 8443904,
        "bw_bytes" : 72033037,
        "bw" : 70344,
        "iops" : 34.348029,
        "runtime" : 120036,
        "total_ios" : 4123,
        "short_ios" : 0,
        "drop_ios" : 0,
        "slat_ns" : {
          "min" : 116070,
          "max" : 2000727,
          "mean" : 449670.347077,
          "stddev" : 180317.026012
        },
        "clat_ns" : {
          "min" : 2035709,
          "max" : 280283324,
          "mean" : 42719110.204463,
          "stddev" : 22360639.938642,
          "percentile" : {
            "1.000000" : 3162112,
            "5.000000" : 7438336,
            "10.000000" : 17956864,
            "20.000000" : 26345472,
            "30.000000" : 31588352,
            "40.000000" : 35913728,
            "50.000000" : 40632320,
            "60.000000" : 45350912,
            "70.000000" : 50593792,
            "80.000000" : 57933824,
            "90.000000" : 68681728,
            "95.000000" : 79167488,
            "99.000000" : 108527616,
            "99.500000" : 128450560,
            "99.900000" : 173015040,
            "99.950000" : 204472320,
            "99.990000" : 278921216
          }
        },
        "lat_ns" : {
          "min" : 2736039,
          "max" : 280744409,
          "mean" : 43169196.823915,
          "stddev" : 22357267.069950
        },
        "bw_min" : 32702,
        "bw_max" : 106283,
        "bw_agg" : 99.991536,
        "bw_mean" : 70338.045833,
        "bw_dev" : 12883.749315,
        "bw_samples" : 240,
        "iops_min" : 15,
        "iops_max" : 51,
        "iops_mean" : 34.162500,
        "iops_stddev" : 6.298257,
        "iops_samples" : 240
      },
      "trim" : {
        "io_bytes" : 0,
        "io_kbytes" : 0,
        "bw_bytes" : 0,
        "bw" : 0,
        "iops" : 0.000000,
        "runtime" : 0,
        "total_ios" : 0,
        "short_ios" : 0,
        "drop_ios" : 0,
        "slat_ns" : {
          "min" : 0,
          "max" : 0,
          "mean" : 0.000000,
          "stddev" : 0.000000
        },
        "clat_ns" : {
          "min" : 0,
          "max" : 0,
          "mean" : 0.000000,
          "stddev" : 0.000000,
          "percentile" : {
            "1.000000" : 0,
            "5.000000" : 0,
            "10.000000" : 0,
            "20.000000" : 0,
            "30.000000" : 0,
            "40.000000" : 0,
            "50.000000" : 0,
            "60.000000" : 0,
            "70.000000" : 0,
            "80.000000" : 0,
            "90.000000" : 0,
            "95.000000" : 0,
            "99.000000" : 0,
            "99.500000" : 0,
            "99.900000" : 0,
            "99.950000" : 0,
            "99.990000" : 0
          }
        },
        "lat_ns" : {
          "min" : 0,
          "max" : 0,
          "mean" : 0.000000,
          "stddev" : 0.000000
        },
        "bw_min" : 0,
        "bw_max" : 0,
        "bw_agg" : 0.000000,
        "bw_mean" : 0.000000,
        "bw_dev" : 0.000000,
        "bw_samples" : 0,
        "iops_min" : 0,
        "iops_max" : 0,
        "iops_mean" : 0.000000,
        "iops_stddev" : 0.000000,
        "iops_samples" : 0
      },
      "sync" : {
        "lat_ns" : {
          "min" : 0,
          "max" : 0,
          "mean" : 0.000000,
          "stddev" : 0.000000,
          "percentile" : {
            "1.000000" : 0,
            "5.000000" : 0,
            "10.000000" : 0,
            "20.000000" : 0,
            "30.000000" : 0,
            "40.000000" : 0,
            "50.000000" : 0,
            "60.000000" : 0,
            "70.000000" : 0,
            "80.000000" : 0,
            "90.000000" : 0,
            "95.000000" : 0,
            "99.000000" : 0,
            "99.500000" : 0,
            "99.900000" : 0,
            "99.950000" : 0,
            "99.990000" : 0
          }
        },
        "total_ios" : 0
      },
      "usr_cpu" : 0.511517,
      "sys_cpu" : 2.475945,
      "ctx" : 8062,
      "majf" : 0,
      "minf" : 1500,
      "iodepth_level" : {
        "1" : 0.100000,
        "2" : 0.100000,
        "4" : 99.963226,
        "8" : 0.000000,
        "16" : 0.000000,
        "32" : 0.000000,
        ">=64" : 0.000000
      },
      "latency_ns" : {
        "2" : 0.000000,
        "4" : 0.000000,
        "10" : 0.000000,
        "20" : 0.000000,
        "50" : 0.000000,
        "100" : 0.000000,
        "250" : 0.000000,
        "500" : 0.000000,
        "750" : 0.000000,
        "1000" : 0.000000
      },
      "latency_us" : {
        "2" : 0.000000,
        "4" : 0.000000,
        "10" : 0.000000,
        "20" : 0.000000,
        "50" : 0.000000,
        "100" : 0.000000,
        "250" : 0.000000,
        "500" : 0.000000,
        "750" : 0.000000,
        "1000" : 0.000000
      },
      "latency_ms" : {
        "2" : 0.000000,
        "4" : 1.495465,
        "10" : 1.532238,
        "20" : 3.027703,
        "50" : 47.070360,
        "100" : 35.364060,
        "250" : 11.032116,
        "500" : 0.478058,
        "750" : 0.000000,
        "1000" : 0.000000,
        "2000" : 0.000000,
        ">=2000" : 0.000000
      },
      "latency_depth" : 4,
      "latency_target" : 0,
      "latency_percentile" : 100.000000,
      "latency_window" : 0
    }
  ]
}
