{
  "fio version" : "fio-3.7",
  "timestamp" : 1589324705,
  "timestamp_ms" : 1589324705529,
  "time" : "Tue May 12 17:05:05 2020",
  "global options" : {
    "filename" : "/dev/sgt_vg_data_010/MACH2_data_010_4096k",
    "rw" : "randrw",
    "ioengine" : "libaio",
    "iodepth" : "64",
    "numjobs" : "1",
    "direct" : "1",
    "random_generator" : "tausworthe64",
    "runtime" : "120"
  },
  "jobs" : [
    {
      "jobname" : "randrw-8k",
      "groupid" : 0,
      "error" : 0,
      "eta" : 0,
      "elapsed" : 121,
      "job options" : {
        "name" : "randrw-8k",
        "bs" : "8k"
      },
      "read" : {
        "io_bytes" : 194256896,
        "io_kbytes" : 189704,
        "bw_bytes" : 1615012,
        "bw" : 1577,
        "iops" : 197.145042,
        "runtime" : 120282,
        "total_ios" : 23713,
        "short_ios" : 0,
        "drop_ios" : 0,
        "slat_ns" : {
          "min" : 3653,
          "max" : 86621,
          "mean" : 25398.618058,
          "stddev" : 10253.166813
        },
        "clat_ns" : {
          "min" : 2741839,
          "max" : 2478457046,
          "mean" : 304254265.378358,
          "stddev" : 294136466.041800,
          "percentile" : {
            "1.000000" : 14221312,
            "5.000000" : 28180480,
            "10.000000" : 44302336,
            "20.000000" : 73924608,
            "30.000000" : 111673344,
            "40.000000" : 158334976,
            "50.000000" : 214958080,
            "60.000000" : 283115520,
            "70.000000" : 371195904,
            "80.000000" : 484442112,
            "90.000000" : 683671552,
            "95.000000" : 876609536,
            "99.000000" : 1367343104,
            "99.500000" : 1652555776,
            "99.900000" : 2264924160,
            "99.950000" : 2399141888,
            "99.990000" : 2432696320
          }
        },
        "lat_ns" : {
          "min" : 2760582,
          "max" : 2478463457,
          "mean" : 304280180.657869,
          "stddev" : 294136450.847405
        },
        "bw_min" : 1136,
        "bw_max" : 2256,
        "bw_agg" : 99.978334,
        "bw_mean" : 1576.658333,
        "bw_dev" : 146.472868,
        "bw_samples" : 240,
        "iops_min" : 142,
        "iops_max" : 282,
        "iops_mean" : 197.070833,
        "iops_stddev" : 18.314066,
        "iops_samples" : 240
      },
      "write" : {
        "io_bytes" : 193347584,
        "io_kbytes" : 188816,
        "bw_bytes" : 1607452,
        "bw" : 1569,
        "iops" : 196.222211,
        "runtime" : 120282,
        "total_ios" : 23602,
        "short_ios" : 0,
        "drop_ios" : 0,
        "slat_ns" : {
          "min" : 3743,
          "max" : 191853,
          "mean" : 25887.287899,
          "stddev" : 10733.308712
        },
        "clat_ns" : {
          "min" : 78389,
          "max" : 288382676,
          "mean" : 20345699.892170,
          "stddev" : 23194146.060256,
          "percentile" : {
            "1.000000" : 144384,
            "5.000000" : 252928,
            "10.000000" : 708608,
            "20.000000" : 1875968,
            "30.000000" : 3784704,
            "40.000000" : 6848512,
            "50.000000" : 12386304,
            "60.000000" : 18481152,
            "70.000000" : 26083328,
            "80.000000" : 36438016,
            "90.000000" : 51118080,
            "95.000000" : 65273856,
            "99.000000" : 101187584,
            "99.500000" : 120061952,
            "99.900000" : 154140672,
            "99.950000" : 170917888,
            "99.990000" : 246415360
          }
        },
        "lat_ns" : {
          "min" : 87040,
          "max" : 288395289,
          "mean" : 20372112.461274,
          "stddev" : 23194167.555762
        },
        "bw_min" : 1165,
        "bw_max" : 3088,
        "bw_agg" : 100.000000,
        "bw_mean" : 1573.254167,
        "bw_dev" : 170.757303,
        "bw_samples" : 240,
        "iops_min" : 145,
        "iops_max" : 386,
        "iops_mean" : 196.645833,
        "iops_stddev" : 21.351501,
        "iops_samples" : 240
      },
      "trim" : {
        "io_bytes" : 0,
        "io_kbytes" : 0,
        "bw_bytes" : 0,
        "bw" : 0,
        "iops" : 0.000000,
        "runtime" : 0,
        "total_ios" : 0,
        "short_ios" : 0,
        "drop_ios" : 0,
        "slat_ns" : {
          "min" : 0,
          "max" : 0,
          "mean" : 0.000000,
          "stddev" : 0.000000
        },
        "clat_ns" : {
          "min" : 0,
          "max" : 0,
          "mean" : 0.000000,
          "stddev" : 0.000000,
          "percentile" : {
            "1.000000" : 0,
            "5.000000" : 0,
            "10.000000" : 0,
            "20.000000" : 0,
            "30.000000" : 0,
            "40.000000" : 0,
            "50.000000" : 0,
            "60.000000" : 0,
            "70.000000" : 0,
            "80.000000" : 0,
            "90.000000" : 0,
            "95.000000" : 0,
            "99.000000" : 0,
            "99.500000" : 0,
            "99.900000" : 0,
            "99.950000" : 0,
            "99.990000" : 0
          }
        },
        "lat_ns" : {
          "min" : 0,
          "max" : 0,
          "mean" : 0.000000,
          "stddev" : 0.000000
        },
        "bw_min" : 0,
        "bw_max" : 0,
        "bw_agg" : 0.000000,
        "bw_mean" : 0.000000,
        "bw_dev" : 0.000000,
        "bw_samples" : 0,
        "iops_min" : 0,
        "iops_max" : 0,
        "iops_mean" : 0.000000,
        "iops_stddev" : 0.000000,
        "iops_samples" : 0
      },
      "sync" : {
        "lat_ns" : {
          "min" : 0,
          "max" : 0,
          "mean" : 0.000000,
          "stddev" : 0.000000,
          "percentile" : {
            "1.000000" : 0,
            "5.000000" : 0,
            "10.000000" : 0,
            "20.000000" : 0,
            "30.000000" : 0,
            "40.000000" : 0,
            "50.000000" : 0,
            "60.000000" : 0,
            "70.000000" : 0,
            "80.000000" : 0,
            "90.000000" : 0,
            "95.000000" : 0,
            "99.000000" : 0,
            "99.500000" : 0,
            "99.900000" : 0,
            "99.950000" : 0,
            "99.990000" : 0
          }
        },
        "total_ios" : 0
      },
      "usr_cpu" : 0.576982,
      "sys_cpu" : 1.671087,
      "ctx" : 46304,
      "majf" : 0,
      "minf" : 771,
      "iodepth_level" : {
        "1" : 0.100000,
        "2" : 0.100000,
        "4" : 0.100000,
        "8" : 0.100000,
        "16" : 0.100000,
        "32" : 0.100000,
        ">=64" : 99.866850
      },
      "latency_ns" : {
        "2" : 0.000000,
        "4" : 0.000000,
        "10" : 0.000000,
        "20" : 0.000000,
        "50" : 0.000000,
        "100" : 0.000000,
        "250" : 0.000000,
        "500" : 0.000000,
        "750" : 0.000000,
        "1000" : 0.000000
      },
      "latency_us" : {
        "2" : 0.000000,
        "4" : 0.000000,
        "10" : 0.000000,
        "20" : 0.000000,
        "50" : 0.000000,
        "100" : 0.048610,
        "250" : 2.415724,
        "500" : 1.804924,
        "750" : 0.896122,
        "1000" : 1.367431
      },
      "latency_ms" : {
        "2" : 3.776815,
        "4" : 5.237240,
        "10" : 7.416253,
        "20" : 9.307830,
        "50" : 18.256367,
        "100" : 12.393533,
        "250" : 14.739512,
        "500" : 12.818345,
        "750" : 5.609215,
        "1000" : 2.310050,
        "2000" : 0.000000,
        ">=2000" : 0.000000
      },
      "latency_depth" : 64,
      "latency_target" : 0,
      "latency_percentile" : 100.000000,
      "latency_window" : 0
    }
  ]
}
