{
  "fio version" : "fio-3.7",
  "timestamp" : 1589321192,
  "timestamp_ms" : 1589321192708,
  "time" : "Tue May 12 16:06:32 2020",
  "global options" : {
    "filename" : "/dev/sgt_vg_data_006/MACH2_data_006_256k",
    "rw" : "write",
    "ioengine" : "libaio",
    "iodepth" : "128",
    "numjobs" : "1",
    "direct" : "1",
    "random_generator" : "tausworthe64",
    "runtime" : "120"
  },
  "jobs" : [
    {
      "jobname" : "write-2048k",
      "groupid" : 0,
      "error" : 0,
      "eta" : 0,
      "elapsed" : 121,
      "job options" : {
        "name" : "write-2048k",
        "bs" : "2048k"
      },
      "read" : {
        "io_bytes" : 0,
        "io_kbytes" : 0,
        "bw_bytes" : 0,
        "bw" : 0,
        "iops" : 0.000000,
        "runtime" : 0,
        "total_ios" : 0,
        "short_ios" : 0,
        "drop_ios" : 0,
        "slat_ns" : {
          "min" : 0,
          "max" : 0,
          "mean" : 0.000000,
          "stddev" : 0.000000
        },
        "clat_ns" : {
          "min" : 0,
          "max" : 0,
          "mean" : 0.000000,
          "stddev" : 0.000000,
          "percentile" : {
            "1.000000" : 0,
            "5.000000" : 0,
            "10.000000" : 0,
            "20.000000" : 0,
            "30.000000" : 0,
            "40.000000" : 0,
            "50.000000" : 0,
            "60.000000" : 0,
            "70.000000" : 0,
            "80.000000" : 0,
            "90.000000" : 0,
            "95.000000" : 0,
            "99.000000" : 0,
            "99.500000" : 0,
            "99.900000" : 0,
            "99.950000" : 0,
            "99.990000" : 0
          }
        },
        "lat_ns" : {
          "min" : 0,
          "max" : 0,
          "mean" : 0.000000,
          "stddev" : 0.000000
        },
        "bw_min" : 0,
        "bw_max" : 0,
        "bw_agg" : 0.000000,
        "bw_mean" : 0.000000,
        "bw_dev" : 0.000000,
        "bw_samples" : 0,
        "iops_min" : 0,
        "iops_max" : 0,
        "iops_mean" : 0.000000,
        "iops_stddev" : 0.000000,
        "iops_samples" : 0
      },
      "write" : {
        "io_bytes" : 43486543872,
        "io_kbytes" : 42467328,
        "bw_bytes" : 361559292,
        "bw" : 353085,
        "iops" : 172.404905,
        "runtime" : 120275,
        "total_ios" : 20736,
        "short_ios" : 0,
        "drop_ios" : 0,
        "slat_ns" : {
          "min" : 209090,
          "max" : 272421929,
          "mean" : 5785928.698544,
          "stddev" : 14818309.438873
        },
        "clat_ns" : {
          "min" : 245564403,
          "max" : 948716575,
          "mean" : 736162317.764133,
          "stddev" : 49129826.178830,
          "percentile" : {
            "1.000000" : 566231040,
            "5.000000" : 641728512,
            "10.000000" : 692060160,
            "20.000000" : 717225984,
            "30.000000" : 734003200,
            "40.000000" : 742391808,
            "50.000000" : 750780416,
            "60.000000" : 750780416,
            "70.000000" : 750780416,
            "80.000000" : 759169024,
            "90.000000" : 759169024,
            "95.000000" : 767557632,
            "99.000000" : 884998144,
            "99.500000" : 884998144,
            "99.900000" : 910163968,
            "99.950000" : 918552576,
            "99.990000" : 935329792
          }
        },
        "lat_ns" : {
          "min" : 282703198,
          "max" : 949042715,
          "mean" : 741948405.144772,
          "stddev" : 47330709.776373
        },
        "bw_min" : 228918,
        "bw_max" : 491520,
        "bw_agg" : 100.000000,
        "bw_mean" : 353100.552301,
        "bw_dev" : 28391.987124,
        "bw_samples" : 239,
        "iops_min" : 111,
        "iops_max" : 240,
        "iops_mean" : 172.338912,
        "iops_stddev" : 13.860583,
        "iops_samples" : 239
      },
      "trim" : {
        "io_bytes" : 0,
        "io_kbytes" : 0,
        "bw_bytes" : 0,
        "bw" : 0,
        "iops" : 0.000000,
        "runtime" : 0,
        "total_ios" : 0,
        "short_ios" : 0,
        "drop_ios" : 0,
        "slat_ns" : {
          "min" : 0,
          "max" : 0,
          "mean" : 0.000000,
          "stddev" : 0.000000
        },
        "clat_ns" : {
          "min" : 0,
          "max" : 0,
          "mean" : 0.000000,
          "stddev" : 0.000000,
          "percentile" : {
            "1.000000" : 0,
            "5.000000" : 0,
            "10.000000" : 0,
            "20.000000" : 0,
            "30.000000" : 0,
            "40.000000" : 0,
            "50.000000" : 0,
            "60.000000" : 0,
            "70.000000" : 0,
            "80.000000" : 0,
            "90.000000" : 0,
            "95.000000" : 0,
            "99.000000" : 0,
            "99.500000" : 0,
            "99.900000" : 0,
            "99.950000" : 0,
            "99.990000" : 0
          }
        },
        "lat_ns" : {
          "min" : 0,
          "max" : 0,
          "mean" : 0.000000,
          "stddev" : 0.000000
        },
        "bw_min" : 0,
        "bw_max" : 0,
        "bw_agg" : 0.000000,
        "bw_mean" : 0.000000,
        "bw_dev" : 0.000000,
        "bw_samples" : 0,
        "iops_min" : 0,
        "iops_max" : 0,
        "iops_mean" : 0.000000,
        "iops_stddev" : 0.000000,
        "iops_samples" : 0
      },
      "sync" : {
        "lat_ns" : {
          "min" : 0,
          "max" : 0,
          "mean" : 0.000000,
          "stddev" : 0.000000,
          "percentile" : {
            "1.000000" : 0,
            "5.000000" : 0,
            "10.000000" : 0,
            "20.000000" : 0,
            "30.000000" : 0,
            "40.000000" : 0,
            "50.000000" : 0,
            "60.000000" : 0,
            "70.000000" : 0,
            "80.000000" : 0,
            "90.000000" : 0,
            "95.000000" : 0,
            "99.000000" : 0,
            "99.500000" : 0,
            "99.900000" : 0,
            "99.950000" : 0,
            "99.990000" : 0
          }
        },
        "total_ios" : 0
      },
      "usr_cpu" : 2.021218,
      "sys_cpu" : 3.793006,
      "ctx" : 2668,
      "majf" : 0,
      "minf" : 2019,
      "iodepth_level" : {
        "1" : 0.100000,
        "2" : 0.100000,
        "4" : 0.100000,
        "8" : 0.100000,
        "16" : 0.100000,
        "32" : 0.154321,
        ">=64" : 99.696181
      },
      "latency_ns" : {
        "2" : 0.000000,
        "4" : 0.000000,
        "10" : 0.000000,
        "20" : 0.000000,
        "50" : 0.000000,
        "100" : 0.000000,
        "250" : 0.000000,
        "500" : 0.000000,
        "750" : 0.000000,
        "1000" : 0.000000
      },
      "latency_us" : {
        "2" : 0.000000,
        "4" : 0.000000,
        "10" : 0.000000,
        "20" : 0.000000,
        "50" : 0.000000,
        "100" : 0.000000,
        "250" : 0.000000,
        "500" : 0.000000,
        "750" : 0.000000,
        "1000" : 0.000000
      },
      "latency_ms" : {
        "2" : 0.000000,
        "4" : 0.000000,
        "10" : 0.000000,
        "20" : 0.000000,
        "50" : 0.000000,
        "100" : 0.000000,
        "250" : 0.010000,
        "500" : 0.260417,
        "750" : 55.034722,
        "1000" : 44.700039,
        "2000" : 0.000000,
        ">=2000" : 0.000000
      },
      "latency_depth" : 128,
      "latency_target" : 0,
      "latency_percentile" : 100.000000,
      "latency_window" : 0
    }
  ]
}
