{
  "fio version" : "fio-3.7",
  "timestamp" : 1589327858,
  "timestamp_ms" : 1589327858901,
  "time" : "Tue May 12 17:57:38 2020",
  "global options" : {
    "filename" : "/dev/sgt_vg_data_004/MACH2_data_004_64k",
    "rw" : "randrw",
    "ioengine" : "libaio",
    "iodepth" : "4",
    "numjobs" : "1",
    "direct" : "1",
    "random_generator" : "tausworthe64",
    "runtime" : "120"
  },
  "jobs" : [
    {
      "jobname" : "randrw-128k",
      "groupid" : 0,
      "error" : 0,
      "eta" : 0,
      "elapsed" : 121,
      "job options" : {
        "name" : "randrw-128k",
        "bs" : "128k"
      },
      "read" : {
        "io_bytes" : 969015296,
        "io_kbytes" : 946304,
        "bw_bytes" : 8072503,
        "bw" : 7883,
        "iops" : 61.588317,
        "runtime" : 120039,
        "total_ios" : 7393,
        "short_ios" : 0,
        "drop_ios" : 0,
        "slat_ns" : {
          "min" : 11155,
          "max" : 288957,
          "mean" : 53463.920060,
          "stddev" : 15118.019087
        },
        "clat_ns" : {
          "min" : 6315435,
          "max" : 383590841,
          "mean" : 53990656.554308,
          "stddev" : 35756562.855836,
          "percentile" : {
            "1.000000" : 11206656,
            "5.000000" : 16580608,
            "10.000000" : 20316160,
            "20.000000" : 26607616,
            "30.000000" : 31850496,
            "40.000000" : 38010880,
            "50.000000" : 44826624,
            "60.000000" : 52690944,
            "70.000000" : 62652416,
            "80.000000" : 76021760,
            "90.000000" : 99090432,
            "95.000000" : 121110528,
            "99.000000" : 183500800,
            "99.500000" : 210763776,
            "99.900000" : 270532608,
            "99.950000" : 312475648,
            "99.990000" : 383778816
          }
        },
        "lat_ns" : {
          "min" : 6335951,
          "max" : 383652322,
          "mean" : 54044699.694170,
          "stddev" : 35756892.074777
        },
        "bw_min" : 5876,
        "bw_max" : 12032,
        "bw_agg" : 99.978857,
        "bw_mean" : 7881.333333,
        "bw_dev" : 870.183050,
        "bw_samples" : 240,
        "iops_min" : 45,
        "iops_max" : 94,
        "iops_mean" : 61.500000,
        "iops_stddev" : 6.808806,
        "iops_samples" : 240
      },
      "write" : {
        "io_bytes" : 974520320,
        "io_kbytes" : 951680,
        "bw_bytes" : 8118364,
        "bw" : 7928,
        "iops" : 61.938203,
        "runtime" : 120039,
        "total_ios" : 7435,
        "short_ios" : 0,
        "drop_ios" : 0,
        "slat_ns" : {
          "min" : 10742,
          "max" : 407167,
          "mean" : 56005.342300,
          "stddev" : 16516.847323
        },
        "clat_ns" : {
          "min" : 288690,
          "max" : 93952026,
          "mean" : 10766333.710693,
          "stddev" : 8980734.380112,
          "percentile" : {
            "1.000000" : 321536,
            "5.000000" : 391168,
            "10.000000" : 428032,
            "20.000000" : 667648,
            "30.000000" : 3784704,
            "40.000000" : 6914048,
            "50.000000" : 10027008,
            "60.000000" : 12910592,
            "70.000000" : 15663104,
            "80.000000" : 18481152,
            "90.000000" : 22937600,
            "95.000000" : 26083328,
            "99.000000" : 34340864,
            "99.500000" : 37486592,
            "99.900000" : 43778048,
            "99.950000" : 49545216,
            "99.990000" : 93847552
          }
        },
        "lat_ns" : {
          "min" : 302383,
          "max" : 94018197,
          "mean" : 10822907.981036,
          "stddev" : 8980030.070374
        },
        "bw_min" : 4864,
        "bw_max" : 14336,
        "bw_agg" : 100.000000,
        "bw_mean" : 7929.312500,
        "bw_dev" : 1324.713973,
        "bw_samples" : 240,
        "iops_min" : 38,
        "iops_max" : 112,
        "iops_mean" : 61.875000,
        "iops_stddev" : 10.352824,
        "iops_samples" : 240
      },
      "trim" : {
        "io_bytes" : 0,
        "io_kbytes" : 0,
        "bw_bytes" : 0,
        "bw" : 0,
        "iops" : 0.000000,
        "runtime" : 0,
        "total_ios" : 0,
        "short_ios" : 0,
        "drop_ios" : 0,
        "slat_ns" : {
          "min" : 0,
          "max" : 0,
          "mean" : 0.000000,
          "stddev" : 0.000000
        },
        "clat_ns" : {
          "min" : 0,
          "max" : 0,
          "mean" : 0.000000,
          "stddev" : 0.000000,
          "percentile" : {
            "1.000000" : 0,
            "5.000000" : 0,
            "10.000000" : 0,
            "20.000000" : 0,
            "30.000000" : 0,
            "40.000000" : 0,
            "50.000000" : 0,
            "60.000000" : 0,
            "70.000000" : 0,
            "80.000000" : 0,
            "90.000000" : 0,
            "95.000000" : 0,
            "99.000000" : 0,
            "99.500000" : 0,
            "99.900000" : 0,
            "99.950000" : 0,
            "99.990000" : 0
          }
        },
        "lat_ns" : {
          "min" : 0,
          "max" : 0,
          "mean" : 0.000000,
          "stddev" : 0.000000
        },
        "bw_min" : 0,
        "bw_max" : 0,
        "bw_agg" : 0.000000,
        "bw_mean" : 0.000000,
        "bw_dev" : 0.000000,
        "bw_samples" : 0,
        "iops_min" : 0,
        "iops_max" : 0,
        "iops_mean" : 0.000000,
        "iops_stddev" : 0.000000,
        "iops_samples" : 0
      },
      "sync" : {
        "lat_ns" : {
          "min" : 0,
          "max" : 0,
          "mean" : 0.000000,
          "stddev" : 0.000000,
          "percentile" : {
            "1.000000" : 0,
            "5.000000" : 0,
            "10.000000" : 0,
            "20.000000" : 0,
            "30.000000" : 0,
            "40.000000" : 0,
            "50.000000" : 0,
            "60.000000" : 0,
            "70.000000" : 0,
            "80.000000" : 0,
            "90.000000" : 0,
            "95.000000" : 0,
            "99.000000" : 0,
            "99.500000" : 0,
            "99.900000" : 0,
            "99.950000" : 0,
            "99.990000" : 0
          }
        },
        "total_ios" : 0
      },
      "usr_cpu" : 0.205768,
      "sys_cpu" : 0.870558,
      "ctx" : 14756,
      "majf" : 0,
      "minf" : 354,
      "iodepth_level" : {
        "1" : 0.100000,
        "2" : 0.100000,
        "4" : 99.979768,
        "8" : 0.000000,
        "16" : 0.000000,
        "32" : 0.000000,
        ">=64" : 0.000000
      },
      "latency_ns" : {
        "2" : 0.000000,
        "4" : 0.000000,
        "10" : 0.000000,
        "20" : 0.000000,
        "50" : 0.000000,
        "100" : 0.000000,
        "250" : 0.000000,
        "500" : 0.000000,
        "750" : 0.000000,
        "1000" : 0.000000
      },
      "latency_us" : {
        "2" : 0.000000,
        "4" : 0.000000,
        "10" : 0.000000,
        "20" : 0.000000,
        "50" : 0.000000,
        "100" : 0.000000,
        "250" : 0.000000,
        "500" : 8.483949,
        "750" : 2.508767,
        "1000" : 1.584839
      },
      "latency_ms" : {
        "2" : 1.288104,
        "4" : 1.362288,
        "10" : 9.933909,
        "20" : 21.708929,
        "50" : 31.615862,
        "100" : 16.738603,
        "250" : 4.687079,
        "500" : 0.087672,
        "750" : 0.000000,
        "1000" : 0.000000,
        "2000" : 0.000000,
        ">=2000" : 0.000000
      },
      "latency_depth" : 4,
      "latency_target" : 0,
      "latency_percentile" : 100.000000,
      "latency_window" : 0
    }
  ]
}
