{
  "fio version" : "fio-3.7",
  "timestamp" : 1589323009,
  "timestamp_ms" : 1589323009813,
  "time" : "Tue May 12 16:36:49 2020",
  "global options" : {
    "filename" : "/dev/sgt_vg_data_010/MACH2_data_010_4096k",
    "rw" : "randrw",
    "ioengine" : "libaio",
    "iodepth" : "4",
    "numjobs" : "1",
    "direct" : "1",
    "random_generator" : "tausworthe64",
    "runtime" : "120"
  },
  "jobs" : [
    {
      "jobname" : "randrw-4k",
      "groupid" : 0,
      "error" : 0,
      "eta" : 0,
      "elapsed" : 121,
      "job options" : {
        "name" : "randrw-4k",
        "bs" : "4k"
      },
      "read" : {
        "io_bytes" : 60964864,
        "io_kbytes" : 59536,
        "bw_bytes" : 507909,
        "bw" : 496,
        "iops" : 124.001300,
        "runtime" : 120031,
        "total_ios" : 14884,
        "short_ios" : 0,
        "drop_ios" : 0,
        "slat_ns" : {
          "min" : 3211,
          "max" : 74056,
          "mean" : 21545.931537,
          "stddev" : 9356.704494
        },
        "clat_ns" : {
          "min" : 2420178,
          "max" : 303465534,
          "mean" : 31183195.378326,
          "stddev" : 24191824.439538,
          "percentile" : {
            "1.000000" : 5931008,
            "5.000000" : 8454144,
            "10.000000" : 10420224,
            "20.000000" : 13434880,
            "30.000000" : 16318464,
            "40.000000" : 19267584,
            "50.000000" : 22937600,
            "60.000000" : 27918336,
            "70.000000" : 35389440,
            "80.000000" : 45875200,
            "90.000000" : 64225280,
            "95.000000" : 79167488,
            "99.000000" : 114819072,
            "99.500000" : 129499136,
            "99.900000" : 189792256,
            "99.950000" : 221249536,
            "99.990000" : 295698432
          }
        },
        "lat_ns" : {
          "min" : 2431222,
          "max" : 303479352,
          "mean" : 31205126.290916,
          "stddev" : 24191490.211988
        },
        "bw_min" : 376,
        "bw_max" : 656,
        "bw_agg" : 99.970598,
        "bw_mean" : 495.854167,
        "bw_dev" : 44.346387,
        "bw_samples" : 240,
        "iops_min" : 94,
        "iops_max" : 164,
        "iops_mean" : 123.887500,
        "iops_stddev" : 11.098261,
        "iops_samples" : 240
      },
      "write" : {
        "io_bytes" : 60706816,
        "io_kbytes" : 59284,
        "bw_bytes" : 505759,
        "bw" : 493,
        "iops" : 123.476435,
        "runtime" : 120031,
        "total_ios" : 14821,
        "short_ios" : 0,
        "drop_ios" : 0,
        "slat_ns" : {
          "min" : 3198,
          "max" : 95751,
          "mean" : 21246.755954,
          "stddev" : 10265.988003
        },
        "clat_ns" : {
          "min" : 59334,
          "max" : 25818356,
          "mean" : 1005359.006815,
          "stddev" : 2445023.128811,
          "percentile" : {
            "1.000000" : 85504,
            "5.000000" : 100864,
            "10.000000" : 115200,
            "20.000000" : 138240,
            "30.000000" : 158720,
            "40.000000" : 179200,
            "50.000000" : 201728,
            "60.000000" : 240640,
            "70.000000" : 407552,
            "80.000000" : 708608,
            "90.000000" : 2088960,
            "95.000000" : 5931008,
            "99.000000" : 12648448,
            "99.500000" : 15532032,
            "99.900000" : 20054016,
            "99.950000" : 21364736,
            "99.990000" : 24772608
          }
        },
        "lat_ns" : {
          "min" : 71760,
          "max" : 25833353,
          "mean" : 1026973.366844,
          "stddev" : 2445491.322761
        },
        "bw_min" : 288,
        "bw_max" : 896,
        "bw_agg" : 100.000000,
        "bw_mean" : 493.845833,
        "bw_dev" : 79.944000,
        "bw_samples" : 240,
        "iops_min" : 72,
        "iops_max" : 224,
        "iops_mean" : 123.387500,
        "iops_stddev" : 19.990266,
        "iops_samples" : 240
      },
      "trim" : {
        "io_bytes" : 0,
        "io_kbytes" : 0,
        "bw_bytes" : 0,
        "bw" : 0,
        "iops" : 0.000000,
        "runtime" : 0,
        "total_ios" : 0,
        "short_ios" : 0,
        "drop_ios" : 0,
        "slat_ns" : {
          "min" : 0,
          "max" : 0,
          "mean" : 0.000000,
          "stddev" : 0.000000
        },
        "clat_ns" : {
          "min" : 0,
          "max" : 0,
          "mean" : 0.000000,
          "stddev" : 0.000000,
          "percentile" : {
            "1.000000" : 0,
            "5.000000" : 0,
            "10.000000" : 0,
            "20.000000" : 0,
            "30.000000" : 0,
            "40.000000" : 0,
            "50.000000" : 0,
            "60.000000" : 0,
            "70.000000" : 0,
            "80.000000" : 0,
            "90.000000" : 0,
            "95.000000" : 0,
            "99.000000" : 0,
            "99.500000" : 0,
            "99.900000" : 0,
            "99.950000" : 0,
            "99.990000" : 0
          }
        },
        "lat_ns" : {
          "min" : 0,
          "max" : 0,
          "mean" : 0.000000,
          "stddev" : 0.000000
        },
        "bw_min" : 0,
        "bw_max" : 0,
        "bw_agg" : 0.000000,
        "bw_mean" : 0.000000,
        "bw_dev" : 0.000000,
        "bw_samples" : 0,
        "iops_min" : 0,
        "iops_max" : 0,
        "iops_mean" : 0.000000,
        "iops_stddev" : 0.000000,
        "iops_samples" : 0
      },
      "sync" : {
        "lat_ns" : {
          "min" : 0,
          "max" : 0,
          "mean" : 0.000000,
          "stddev" : 0.000000,
          "percentile" : {
            "1.000000" : 0,
            "5.000000" : 0,
            "10.000000" : 0,
            "20.000000" : 0,
            "30.000000" : 0,
            "40.000000" : 0,
            "50.000000" : 0,
            "60.000000" : 0,
            "70.000000" : 0,
            "80.000000" : 0,
            "90.000000" : 0,
            "95.000000" : 0,
            "99.000000" : 0,
            "99.500000" : 0,
            "99.900000" : 0,
            "99.950000" : 0,
            "99.990000" : 0
          }
        },
        "total_ios" : 0
      },
      "usr_cpu" : 0.326585,
      "sys_cpu" : 0.941431,
      "ctx" : 29303,
      "majf" : 0,
      "minf" : 903,
      "iodepth_level" : {
        "1" : 0.100000,
        "2" : 0.100000,
        "4" : 99.989901,
        "8" : 0.000000,
        "16" : 0.000000,
        "32" : 0.000000,
        ">=64" : 0.000000
      },
      "latency_ns" : {
        "2" : 0.000000,
        "4" : 0.000000,
        "10" : 0.000000,
        "20" : 0.000000,
        "50" : 0.000000,
        "100" : 0.000000,
        "250" : 0.000000,
        "500" : 0.000000,
        "750" : 0.000000,
        "1000" : 0.000000
      },
      "latency_us" : {
        "2" : 0.000000,
        "4" : 0.000000,
        "10" : 0.000000,
        "20" : 0.000000,
        "50" : 0.000000,
        "100" : 2.349773,
        "250" : 28.446389,
        "500" : 5.265107,
        "750" : 4.356169,
        "1000" : 2.107389
      },
      "latency_ms" : {
        "2" : 2.326208,
        "4" : 1.181619,
        "10" : 7.254671,
        "20" : 17.707457,
        "50" : 20.380407,
        "100" : 7.621613,
        "250" : 0.996465,
        "500" : 0.010000,
        "750" : 0.000000,
        "1000" : 0.000000,
        "2000" : 0.000000,
        ">=2000" : 0.000000
      },
      "latency_depth" : 4,
      "latency_target" : 0,
      "latency_percentile" : 100.000000,
      "latency_window" : 0
    }
  ]
}
