{
  "fio version" : "fio-3.7",
  "timestamp" : 1589328217,
  "timestamp_ms" : 1589328217983,
  "time" : "Tue May 12 18:03:37 2020",
  "global options" : {
    "filename" : "/dev/sgt_vg_data_005/MACH2_data_005_128k",
    "rw" : "randrw",
    "ioengine" : "libaio",
    "iodepth" : "32",
    "numjobs" : "1",
    "direct" : "1",
    "random_generator" : "tausworthe64",
    "runtime" : "120"
  },
  "jobs" : [
    {
      "jobname" : "randrw-128k",
      "groupid" : 0,
      "error" : 0,
      "eta" : 0,
      "elapsed" : 121,
      "job options" : {
        "name" : "randrw-128k",
        "bs" : "128k"
      },
      "read" : {
        "io_bytes" : 2344878080,
        "io_kbytes" : 2289920,
        "bw_bytes" : 19510409,
        "bw" : 19053,
        "iops" : 148.852612,
        "runtime" : 120186,
        "total_ios" : 17890,
        "short_ios" : 0,
        "drop_ios" : 0,
        "slat_ns" : {
          "min" : 8356,
          "max" : 371693,
          "mean" : 49711.234768,
          "stddev" : 18417.642385
        },
        "clat_ns" : {
          "min" : 2638787,
          "max" : 2026587495,
          "mean" : 184773675.311347,
          "stddev" : 188856494.886380,
          "percentile" : {
            "1.000000" : 6979584,
            "5.000000" : 12779520,
            "10.000000" : 19529728,
            "20.000000" : 37486592,
            "30.000000" : 62652416,
            "40.000000" : 91750400,
            "50.000000" : 126353408,
            "60.000000" : 170917888,
            "70.000000" : 225443840,
            "80.000000" : 295698432,
            "90.000000" : 421527552,
            "95.000000" : 549453824,
            "99.000000" : 868220928,
            "99.500000" : 1027604480,
            "99.900000" : 1434451968,
            "99.950000" : 1551892480,
            "99.990000" : 1870659584
          }
        },
        "lat_ns" : {
          "min" : 2660461,
          "max" : 2026638034,
          "mean" : 184823939.918782,
          "stddev" : 188856741.187954
        },
        "bw_min" : 9728,
        "bw_max" : 24320,
        "bw_agg" : 99.998272,
        "bw_mean" : 19052.670833,
        "bw_dev" : 2178.094279,
        "bw_samples" : 240,
        "iops_min" : 76,
        "iops_max" : 190,
        "iops_mean" : 148.795833,
        "iops_stddev" : 17.025086,
        "iops_samples" : 240
      },
      "write" : {
        "io_bytes" : 2348548096,
        "io_kbytes" : 2293504,
        "bw_bytes" : 19540945,
        "bw" : 19082,
        "iops" : 149.085584,
        "runtime" : 120186,
        "total_ios" : 17918,
        "short_ios" : 0,
        "drop_ios" : 0,
        "slat_ns" : {
          "min" : 8425,
          "max" : 456001,
          "mean" : 56174.447316,
          "stddev" : 20538.710457
        },
        "clat_ns" : {
          "min" : 204510,
          "max" : 594573456,
          "mean" : 30025049.316553,
          "stddev" : 35231760.443670,
          "percentile" : {
            "1.000000" : 252928,
            "5.000000" : 288768,
            "10.000000" : 317440,
            "20.000000" : 561152,
            "30.000000" : 5013504,
            "40.000000" : 14614528,
            "50.000000" : 21102592,
            "60.000000" : 28442624,
            "70.000000" : 38010880,
            "80.000000" : 51118080,
            "90.000000" : 71827456,
            "95.000000" : 93847552,
            "99.000000" : 152043520,
            "99.500000" : 187695104,
            "99.900000" : 320864256,
            "99.950000" : 408944640,
            "99.990000" : 442499072
          }
        },
        "lat_ns" : {
          "min" : 216705,
          "max" : 594629520,
          "mean" : 30081775.532760,
          "stddev" : 35232154.962338
        },
        "bw_min" : 7680,
        "bw_max" : 28416,
        "bw_agg" : 100.000000,
        "bw_mean" : 19101.629167,
        "bw_dev" : 2364.559502,
        "bw_samples" : 240,
        "iops_min" : 60,
        "iops_max" : 222,
        "iops_mean" : 149.179167,
        "iops_stddev" : 18.472336,
        "iops_samples" : 240
      },
      "trim" : {
        "io_bytes" : 0,
        "io_kbytes" : 0,
        "bw_bytes" : 0,
        "bw" : 0,
        "iops" : 0.000000,
        "runtime" : 0,
        "total_ios" : 0,
        "short_ios" : 0,
        "drop_ios" : 0,
        "slat_ns" : {
          "min" : 0,
          "max" : 0,
          "mean" : 0.000000,
          "stddev" : 0.000000
        },
        "clat_ns" : {
          "min" : 0,
          "max" : 0,
          "mean" : 0.000000,
          "stddev" : 0.000000,
          "percentile" : {
            "1.000000" : 0,
            "5.000000" : 0,
            "10.000000" : 0,
            "20.000000" : 0,
            "30.000000" : 0,
            "40.000000" : 0,
            "50.000000" : 0,
            "60.000000" : 0,
            "70.000000" : 0,
            "80.000000" : 0,
            "90.000000" : 0,
            "95.000000" : 0,
            "99.000000" : 0,
            "99.500000" : 0,
            "99.900000" : 0,
            "99.950000" : 0,
            "99.990000" : 0
          }
        },
        "lat_ns" : {
          "min" : 0,
          "max" : 0,
          "mean" : 0.000000,
          "stddev" : 0.000000
        },
        "bw_min" : 0,
        "bw_max" : 0,
        "bw_agg" : 0.000000,
        "bw_mean" : 0.000000,
        "bw_dev" : 0.000000,
        "bw_samples" : 0,
        "iops_min" : 0,
        "iops_max" : 0,
        "iops_mean" : 0.000000,
        "iops_stddev" : 0.000000,
        "iops_samples" : 0
      },
      "sync" : {
        "lat_ns" : {
          "min" : 0,
          "max" : 0,
          "mean" : 0.000000,
          "stddev" : 0.000000,
          "percentile" : {
            "1.000000" : 0,
            "5.000000" : 0,
            "10.000000" : 0,
            "20.000000" : 0,
            "30.000000" : 0,
            "40.000000" : 0,
            "50.000000" : 0,
            "60.000000" : 0,
            "70.000000" : 0,
            "80.000000" : 0,
            "90.000000" : 0,
            "95.000000" : 0,
            "99.000000" : 0,
            "99.500000" : 0,
            "99.900000" : 0,
            "99.950000" : 0,
            "99.990000" : 0
          }
        },
        "total_ios" : 0
      },
      "usr_cpu" : 0.569123,
      "sys_cpu" : 1.940342,
      "ctx" : 35431,
      "majf" : 0,
      "minf" : 1951,
      "iodepth_level" : {
        "1" : 0.100000,
        "2" : 0.100000,
        "4" : 0.100000,
        "8" : 0.100000,
        "16" : 0.100000,
        "32" : 99.913427,
        ">=64" : 0.000000
      },
      "latency_ns" : {
        "2" : 0.000000,
        "4" : 0.000000,
        "10" : 0.000000,
        "20" : 0.000000,
        "50" : 0.000000,
        "100" : 0.000000,
        "250" : 0.000000,
        "500" : 0.000000,
        "750" : 0.000000,
        "1000" : 0.000000
      },
      "latency_us" : {
        "2" : 0.000000,
        "4" : 0.000000,
        "10" : 0.000000,
        "20" : 0.000000,
        "50" : 0.000000,
        "100" : 0.000000,
        "250" : 0.402145,
        "500" : 9.341488,
        "750" : 1.552726,
        "1000" : 1.533177
      },
      "latency_ms" : {
        "2" : 1.198056,
        "4" : 0.656278,
        "10" : 4.105228,
        "20" : 10.626117,
        "50" : 22.994861,
        "100" : 16.736483,
        "250" : 17.711126,
        "500" : 9.902815,
        "750" : 2.317918,
        "1000" : 0.636729,
        "2000" : 0.000000,
        ">=2000" : 0.000000
      },
      "latency_depth" : 32,
      "latency_target" : 0,
      "latency_percentile" : 100.000000,
      "latency_window" : 0
    }
  ]
}
