{
  "fio version" : "fio-3.7",
  "timestamp" : 1579562509,
  "timestamp_ms" : 1579562509646,
  "time" : "Mon Jan 20 16:21:49 2020",
  "global options" : {
    "directory" : "/tank/"
  },
  "jobs" : [
    {
      "jobname" : "mach2_zfs_zmirror",
      "groupid" : 0,
      "error" : 0,
      "eta" : 0,
      "elapsed" : 181,
      "job options" : {
        "name" : "mach2_zfs_zmirror",
        "rw" : "randwrite",
        "group_reporting" : "1",
        "bs" : "32k",
        "direct" : "1",
        "numjobs" : "2",
        "time_based" : "1",
        "runtime" : "180",
        "iodepth" : "128",
        "ioengine" : "libaio",
        "size" : "64G"
      },
      "read" : {
        "io_bytes" : 0,
        "io_kbytes" : 0,
        "bw_bytes" : 0,
        "bw" : 0,
        "iops" : 0.000000,
        "runtime" : 0,
        "total_ios" : 0,
        "short_ios" : 0,
        "drop_ios" : 0,
        "slat_ns" : {
          "min" : 0,
          "max" : 0,
          "mean" : 0.000000,
          "stddev" : 0.000000
        },
        "clat_ns" : {
          "min" : 0,
          "max" : 0,
          "mean" : 0.000000,
          "stddev" : 0.000000,
          "percentile" : {
            "1.000000" : 0,
            "5.000000" : 0,
            "10.000000" : 0,
            "20.000000" : 0,
            "30.000000" : 0,
            "40.000000" : 0,
            "50.000000" : 0,
            "60.000000" : 0,
            "70.000000" : 0,
            "80.000000" : 0,
            "90.000000" : 0,
            "95.000000" : 0,
            "99.000000" : 0,
            "99.500000" : 0,
            "99.900000" : 0,
            "99.950000" : 0,
            "99.990000" : 0
          }
        },
        "lat_ns" : {
          "min" : 0,
          "max" : 0,
          "mean" : 0.000000,
          "stddev" : 0.000000
        },
        "bw_min" : 0,
        "bw_max" : 0,
        "bw_agg" : 0.000000,
        "bw_mean" : 0.000000,
        "bw_dev" : 0.000000,
        "bw_samples" : 0,
        "iops_min" : 0,
        "iops_max" : 0,
        "iops_mean" : 0.000000,
        "iops_stddev" : 0.000000,
        "iops_samples" : 0
      },
      "write" : {
        "io_bytes" : 33636155392,
        "io_kbytes" : 32847808,
        "bw_bytes" : 186865453,
        "bw" : 182485,
        "iops" : 5702.681081,
        "runtime" : 180002,
        "total_ios" : 1026494,
        "short_ios" : 0,
        "drop_ios" : 0,
        "slat_ns" : {
          "min" : 8024,
          "max" : 462073175,
          "mean" : 348599.001578,
          "stddev" : 3187903.109285
        },
        "clat_ns" : {
          "min" : 8851,
          "max" : 3125104225,
          "mean" : 44539673.056338,
          "stddev" : 123912562.367154,
          "percentile" : {
            "1.000000" : 6193152,
            "5.000000" : 6389760,
            "10.000000" : 6586368,
            "20.000000" : 7176192,
            "30.000000" : 7766016,
            "40.000000" : 8093696,
            "50.000000" : 8716288,
            "60.000000" : 16187392,
            "70.000000" : 29491200,
            "80.000000" : 49020928,
            "90.000000" : 82313216,
            "95.000000" : 129499136,
            "99.000000" : 666894336,
            "99.500000" : 918552576,
            "99.900000" : 1484783616,
            "99.950000" : 1669332992,
            "99.990000" : 2566914048
          }
        },
        "lat_ns" : {
          "min" : 368436,
          "max" : 3146571668,
          "mean" : 44888422.290344,
          "stddev" : 124822589.180071
        },
        "bw_min" : 448,
        "bw_max" : 522944,
        "bw_agg" : 50.044145,
        "bw_mean" : 91323.058414,
        "bw_dev" : 120261.509790,
        "bw_samples" : 719,
        "iops_min" : 14,
        "iops_max" : 16342,
        "iops_mean" : 2853.789986,
        "iops_stddev" : 3758.189310,
        "iops_samples" : 719
      },
      "trim" : {
        "io_bytes" : 0,
        "io_kbytes" : 0,
        "bw_bytes" : 0,
        "bw" : 0,
        "iops" : 0.000000,
        "runtime" : 0,
        "total_ios" : 0,
        "short_ios" : 0,
        "drop_ios" : 0,
        "slat_ns" : {
          "min" : 0,
          "max" : 0,
          "mean" : 0.000000,
          "stddev" : 0.000000
        },
        "clat_ns" : {
          "min" : 0,
          "max" : 0,
          "mean" : 0.000000,
          "stddev" : 0.000000,
          "percentile" : {
            "1.000000" : 0,
            "5.000000" : 0,
            "10.000000" : 0,
            "20.000000" : 0,
            "30.000000" : 0,
            "40.000000" : 0,
            "50.000000" : 0,
            "60.000000" : 0,
            "70.000000" : 0,
            "80.000000" : 0,
            "90.000000" : 0,
            "95.000000" : 0,
            "99.000000" : 0,
            "99.500000" : 0,
            "99.900000" : 0,
            "99.950000" : 0,
            "99.990000" : 0
          }
        },
        "lat_ns" : {
          "min" : 0,
          "max" : 0,
          "mean" : 0.000000,
          "stddev" : 0.000000
        },
        "bw_min" : 0,
        "bw_max" : 0,
        "bw_agg" : 0.000000,
        "bw_mean" : 0.000000,
        "bw_dev" : 0.000000,
        "bw_samples" : 0,
        "iops_min" : 0,
        "iops_max" : 0,
        "iops_mean" : 0.000000,
        "iops_stddev" : 0.000000,
        "iops_samples" : 0
      },
      "sync" : {
        "lat_ns" : {
          "min" : 0,
          "max" : 0,
          "mean" : 0.000000,
          "stddev" : 0.000000,
          "percentile" : {
            "1.000000" : 0,
            "5.000000" : 0,
            "10.000000" : 0,
            "20.000000" : 0,
            "30.000000" : 0,
            "40.000000" : 0,
            "50.000000" : 0,
            "60.000000" : 0,
            "70.000000" : 0,
            "80.000000" : 0,
            "90.000000" : 0,
            "95.000000" : 0,
            "99.000000" : 0,
            "99.500000" : 0,
            "99.900000" : 0,
            "99.950000" : 0,
            "99.990000" : 0
          }
        },
        "total_ios" : 0
      },
      "usr_cpu" : 1.148052,
      "sys_cpu" : 15.986900,
      "ctx" : 166207,
      "majf" : 0,
      "minf" : 6102,
      "iodepth_level" : {
        "1" : 0.100000,
        "2" : 0.100000,
        "4" : 0.100000,
        "8" : 0.100000,
        "16" : 0.100000,
        "32" : 0.100000,
        ">=64" : 99.987725
      },
      "latency_ns" : {
        "2" : 0.000000,
        "4" : 0.000000,
        "10" : 0.000000,
        "20" : 0.000000,
        "50" : 0.000000,
        "100" : 0.000000,
        "250" : 0.000000,
        "500" : 0.000000,
        "750" : 0.000000,
        "1000" : 0.000000
      },
      "latency_us" : {
        "2" : 0.000000,
        "4" : 0.000000,
        "10" : 0.010000,
        "20" : 0.010000,
        "50" : 0.000000,
        "100" : 0.000000,
        "250" : 0.000000,
        "500" : 0.010000,
        "750" : 0.000000,
        "1000" : 0.010000
      },
      "latency_ms" : {
        "2" : 0.010000,
        "4" : 0.010000,
        "10" : 54.390479,
        "20" : 8.708965,
        "50" : 17.258357,
        "100" : 12.447321,
        "250" : 4.080004,
        "500" : 1.569615,
        "750" : 0.767759,
        "1000" : 0.380324,
        "2000" : 0.000000,
        ">=2000" : 0.000000
      },
      "latency_depth" : 128,
      "latency_target" : 0,
      "latency_percentile" : 100.000000,
      "latency_window" : 0
    }
  ]
}
