{
  "fio version" : "fio-3.7",
  "timestamp" : 1579555641,
  "timestamp_ms" : 1579555641179,
  "time" : "Mon Jan 20 14:27:21 2020",
  "global options" : {
    "directory" : "/tank/"
  },
  "jobs" : [
    {
      "jobname" : "mach2_zfs_zmirror",
      "groupid" : 0,
      "error" : 0,
      "eta" : 0,
      "elapsed" : 181,
      "job options" : {
        "name" : "mach2_zfs_zmirror",
        "rw" : "write",
        "group_reporting" : "1",
        "bs" : "8k",
        "direct" : "1",
        "numjobs" : "2",
        "time_based" : "1",
        "runtime" : "180",
        "iodepth" : "128",
        "ioengine" : "libaio",
        "size" : "64G"
      },
      "read" : {
        "io_bytes" : 0,
        "io_kbytes" : 0,
        "bw_bytes" : 0,
        "bw" : 0,
        "iops" : 0.000000,
        "runtime" : 0,
        "total_ios" : 0,
        "short_ios" : 0,
        "drop_ios" : 0,
        "slat_ns" : {
          "min" : 0,
          "max" : 0,
          "mean" : 0.000000,
          "stddev" : 0.000000
        },
        "clat_ns" : {
          "min" : 0,
          "max" : 0,
          "mean" : 0.000000,
          "stddev" : 0.000000,
          "percentile" : {
            "1.000000" : 0,
            "5.000000" : 0,
            "10.000000" : 0,
            "20.000000" : 0,
            "30.000000" : 0,
            "40.000000" : 0,
            "50.000000" : 0,
            "60.000000" : 0,
            "70.000000" : 0,
            "80.000000" : 0,
            "90.000000" : 0,
            "95.000000" : 0,
            "99.000000" : 0,
            "99.500000" : 0,
            "99.900000" : 0,
            "99.950000" : 0,
            "99.990000" : 0
          }
        },
        "lat_ns" : {
          "min" : 0,
          "max" : 0,
          "mean" : 0.000000,
          "stddev" : 0.000000
        },
        "bw_min" : 0,
        "bw_max" : 0,
        "bw_agg" : 0.000000,
        "bw_mean" : 0.000000,
        "bw_dev" : 0.000000,
        "bw_samples" : 0,
        "iops_min" : 0,
        "iops_max" : 0,
        "iops_mean" : 0.000000,
        "iops_stddev" : 0.000000,
        "iops_samples" : 0
      },
      "write" : {
        "io_bytes" : 36955373568,
        "io_kbytes" : 36089232,
        "bw_bytes" : 205290523,
        "bw" : 200479,
        "iops" : 25059.878343,
        "runtime" : 180015,
        "total_ios" : 4511154,
        "short_ios" : 0,
        "drop_ios" : 0,
        "slat_ns" : {
          "min" : 4454,
          "max" : 293798215,
          "mean" : 78160.588785,
          "stddev" : 1024822.490621
        },
        "clat_ns" : {
          "min" : 10365,
          "max" : 297391282,
          "mean" : 10135008.546338,
          "stddev" : 13785739.193399,
          "percentile" : {
            "1.000000" : 1044480,
            "5.000000" : 1155072,
            "10.000000" : 1564672,
            "20.000000" : 2736128,
            "30.000000" : 3260416,
            "40.000000" : 3588096,
            "50.000000" : 3883008,
            "60.000000" : 4489216,
            "70.000000" : 10289152,
            "80.000000" : 16908288,
            "90.000000" : 26083328,
            "95.000000" : 36962304,
            "99.000000" : 65273856,
            "99.500000" : 79167488,
            "99.900000" : 113770496,
            "99.950000" : 128450560,
            "99.990000" : 183500800
          }
        },
        "lat_ns" : {
          "min" : 925095,
          "max" : 297397875,
          "mean" : 10213264.781065,
          "stddev" : 13852387.845731
        },
        "bw_min" : 15360,
        "bw_max" : 940736,
        "bw_agg" : 49.977162,
        "bw_mean" : 100193.713889,
        "bw_dev" : 75211.378201,
        "bw_samples" : 720,
        "iops_min" : 1920,
        "iops_max" : 117592,
        "iops_mean" : 12524.126389,
        "iops_stddev" : 9401.439227,
        "iops_samples" : 720
      },
      "trim" : {
        "io_bytes" : 0,
        "io_kbytes" : 0,
        "bw_bytes" : 0,
        "bw" : 0,
        "iops" : 0.000000,
        "runtime" : 0,
        "total_ios" : 0,
        "short_ios" : 0,
        "drop_ios" : 0,
        "slat_ns" : {
          "min" : 0,
          "max" : 0,
          "mean" : 0.000000,
          "stddev" : 0.000000
        },
        "clat_ns" : {
          "min" : 0,
          "max" : 0,
          "mean" : 0.000000,
          "stddev" : 0.000000,
          "percentile" : {
            "1.000000" : 0,
            "5.000000" : 0,
            "10.000000" : 0,
            "20.000000" : 0,
            "30.000000" : 0,
            "40.000000" : 0,
            "50.000000" : 0,
            "60.000000" : 0,
            "70.000000" : 0,
            "80.000000" : 0,
            "90.000000" : 0,
            "95.000000" : 0,
            "99.000000" : 0,
            "99.500000" : 0,
            "99.900000" : 0,
            "99.950000" : 0,
            "99.990000" : 0
          }
        },
        "lat_ns" : {
          "min" : 0,
          "max" : 0,
          "mean" : 0.000000,
          "stddev" : 0.000000
        },
        "bw_min" : 0,
        "bw_max" : 0,
        "bw_agg" : 0.000000,
        "bw_mean" : 0.000000,
        "bw_dev" : 0.000000,
        "bw_samples" : 0,
        "iops_min" : 0,
        "iops_max" : 0,
        "iops_mean" : 0.000000,
        "iops_stddev" : 0.000000,
        "iops_samples" : 0
      },
      "sync" : {
        "lat_ns" : {
          "min" : 0,
          "max" : 0,
          "mean" : 0.000000,
          "stddev" : 0.000000,
          "percentile" : {
            "1.000000" : 0,
            "5.000000" : 0,
            "10.000000" : 0,
            "20.000000" : 0,
            "30.000000" : 0,
            "40.000000" : 0,
            "50.000000" : 0,
            "60.000000" : 0,
            "70.000000" : 0,
            "80.000000" : 0,
            "90.000000" : 0,
            "95.000000" : 0,
            "99.000000" : 0,
            "99.500000" : 0,
            "99.900000" : 0,
            "99.950000" : 0,
            "99.990000" : 0
          }
        },
        "total_ios" : 0
      },
      "usr_cpu" : 2.589600,
      "sys_cpu" : 13.541861,
      "ctx" : 193225,
      "majf" : 0,
      "minf" : 4009,
      "iodepth_level" : {
        "1" : 0.100000,
        "2" : 0.100000,
        "4" : 0.100000,
        "8" : 0.100000,
        "16" : 0.100000,
        "32" : 0.100000,
        ">=64" : 99.997207
      },
      "latency_ns" : {
        "2" : 0.000000,
        "4" : 0.000000,
        "10" : 0.000000,
        "20" : 0.000000,
        "50" : 0.000000,
        "100" : 0.000000,
        "250" : 0.000000,
        "500" : 0.000000,
        "750" : 0.000000,
        "1000" : 0.000000
      },
      "latency_us" : {
        "2" : 0.000000,
        "4" : 0.000000,
        "10" : 0.000000,
        "20" : 0.010000,
        "50" : 0.000000,
        "100" : 0.000000,
        "250" : 0.000000,
        "500" : 0.000000,
        "750" : 0.000000,
        "1000" : 0.261663
      },
      "latency_ms" : {
        "2" : 12.584252,
        "4" : 39.775299,
        "10" : 16.955661,
        "20" : 15.023473,
        "50" : 13.064772,
        "100" : 2.154127,
        "250" : 0.174811,
        "500" : 0.010000,
        "750" : 0.000000,
        "1000" : 0.000000,
        "2000" : 0.000000,
        ">=2000" : 0.000000
      },
      "latency_depth" : 128,
      "latency_target" : 0,
      "latency_percentile" : 100.000000,
      "latency_window" : 0
    }
  ]
}
