{
  "fio version" : "fio-3.7",
  "timestamp" : 1589087366,
  "timestamp_ms" : 1589087366849,
  "time" : "Sat May  9 23:09:26 2020",
  "global options" : {
    "filename" : "/dev/sgt_vg_data_001/MACH2_data_001_8k",
    "rw" : "randrw",
    "ioengine" : "libaio",
    "iodepth" : "1024",
    "numjobs" : "1",
    "direct" : "1",
    "runtime" : "120"
  },
  "jobs" : [
    {
      "jobname" : "randrw-512k",
      "groupid" : 0,
      "error" : 0,
      "eta" : 0,
      "elapsed" : 122,
      "job options" : {
        "name" : "randrw-512k",
        "bs" : "512k"
      },
      "read" : {
        "io_bytes" : 4485808128,
        "io_kbytes" : 4380672,
        "bw_bytes" : 37066667,
        "bw" : 36197,
        "iops" : 70.699058,
        "runtime" : 121020,
        "total_ios" : 8556,
        "short_ios" : 0,
        "drop_ios" : 0,
        "slat_ns" : {
          "min" : 103847,
          "max" : 156215924,
          "mean" : 7049101.701029,
          "stddev" : 27033604.678087
        },
        "clat_ns" : {
          "min" : 1000345831,
          "max" : 9633568450,
          "mean" : 7077301462.121790,
          "stddev" : 870628354.303520,
          "percentile" : {
            "1.000000" : 2264924160,
            "5.000000" : 6476005376,
            "10.000000" : 6677331968,
            "20.000000" : 6811549696,
            "30.000000" : 6945767424,
            "40.000000" : 7079985152,
            "50.000000" : 7147094016,
            "60.000000" : 7281311744,
            "70.000000" : 7415529472,
            "80.000000" : 7549747200,
            "90.000000" : 7683964928,
            "95.000000" : 7885291520,
            "99.000000" : 8355053568,
            "99.500000" : 8556380160,
            "99.900000" : 9059696640,
            "99.950000" : 9328132096,
            "99.990000" : 9596567552
          }
        },
        "lat_ns" : {
          "min" : 1111504859,
          "max" : 9633691700,
          "mean" : 7084350692.305893,
          "stddev" : 870440649.963364
        },
        "bw_min" : 17408,
        "bw_max" : 53141,
        "bw_agg" : 100.000000,
        "bw_mean" : 36206.321586,
        "bw_dev" : 6505.020921,
        "bw_samples" : 227,
        "iops_min" : 34,
        "iops_max" : 103,
        "iops_mean" : 70.524229,
        "iops_stddev" : 12.668094,
        "iops_samples" : 227
      },
      "write" : {
        "io_bytes" : 4496818176,
        "io_kbytes" : 4391424,
        "bw_bytes" : 37157644,
        "bw" : 36286,
        "iops" : 70.872583,
        "runtime" : 121020,
        "total_ios" : 8577,
        "short_ios" : 0,
        "drop_ios" : 0,
        "slat_ns" : {
          "min" : 121263,
          "max" : 173292623,
          "mean" : 6956907.002099,
          "stddev" : 26765768.551512
        },
        "clat_ns" : {
          "min" : 1111763569,
          "max" : 8354018994,
          "mean" : 7049421652.669664,
          "stddev" : 809227698.679082,
          "percentile" : {
            "1.000000" : 2264924160,
            "5.000000" : 6543114240,
            "10.000000" : 6811549696,
            "20.000000" : 6945767424,
            "30.000000" : 7012876288,
            "40.000000" : 7079985152,
            "50.000000" : 7147094016,
            "60.000000" : 7214202880,
            "70.000000" : 7348420608,
            "80.000000" : 7415529472,
            "90.000000" : 7482638336,
            "95.000000" : 7616856064,
            "99.000000" : 7952400384,
            "99.500000" : 8086618112,
            "99.900000" : 8287944704,
            "99.950000" : 8355053568,
            "99.990000" : 8355053568
          }
        },
        "lat_ns" : {
          "min" : 1111913187,
          "max" : 8354318301,
          "mean" : 7056378699.360502,
          "stddev" : 809138880.864112
        },
        "bw_min" : 1021,
        "bw_max" : 56320,
        "bw_agg" : 99.526927,
        "bw_mean" : 36114.340611,
        "bw_dev" : 7039.172016,
        "bw_samples" : 229,
        "iops_min" : 1,
        "iops_max" : 110,
        "iops_mean" : 70.340611,
        "iops_stddev" : 13.772180,
        "iops_samples" : 229
      },
      "trim" : {
        "io_bytes" : 0,
        "io_kbytes" : 0,
        "bw_bytes" : 0,
        "bw" : 0,
        "iops" : 0.000000,
        "runtime" : 0,
        "total_ios" : 0,
        "short_ios" : 0,
        "drop_ios" : 0,
        "slat_ns" : {
          "min" : 0,
          "max" : 0,
          "mean" : 0.000000,
          "stddev" : 0.000000
        },
        "clat_ns" : {
          "min" : 0,
          "max" : 0,
          "mean" : 0.000000,
          "stddev" : 0.000000,
          "percentile" : {
            "1.000000" : 0,
            "5.000000" : 0,
            "10.000000" : 0,
            "20.000000" : 0,
            "30.000000" : 0,
            "40.000000" : 0,
            "50.000000" : 0,
            "60.000000" : 0,
            "70.000000" : 0,
            "80.000000" : 0,
            "90.000000" : 0,
            "95.000000" : 0,
            "99.000000" : 0,
            "99.500000" : 0,
            "99.900000" : 0,
            "99.950000" : 0,
            "99.990000" : 0
          }
        },
        "lat_ns" : {
          "min" : 0,
          "max" : 0,
          "mean" : 0.000000,
          "stddev" : 0.000000
        },
        "bw_min" : 0,
        "bw_max" : 0,
        "bw_agg" : 0.000000,
        "bw_mean" : 0.000000,
        "bw_dev" : 0.000000,
        "bw_samples" : 0,
        "iops_min" : 0,
        "iops_max" : 0,
        "iops_mean" : 0.000000,
        "iops_stddev" : 0.000000,
        "iops_samples" : 0
      },
      "sync" : {
        "lat_ns" : {
          "min" : 0,
          "max" : 0,
          "mean" : 0.000000,
          "stddev" : 0.000000,
          "percentile" : {
            "1.000000" : 0,
            "5.000000" : 0,
            "10.000000" : 0,
            "20.000000" : 0,
            "30.000000" : 0,
            "40.000000" : 0,
            "50.000000" : 0,
            "60.000000" : 0,
            "70.000000" : 0,
            "80.000000" : 0,
            "90.000000" : 0,
            "95.000000" : 0,
            "99.000000" : 0,
            "99.500000" : 0,
            "99.900000" : 0,
            "99.950000" : 0,
            "99.990000" : 0
          }
        },
        "total_ios" : 0
      },
      "usr_cpu" : 0.222279,
      "sys_cpu" : 2.070749,
      "ctx" : 1207,
      "majf" : 0,
      "minf" : 2321,
      "iodepth_level" : {
        "1" : 0.100000,
        "2" : 0.100000,
        "4" : 0.100000,
        "8" : 0.100000,
        "16" : 0.100000,
        "32" : 0.186774,
        ">=64" : 99.632289
      },
      "latency_ns" : {
        "2" : 0.000000,
        "4" : 0.000000,
        "10" : 0.000000,
        "20" : 0.000000,
        "50" : 0.000000,
        "100" : 0.000000,
        "250" : 0.000000,
        "500" : 0.000000,
        "750" : 0.000000,
        "1000" : 0.000000
      },
      "latency_us" : {
        "2" : 0.000000,
        "4" : 0.000000,
        "10" : 0.000000,
        "20" : 0.000000,
        "50" : 0.000000,
        "100" : 0.000000,
        "250" : 0.000000,
        "500" : 0.000000,
        "750" : 0.000000,
        "1000" : 0.000000
      },
      "latency_ms" : {
        "2" : 0.000000,
        "4" : 0.000000,
        "10" : 0.000000,
        "20" : 0.000000,
        "50" : 0.000000,
        "100" : 0.000000,
        "250" : 0.000000,
        "500" : 0.000000,
        "750" : 0.000000,
        "1000" : 0.000000,
        "2000" : 0.000000,
        ">=2000" : 0.000000
      },
      "latency_depth" : 1024,
      "latency_target" : 0,
      "latency_percentile" : 100.000000,
      "latency_window" : 0
    }
  ]
}
