{
  "fio version" : "fio-3.7",
  "timestamp" : 1589081909,
  "timestamp_ms" : 1589081909953,
  "time" : "Sat May  9 21:38:29 2020",
  "global options" : {
    "filename" : "/dev/sgt_vg_data_000/MACH2_data_000_4k",
    "rw" : "randrw",
    "ioengine" : "libaio",
    "iodepth" : "32",
    "numjobs" : "1",
    "direct" : "1",
    "runtime" : "120"
  },
  "jobs" : [
    {
      "jobname" : "randrw-16k",
      "groupid" : 0,
      "error" : 0,
      "eta" : 0,
      "elapsed" : 121,
      "job options" : {
        "name" : "randrw-16k",
        "bs" : "16k"
      },
      "read" : {
        "io_bytes" : 187269120,
        "io_kbytes" : 182880,
        "bw_bytes" : 1553533,
        "bw" : 1517,
        "iops" : 94.820149,
        "runtime" : 120544,
        "total_ios" : 11430,
        "short_ios" : 0,
        "drop_ios" : 0,
        "slat_ns" : {
          "min" : 6398,
          "max" : 132312,
          "mean" : 37566.522835,
          "stddev" : 13978.161758
        },
        "clat_ns" : {
          "min" : 4702347,
          "max" : 2423449238,
          "mean" : 326167231.125284,
          "stddev" : 258853683.684313,
          "percentile" : {
            "1.000000" : 24510464,
            "5.000000" : 53739520,
            "10.000000" : 80216064,
            "20.000000" : 125304832,
            "30.000000" : 168820736,
            "40.000000" : 212860928,
            "50.000000" : 261095424,
            "60.000000" : 320864256,
            "70.000000" : 387973120,
            "80.000000" : 480247808,
            "90.000000" : 650117120,
            "95.000000" : 817889280,
            "99.000000" : 1249902592,
            "99.500000" : 1468006400,
            "99.900000" : 2139095040,
            "99.950000" : 2298478592,
            "99.990000" : 2432696320
          }
        },
        "lat_ns" : {
          "min" : 4732076,
          "max" : 2423497335,
          "mean" : 326205320.839020,
          "stddev" : 258853625.840500
        },
        "bw_min" : 1056,
        "bw_max" : 1952,
        "bw_agg" : 100.000000,
        "bw_mean" : 1519.791667,
        "bw_dev" : 164.068686,
        "bw_samples" : 240,
        "iops_min" : 66,
        "iops_max" : 122,
        "iops_mean" : 94.895833,
        "iops_stddev" : 10.270483,
        "iops_samples" : 240
      },
      "write" : {
        "io_bytes" : 186597376,
        "io_kbytes" : 182224,
        "bw_bytes" : 1547960,
        "bw" : 1511,
        "iops" : 94.480024,
        "runtime" : 120544,
        "total_ios" : 11389,
        "short_ios" : 0,
        "drop_ios" : 0,
        "slat_ns" : {
          "min" : 6588,
          "max" : 259476,
          "mean" : 37571.822548,
          "stddev" : 14610.073493
        },
        "clat_ns" : {
          "min" : 166796,
          "max" : 880683556,
          "mean" : 11189608.662481,
          "stddev" : 18232488.666006,
          "percentile" : {
            "1.000000" : 214016,
            "5.000000" : 268288,
            "10.000000" : 325632,
            "20.000000" : 700416,
            "30.000000" : 1482752,
            "40.000000" : 5013504,
            "50.000000" : 8290304,
            "60.000000" : 11206656,
            "70.000000" : 14614528,
            "80.000000" : 19267584,
            "90.000000" : 26607616,
            "95.000000" : 33161216,
            "99.000000" : 47448064,
            "99.500000" : 54788096,
            "99.900000" : 67633152,
            "99.950000" : 84410368,
            "99.990000" : 876609536
          }
        },
        "lat_ns" : {
          "min" : 184094,
          "max" : 880793494,
          "mean" : 11227703.718237,
          "stddev" : 18233615.880742
        },
        "bw_min" : 31,
        "bw_max" : 2880,
        "bw_agg" : 100.000000,
        "bw_mean" : 1511.344398,
        "bw_dev" : 230.271184,
        "bw_samples" : 241,
        "iops_min" : 1,
        "iops_max" : 180,
        "iops_mean" : 94.365145,
        "iops_stddev" : 14.440664,
        "iops_samples" : 241
      },
      "trim" : {
        "io_bytes" : 0,
        "io_kbytes" : 0,
        "bw_bytes" : 0,
        "bw" : 0,
        "iops" : 0.000000,
        "runtime" : 0,
        "total_ios" : 0,
        "short_ios" : 0,
        "drop_ios" : 0,
        "slat_ns" : {
          "min" : 0,
          "max" : 0,
          "mean" : 0.000000,
          "stddev" : 0.000000
        },
        "clat_ns" : {
          "min" : 0,
          "max" : 0,
          "mean" : 0.000000,
          "stddev" : 0.000000,
          "percentile" : {
            "1.000000" : 0,
            "5.000000" : 0,
            "10.000000" : 0,
            "20.000000" : 0,
            "30.000000" : 0,
            "40.000000" : 0,
            "50.000000" : 0,
            "60.000000" : 0,
            "70.000000" : 0,
            "80.000000" : 0,
            "90.000000" : 0,
            "95.000000" : 0,
            "99.000000" : 0,
            "99.500000" : 0,
            "99.900000" : 0,
            "99.950000" : 0,
            "99.990000" : 0
          }
        },
        "lat_ns" : {
          "min" : 0,
          "max" : 0,
          "mean" : 0.000000,
          "stddev" : 0.000000
        },
        "bw_min" : 0,
        "bw_max" : 0,
        "bw_agg" : 0.000000,
        "bw_mean" : 0.000000,
        "bw_dev" : 0.000000,
        "bw_samples" : 0,
        "iops_min" : 0,
        "iops_max" : 0,
        "iops_mean" : 0.000000,
        "iops_stddev" : 0.000000,
        "iops_samples" : 0
      },
      "sync" : {
        "lat_ns" : {
          "min" : 0,
          "max" : 0,
          "mean" : 0.000000,
          "stddev" : 0.000000,
          "percentile" : {
            "1.000000" : 0,
            "5.000000" : 0,
            "10.000000" : 0,
            "20.000000" : 0,
            "30.000000" : 0,
            "40.000000" : 0,
            "50.000000" : 0,
            "60.000000" : 0,
            "70.000000" : 0,
            "80.000000" : 0,
            "90.000000" : 0,
            "95.000000" : 0,
            "99.000000" : 0,
            "99.500000" : 0,
            "99.900000" : 0,
            "99.950000" : 0,
            "99.990000" : 0
          }
        },
        "total_ios" : 0
      },
      "usr_cpu" : 0.270443,
      "sys_cpu" : 1.016235,
      "ctx" : 22619,
      "majf" : 0,
      "minf" : 756,
      "iodepth_level" : {
        "1" : 0.100000,
        "2" : 0.100000,
        "4" : 0.100000,
        "8" : 0.100000,
        "16" : 0.100000,
        "32" : 99.864148,
        ">=64" : 0.000000
      },
      "latency_ns" : {
        "2" : 0.000000,
        "4" : 0.000000,
        "10" : 0.000000,
        "20" : 0.000000,
        "50" : 0.000000,
        "100" : 0.000000,
        "250" : 0.000000,
        "500" : 0.000000,
        "750" : 0.000000,
        "1000" : 0.000000
      },
      "latency_us" : {
        "2" : 0.000000,
        "4" : 0.000000,
        "10" : 0.000000,
        "20" : 0.000000,
        "50" : 0.000000,
        "100" : 0.000000,
        "250" : 1.818660,
        "500" : 7.081818,
        "750" : 1.424252,
        "1000" : 2.230597
      },
      "latency_ms" : {
        "2" : 3.313029,
        "4" : 2.191156,
        "10" : 10.079320,
        "20" : 12.616679,
        "50" : 10.863754,
        "100" : 5.324510,
        "250" : 16.972698,
        "500" : 16.832464,
        "750" : 6.043210,
        "1000" : 1.976423,
        "2000" : 0.000000,
        ">=2000" : 0.000000
      },
      "latency_depth" : 32,
      "latency_target" : 0,
      "latency_percentile" : 100.000000,
      "latency_window" : 0
    }
  ]
}
