{
  "fio version" : "fio-3.7",
  "timestamp" : 1589083482,
  "timestamp_ms" : 1589083482567,
  "time" : "Sat May  9 22:04:42 2020",
  "global options" : {
    "filename" : "/dev/sgt_vg_data_008/MACH2_data_008_1024k",
    "rw" : "randrw",
    "ioengine" : "libaio",
    "iodepth" : "256",
    "numjobs" : "1",
    "direct" : "1",
    "runtime" : "120"
  },
  "jobs" : [
    {
      "jobname" : "randrw-32k",
      "groupid" : 0,
      "error" : 0,
      "eta" : 0,
      "elapsed" : 121,
      "job options" : {
        "name" : "randrw-32k",
        "bs" : "32k"
      },
      "read" : {
        "io_bytes" : 741310464,
        "io_kbytes" : 723936,
        "bw_bytes" : 6139623,
        "bw" : 5995,
        "iops" : 187.366451,
        "runtime" : 120742,
        "total_ios" : 22623,
        "short_ios" : 0,
        "drop_ios" : 0,
        "slat_ns" : {
          "min" : 4716,
          "max" : 578095214,
          "mean" : 1797168.429430,
          "stddev" : 12889280.497057
        },
        "clat_ns" : {
          "min" : 11932236,
          "max" : 3065851898,
          "mean" : 828674357.115104,
          "stddev" : 324066006.595939,
          "percentile" : {
            "1.000000" : 358612992,
            "5.000000" : 471859200,
            "10.000000" : 522190848,
            "20.000000" : 583008256,
            "30.000000" : 641728512,
            "40.000000" : 692060160,
            "50.000000" : 750780416,
            "60.000000" : 826277888,
            "70.000000" : 910163968,
            "80.000000" : 1035993088,
            "90.000000" : 1233125376,
            "95.000000" : 1434451968,
            "99.000000" : 1971322880,
            "99.500000" : 2197815296,
            "99.900000" : 2801795072,
            "99.950000" : 2902458368,
            "99.990000" : 3036676096
          }
        },
        "lat_ns" : {
          "min" : 11938644,
          "max" : 3075761361,
          "mean" : 830471729.123060,
          "stddev" : 324201920.468170
        },
        "bw_min" : 2240,
        "bw_max" : 9792,
        "bw_agg" : 100.000000,
        "bw_mean" : 6017.246862,
        "bw_dev" : 1058.263494,
        "bw_samples" : 239,
        "iops_min" : 70,
        "iops_max" : 306,
        "iops_mean" : 187.979079,
        "iops_stddev" : 33.094396,
        "iops_samples" : 239
      },
      "write" : {
        "io_bytes" : 737378304,
        "io_kbytes" : 720096,
        "bw_bytes" : 6107057,
        "bw" : 5963,
        "iops" : 186.372596,
        "runtime" : 120742,
        "total_ios" : 22503,
        "short_ios" : 0,
        "drop_ios" : 0,
        "slat_ns" : {
          "min" : 5264,
          "max" : 685469250,
          "mean" : 1698407.303648,
          "stddev" : 11065371.220222
        },
        "clat_ns" : {
          "min" : 4804378,
          "max" : 2657111783,
          "mean" : 536885375.504867,
          "stddev" : 141268596.918227,
          "percentile" : {
            "1.000000" : 242221056,
            "5.000000" : 362807296,
            "10.000000" : 400556032,
            "20.000000" : 442499072,
            "30.000000" : 471859200,
            "40.000000" : 501219328,
            "50.000000" : 526385152,
            "60.000000" : 549453824,
            "70.000000" : 583008256,
            "80.000000" : 616562688,
            "90.000000" : 658505728,
            "95.000000" : 750780416,
            "99.000000" : 1115684864,
            "99.500000" : 1199570944,
            "99.900000" : 1266679808,
            "99.950000" : 1266679808,
            "99.990000" : 1484783616
          }
        },
        "lat_ns" : {
          "min" : 4813321,
          "max" : 2657133593,
          "mean" : 538583982.999067,
          "stddev" : 141565573.434632
        },
        "bw_min" : 64,
        "bw_max" : 14528,
        "bw_agg" : 100.000000,
        "bw_mean" : 6021.289916,
        "bw_dev" : 1371.913212,
        "bw_samples" : 238,
        "iops_min" : 2,
        "iops_max" : 454,
        "iops_mean" : 188.105042,
        "iops_stddev" : 42.892485,
        "iops_samples" : 238
      },
      "trim" : {
        "io_bytes" : 0,
        "io_kbytes" : 0,
        "bw_bytes" : 0,
        "bw" : 0,
        "iops" : 0.000000,
        "runtime" : 0,
        "total_ios" : 0,
        "short_ios" : 0,
        "drop_ios" : 0,
        "slat_ns" : {
          "min" : 0,
          "max" : 0,
          "mean" : 0.000000,
          "stddev" : 0.000000
        },
        "clat_ns" : {
          "min" : 0,
          "max" : 0,
          "mean" : 0.000000,
          "stddev" : 0.000000,
          "percentile" : {
            "1.000000" : 0,
            "5.000000" : 0,
            "10.000000" : 0,
            "20.000000" : 0,
            "30.000000" : 0,
            "40.000000" : 0,
            "50.000000" : 0,
            "60.000000" : 0,
            "70.000000" : 0,
            "80.000000" : 0,
            "90.000000" : 0,
            "95.000000" : 0,
            "99.000000" : 0,
            "99.500000" : 0,
            "99.900000" : 0,
            "99.950000" : 0,
            "99.990000" : 0
          }
        },
        "lat_ns" : {
          "min" : 0,
          "max" : 0,
          "mean" : 0.000000,
          "stddev" : 0.000000
        },
        "bw_min" : 0,
        "bw_max" : 0,
        "bw_agg" : 0.000000,
        "bw_mean" : 0.000000,
        "bw_dev" : 0.000000,
        "bw_samples" : 0,
        "iops_min" : 0,
        "iops_max" : 0,
        "iops_mean" : 0.000000,
        "iops_stddev" : 0.000000,
        "iops_samples" : 0
      },
      "sync" : {
        "lat_ns" : {
          "min" : 0,
          "max" : 0,
          "mean" : 0.000000,
          "stddev" : 0.000000,
          "percentile" : {
            "1.000000" : 0,
            "5.000000" : 0,
            "10.000000" : 0,
            "20.000000" : 0,
            "30.000000" : 0,
            "40.000000" : 0,
            "50.000000" : 0,
            "60.000000" : 0,
            "70.000000" : 0,
            "80.000000" : 0,
            "90.000000" : 0,
            "95.000000" : 0,
            "99.000000" : 0,
            "99.500000" : 0,
            "99.900000" : 0,
            "99.950000" : 0,
            "99.990000" : 0
          }
        },
        "total_ios" : 0
      },
      "usr_cpu" : 0.250950,
      "sys_cpu" : 0.944998,
      "ctx" : 17721,
      "majf" : 0,
      "minf" : 1304,
      "iodepth_level" : {
        "1" : 0.100000,
        "2" : 0.100000,
        "4" : 0.100000,
        "8" : 0.100000,
        "16" : 0.100000,
        "32" : 0.100000,
        ">=64" : 99.860391
      },
      "latency_ns" : {
        "2" : 0.000000,
        "4" : 0.000000,
        "10" : 0.000000,
        "20" : 0.000000,
        "50" : 0.000000,
        "100" : 0.000000,
        "250" : 0.000000,
        "500" : 0.000000,
        "750" : 0.000000,
        "1000" : 0.000000
      },
      "latency_us" : {
        "2" : 0.000000,
        "4" : 0.000000,
        "10" : 0.000000,
        "20" : 0.000000,
        "50" : 0.000000,
        "100" : 0.000000,
        "250" : 0.000000,
        "500" : 0.000000,
        "750" : 0.000000,
        "1000" : 0.000000
      },
      "latency_ms" : {
        "2" : 0.000000,
        "4" : 0.000000,
        "10" : 0.093073,
        "20" : 0.095289,
        "50" : 0.135177,
        "100" : 0.059832,
        "250" : 0.365643,
        "500" : 22.705314,
        "750" : 49.100297,
        "1000" : 15.501042,
        "2000" : 0.000000,
        ">=2000" : 0.000000
      },
      "latency_depth" : 256,
      "latency_target" : 0,
      "latency_percentile" : 100.000000,
      "latency_window" : 0
    }
  ]
}
