{
  "fio version" : "fio-3.7",
  "timestamp" : 1589085905,
  "timestamp_ms" : 1589085905437,
  "time" : "Sat May  9 22:45:05 2020",
  "global options" : {
    "filename" : "/dev/sgt_vg_data_003/MACH2_data_003_32k",
    "rw" : "randrw",
    "ioengine" : "libaio",
    "iodepth" : "256",
    "numjobs" : "1",
    "direct" : "1",
    "runtime" : "120"
  },
  "jobs" : [
    {
      "jobname" : "randrw-256k",
      "groupid" : 0,
      "error" : 0,
      "eta" : 0,
      "elapsed" : 122,
      "job options" : {
        "name" : "randrw-256k",
        "bs" : "256k"
      },
      "read" : {
        "io_bytes" : 2617245696,
        "io_kbytes" : 2555904,
        "bw_bytes" : 21648199,
        "bw" : 21140,
        "iops" : 82.581328,
        "runtime" : 120899,
        "total_ios" : 9984,
        "short_ios" : 0,
        "drop_ios" : 0,
        "slat_ns" : {
          "min" : 23061,
          "max" : 168528383,
          "mean" : 5877306.626302,
          "stddev" : 23247517.683290
        },
        "clat_ns" : {
          "min" : 715917666,
          "max" : 3876092445,
          "mean" : 1636878748.443213,
          "stddev" : 358556346.947868,
          "percentile" : {
            "1.000000" : 1002438656,
            "5.000000" : 1149239296,
            "10.000000" : 1233125376,
            "20.000000" : 1367343104,
            "30.000000" : 1451229184,
            "40.000000" : 1518338048,
            "50.000000" : 1585446912,
            "60.000000" : 1652555776,
            "70.000000" : 1753219072,
            "80.000000" : 1870659584,
            "90.000000" : 2071986176,
            "95.000000" : 2264924160,
            "99.000000" : 2868903936,
            "99.500000" : 3170893824,
            "99.900000" : 3640655872,
            "99.950000" : 3707764736,
            "99.990000" : 3875536896
          }
        },
        "lat_ns" : {
          "min" : 715949058,
          "max" : 3876124979,
          "mean" : 1642756158.095952,
          "stddev" : 358596149.630800
        },
        "bw_min" : 512,
        "bw_max" : 29696,
        "bw_agg" : 99.441935,
        "bw_mean" : 21022.025000,
        "bw_dev" : 3646.324462,
        "bw_samples" : 240,
        "iops_min" : 2,
        "iops_max" : 116,
        "iops_mean" : 82.000000,
        "iops_stddev" : 14.284907,
        "iops_samples" : 240
      },
      "write" : {
        "io_bytes" : 2613051392,
        "io_kbytes" : 2551808,
        "bw_bytes" : 21613507,
        "bw" : 21106,
        "iops" : 82.448986,
        "runtime" : 120899,
        "total_ios" : 9968,
        "short_ios" : 0,
        "drop_ios" : 0,
        "slat_ns" : {
          "min" : 28126,
          "max" : 149665098,
          "mean" : 6150577.587982,
          "stddev" : 23608781.198175
        },
        "clat_ns" : {
          "min" : 549664478,
          "max" : 2810973862,
          "mean" : 1450911141.265343,
          "stddev" : 141805878.590709,
          "percentile" : {
            "1.000000" : 1044381696,
            "5.000000" : 1233125376,
            "10.000000" : 1300234240,
            "20.000000" : 1367343104,
            "30.000000" : 1400897536,
            "40.000000" : 1434451968,
            "50.000000" : 1468006400,
            "60.000000" : 1484783616,
            "70.000000" : 1518338048,
            "80.000000" : 1551892480,
            "90.000000" : 1602224128,
            "95.000000" : 1635778560,
            "99.000000" : 1736441856,
            "99.500000" : 1904214016,
            "99.900000" : 2231369728,
            "99.950000" : 2231369728,
            "99.990000" : 2801795072
          }
        },
        "lat_ns" : {
          "min" : 549701552,
          "max" : 2811033021,
          "mean" : 1457061827.426667,
          "stddev" : 142063605.201606
        },
        "bw_min" : 12263,
        "bw_max" : 30720,
        "bw_agg" : 99.841565,
        "bw_mean" : 21072.560669,
        "bw_dev" : 3360.657848,
        "bw_samples" : 239,
        "iops_min" : 47,
        "iops_max" : 120,
        "iops_mean" : 82.196653,
        "iops_stddev" : 13.119963,
        "iops_samples" : 239
      },
      "trim" : {
        "io_bytes" : 0,
        "io_kbytes" : 0,
        "bw_bytes" : 0,
        "bw" : 0,
        "iops" : 0.000000,
        "runtime" : 0,
        "total_ios" : 0,
        "short_ios" : 0,
        "drop_ios" : 0,
        "slat_ns" : {
          "min" : 0,
          "max" : 0,
          "mean" : 0.000000,
          "stddev" : 0.000000
        },
        "clat_ns" : {
          "min" : 0,
          "max" : 0,
          "mean" : 0.000000,
          "stddev" : 0.000000,
          "percentile" : {
            "1.000000" : 0,
            "5.000000" : 0,
            "10.000000" : 0,
            "20.000000" : 0,
            "30.000000" : 0,
            "40.000000" : 0,
            "50.000000" : 0,
            "60.000000" : 0,
            "70.000000" : 0,
            "80.000000" : 0,
            "90.000000" : 0,
            "95.000000" : 0,
            "99.000000" : 0,
            "99.500000" : 0,
            "99.900000" : 0,
            "99.950000" : 0,
            "99.990000" : 0
          }
        },
        "lat_ns" : {
          "min" : 0,
          "max" : 0,
          "mean" : 0.000000,
          "stddev" : 0.000000
        },
        "bw_min" : 0,
        "bw_max" : 0,
        "bw_agg" : 0.000000,
        "bw_mean" : 0.000000,
        "bw_dev" : 0.000000,
        "bw_samples" : 0,
        "iops_min" : 0,
        "iops_max" : 0,
        "iops_mean" : 0.000000,
        "iops_stddev" : 0.000000,
        "iops_samples" : 0
      },
      "sync" : {
        "lat_ns" : {
          "min" : 0,
          "max" : 0,
          "mean" : 0.000000,
          "stddev" : 0.000000,
          "percentile" : {
            "1.000000" : 0,
            "5.000000" : 0,
            "10.000000" : 0,
            "20.000000" : 0,
            "30.000000" : 0,
            "40.000000" : 0,
            "50.000000" : 0,
            "60.000000" : 0,
            "70.000000" : 0,
            "80.000000" : 0,
            "90.000000" : 0,
            "95.000000" : 0,
            "99.000000" : 0,
            "99.500000" : 0,
            "99.900000" : 0,
            "99.950000" : 0,
            "99.990000" : 0
          }
        },
        "total_ios" : 0
      },
      "usr_cpu" : 0.170392,
      "sys_cpu" : 0.835415,
      "ctx" : 1388,
      "majf" : 0,
      "minf" : 1180,
      "iodepth_level" : {
        "1" : 0.100000,
        "2" : 0.100000,
        "4" : 0.100000,
        "8" : 0.100000,
        "16" : 0.100000,
        "32" : 0.160385,
        ">=64" : 99.684242
      },
      "latency_ns" : {
        "2" : 0.000000,
        "4" : 0.000000,
        "10" : 0.000000,
        "20" : 0.000000,
        "50" : 0.000000,
        "100" : 0.000000,
        "250" : 0.000000,
        "500" : 0.000000,
        "750" : 0.000000,
        "1000" : 0.000000
      },
      "latency_us" : {
        "2" : 0.000000,
        "4" : 0.000000,
        "10" : 0.000000,
        "20" : 0.000000,
        "50" : 0.000000,
        "100" : 0.000000,
        "250" : 0.000000,
        "500" : 0.000000,
        "750" : 0.000000,
        "1000" : 0.000000
      },
      "latency_ms" : {
        "2" : 0.000000,
        "4" : 0.000000,
        "10" : 0.000000,
        "20" : 0.000000,
        "50" : 0.000000,
        "100" : 0.000000,
        "250" : 0.000000,
        "500" : 0.000000,
        "750" : 0.240577,
        "1000" : 0.611468,
        "2000" : 0.000000,
        ">=2000" : 0.000000
      },
      "latency_depth" : 256,
      "latency_target" : 0,
      "latency_percentile" : 100.000000,
      "latency_window" : 0
    }
  ]
}
