{
  "fio version" : "fio-3.7",
  "timestamp" : 1589084812,
  "timestamp_ms" : 1589084812616,
  "time" : "Sat May  9 22:26:52 2020",
  "global options" : {
    "filename" : "/dev/sgt_vg_data_010/MACH2_data_010_4096k",
    "rw" : "randrw",
    "ioengine" : "libaio",
    "iodepth" : "512",
    "numjobs" : "1",
    "direct" : "1",
    "runtime" : "120"
  },
  "jobs" : [
    {
      "jobname" : "randrw-128k",
      "groupid" : 0,
      "error" : 0,
      "eta" : 0,
      "elapsed" : 122,
      "job options" : {
        "name" : "randrw-128k",
        "bs" : "128k"
      },
      "read" : {
        "io_bytes" : 2591424512,
        "io_kbytes" : 2530688,
        "bw_bytes" : 21443136,
        "bw" : 20940,
        "iops" : 163.598150,
        "runtime" : 120851,
        "total_ios" : 19771,
        "short_ios" : 0,
        "drop_ios" : 0,
        "slat_ns" : {
          "min" : 8162,
          "max" : 272767355,
          "mean" : 2970385.028527,
          "stddev" : 18302298.268173
        },
        "clat_ns" : {
          "min" : 677311551,
          "max" : 4062900480,
          "mean" : 1609804477.305991,
          "stddev" : 323677420.707222,
          "percentile" : {
            "1.000000" : 1044381696,
            "5.000000" : 1182793728,
            "10.000000" : 1249902592,
            "20.000000" : 1350565888,
            "30.000000" : 1434451968,
            "40.000000" : 1501560832,
            "50.000000" : 1568669696,
            "60.000000" : 1635778560,
            "70.000000" : 1719664640,
            "80.000000" : 1820327936,
            "90.000000" : 1988100096,
            "95.000000" : 2197815296,
            "99.000000" : 2667577344,
            "99.500000" : 2936012800,
            "99.900000" : 3439329280,
            "99.950000" : 3707764736,
            "99.990000" : 4009754624
          }
        },
        "lat_ns" : {
          "min" : 677324928,
          "max" : 4062913836,
          "mean" : 1612774939.854275,
          "stddev" : 324099310.902369
        },
        "bw_min" : 256,
        "bw_max" : 31232,
        "bw_agg" : 99.344058,
        "bw_mean" : 20802.645833,
        "bw_dev" : 3961.415453,
        "bw_samples" : 240,
        "iops_min" : 2,
        "iops_max" : 244,
        "iops_mean" : 162.495833,
        "iops_stddev" : 30.946708,
        "iops_samples" : 240
      },
      "write" : {
        "io_bytes" : 2593259520,
        "io_kbytes" : 2532480,
        "bw_bytes" : 21458320,
        "bw" : 20955,
        "iops" : 163.713995,
        "runtime" : 120851,
        "total_ios" : 19785,
        "short_ios" : 0,
        "drop_ios" : 0,
        "slat_ns" : {
          "min" : 10457,
          "max" : 293986667,
          "mean" : 3093390.686884,
          "stddev" : 18574704.167134
        },
        "clat_ns" : {
          "min" : 676595665,
          "max" : 2493855473,
          "mean" : 1509614908.300582,
          "stddev" : 185161538.259698,
          "percentile" : {
            "1.000000" : 1044381696,
            "5.000000" : 1199570944,
            "10.000000" : 1283457024,
            "20.000000" : 1367343104,
            "30.000000" : 1434451968,
            "40.000000" : 1484783616,
            "50.000000" : 1518338048,
            "60.000000" : 1551892480,
            "70.000000" : 1602224128,
            "80.000000" : 1652555776,
            "90.000000" : 1719664640,
            "95.000000" : 1786773504,
            "99.000000" : 2004877312,
            "99.500000" : 2088763392,
            "99.900000" : 2365587456,
            "99.950000" : 2365587456,
            "99.990000" : 2499805184
          }
        },
        "lat_ns" : {
          "min" : 676616181,
          "max" : 2493878777,
          "mean" : 1512708377.643719,
          "stddev" : 186035987.828927
        },
        "bw_min" : 11008,
        "bw_max" : 29440,
        "bw_agg" : 99.867838,
        "bw_mean" : 20927.305439,
        "bw_dev" : 3534.059080,
        "bw_samples" : 239,
        "iops_min" : 86,
        "iops_max" : 230,
        "iops_mean" : 163.468619,
        "iops_stddev" : 27.612681,
        "iops_samples" : 239
      },
      "trim" : {
        "io_bytes" : 0,
        "io_kbytes" : 0,
        "bw_bytes" : 0,
        "bw" : 0,
        "iops" : 0.000000,
        "runtime" : 0,
        "total_ios" : 0,
        "short_ios" : 0,
        "drop_ios" : 0,
        "slat_ns" : {
          "min" : 0,
          "max" : 0,
          "mean" : 0.000000,
          "stddev" : 0.000000
        },
        "clat_ns" : {
          "min" : 0,
          "max" : 0,
          "mean" : 0.000000,
          "stddev" : 0.000000,
          "percentile" : {
            "1.000000" : 0,
            "5.000000" : 0,
            "10.000000" : 0,
            "20.000000" : 0,
            "30.000000" : 0,
            "40.000000" : 0,
            "50.000000" : 0,
            "60.000000" : 0,
            "70.000000" : 0,
            "80.000000" : 0,
            "90.000000" : 0,
            "95.000000" : 0,
            "99.000000" : 0,
            "99.500000" : 0,
            "99.900000" : 0,
            "99.950000" : 0,
            "99.990000" : 0
          }
        },
        "lat_ns" : {
          "min" : 0,
          "max" : 0,
          "mean" : 0.000000,
          "stddev" : 0.000000
        },
        "bw_min" : 0,
        "bw_max" : 0,
        "bw_agg" : 0.000000,
        "bw_mean" : 0.000000,
        "bw_dev" : 0.000000,
        "bw_samples" : 0,
        "iops_min" : 0,
        "iops_max" : 0,
        "iops_mean" : 0.000000,
        "iops_stddev" : 0.000000,
        "iops_samples" : 0
      },
      "sync" : {
        "lat_ns" : {
          "min" : 0,
          "max" : 0,
          "mean" : 0.000000,
          "stddev" : 0.000000,
          "percentile" : {
            "1.000000" : 0,
            "5.000000" : 0,
            "10.000000" : 0,
            "20.000000" : 0,
            "30.000000" : 0,
            "40.000000" : 0,
            "50.000000" : 0,
            "60.000000" : 0,
            "70.000000" : 0,
            "80.000000" : 0,
            "90.000000" : 0,
            "95.000000" : 0,
            "99.000000" : 0,
            "99.500000" : 0,
            "99.900000" : 0,
            "99.950000" : 0,
            "99.990000" : 0
          }
        },
        "total_ios" : 0
      },
      "usr_cpu" : 0.169632,
      "sys_cpu" : 0.768722,
      "ctx" : 1406,
      "majf" : 0,
      "minf" : 861,
      "iodepth_level" : {
        "1" : 0.100000,
        "2" : 0.100000,
        "4" : 0.100000,
        "8" : 0.100000,
        "16" : 0.100000,
        "32" : 0.100000,
        ">=64" : 99.840732
      },
      "latency_ns" : {
        "2" : 0.000000,
        "4" : 0.000000,
        "10" : 0.000000,
        "20" : 0.000000,
        "50" : 0.000000,
        "100" : 0.000000,
        "250" : 0.000000,
        "500" : 0.000000,
        "750" : 0.000000,
        "1000" : 0.000000
      },
      "latency_us" : {
        "2" : 0.000000,
        "4" : 0.000000,
        "10" : 0.000000,
        "20" : 0.000000,
        "50" : 0.000000,
        "100" : 0.000000,
        "250" : 0.000000,
        "500" : 0.000000,
        "750" : 0.000000,
        "1000" : 0.000000
      },
      "latency_ms" : {
        "2" : 0.000000,
        "4" : 0.000000,
        "10" : 0.000000,
        "20" : 0.000000,
        "50" : 0.000000,
        "100" : 0.000000,
        "250" : 0.000000,
        "500" : 0.000000,
        "750" : 0.151684,
        "1000" : 0.437355,
        "2000" : 0.000000,
        ">=2000" : 0.000000
      },
      "latency_depth" : 512,
      "latency_target" : 0,
      "latency_percentile" : 100.000000,
      "latency_window" : 0
    }
  ]
}
