{
  "fio version" : "fio-3.7",
  "timestamp" : 1589112793,
  "timestamp_ms" : 1589112793255,
  "time" : "Sun May 10 06:13:13 2020",
  "global options" : {
    "filename" : "/dev/sgt_vg_data_010/MACH2_data_010_4096k",
    "rw" : "randwrite",
    "ioengine" : "libaio",
    "iodepth" : "1024",
    "numjobs" : "1",
    "direct" : "1",
    "runtime" : "120"
  },
  "jobs" : [
    {
      "jobname" : "randwrite-1024k",
      "groupid" : 0,
      "error" : 0,
      "eta" : 0,
      "elapsed" : 122,
      "job options" : {
        "name" : "randwrite-1024k",
        "bs" : "1024k"
      },
      "read" : {
        "io_bytes" : 0,
        "io_kbytes" : 0,
        "bw_bytes" : 0,
        "bw" : 0,
        "iops" : 0.000000,
        "runtime" : 0,
        "total_ios" : 0,
        "short_ios" : 0,
        "drop_ios" : 0,
        "slat_ns" : {
          "min" : 0,
          "max" : 0,
          "mean" : 0.000000,
          "stddev" : 0.000000
        },
        "clat_ns" : {
          "min" : 0,
          "max" : 0,
          "mean" : 0.000000,
          "stddev" : 0.000000,
          "percentile" : {
            "1.000000" : 0,
            "5.000000" : 0,
            "10.000000" : 0,
            "20.000000" : 0,
            "30.000000" : 0,
            "40.000000" : 0,
            "50.000000" : 0,
            "60.000000" : 0,
            "70.000000" : 0,
            "80.000000" : 0,
            "90.000000" : 0,
            "95.000000" : 0,
            "99.000000" : 0,
            "99.500000" : 0,
            "99.900000" : 0,
            "99.950000" : 0,
            "99.990000" : 0
          }
        },
        "lat_ns" : {
          "min" : 0,
          "max" : 0,
          "mean" : 0.000000,
          "stddev" : 0.000000
        },
        "bw_min" : 0,
        "bw_max" : 0,
        "bw_agg" : 0.000000,
        "bw_mean" : 0.000000,
        "bw_dev" : 0.000000,
        "bw_samples" : 0,
        "iops_min" : 0,
        "iops_max" : 0,
        "iops_mean" : 0.000000,
        "iops_stddev" : 0.000000,
        "iops_samples" : 0
      },
      "write" : {
        "io_bytes" : 20215496704,
        "io_kbytes" : 19741696,
        "bw_bytes" : 167252678,
        "bw" : 163332,
        "iops" : 159.504584,
        "runtime" : 120868,
        "total_ios" : 19279,
        "short_ios" : 0,
        "drop_ios" : 0,
        "slat_ns" : {
          "min" : 78477,
          "max" : 328699849,
          "mean" : 6224741.740599,
          "stddev" : 26492435.080479
        },
        "clat_ns" : {
          "min" : 819987151,
          "max" : 8273170605,
          "mean" : 6279025699.526958,
          "stddev" : 721644820.645375,
          "percentile" : {
            "1.000000" : 2139095040,
            "5.000000" : 5804916736,
            "10.000000" : 5939134464,
            "20.000000" : 6073352192,
            "30.000000" : 6207569920,
            "40.000000" : 6274678784,
            "50.000000" : 6408896512,
            "60.000000" : 6476005376,
            "70.000000" : 6543114240,
            "80.000000" : 6610223104,
            "90.000000" : 6811549696,
            "95.000000" : 6945767424,
            "99.000000" : 7281311744,
            "99.500000" : 7415529472,
            "99.900000" : 7751073792,
            "99.950000" : 7885291520,
            "99.990000" : 8019509248
          }
        },
        "lat_ns" : {
          "min" : 888405881,
          "max" : 8273314564,
          "mean" : 6285250533.751519,
          "stddev" : 721932200.925383
        },
        "bw_min" : 2048,
        "bw_max" : 237568,
        "bw_agg" : 99.501243,
        "bw_mean" : 162517.369565,
        "bw_dev" : 30929.917538,
        "bw_samples" : 230,
        "iops_min" : 2,
        "iops_max" : 232,
        "iops_mean" : 158.621739,
        "iops_stddev" : 30.216980,
        "iops_samples" : 230
      },
      "trim" : {
        "io_bytes" : 0,
        "io_kbytes" : 0,
        "bw_bytes" : 0,
        "bw" : 0,
        "iops" : 0.000000,
        "runtime" : 0,
        "total_ios" : 0,
        "short_ios" : 0,
        "drop_ios" : 0,
        "slat_ns" : {
          "min" : 0,
          "max" : 0,
          "mean" : 0.000000,
          "stddev" : 0.000000
        },
        "clat_ns" : {
          "min" : 0,
          "max" : 0,
          "mean" : 0.000000,
          "stddev" : 0.000000,
          "percentile" : {
            "1.000000" : 0,
            "5.000000" : 0,
            "10.000000" : 0,
            "20.000000" : 0,
            "30.000000" : 0,
            "40.000000" : 0,
            "50.000000" : 0,
            "60.000000" : 0,
            "70.000000" : 0,
            "80.000000" : 0,
            "90.000000" : 0,
            "95.000000" : 0,
            "99.000000" : 0,
            "99.500000" : 0,
            "99.900000" : 0,
            "99.950000" : 0,
            "99.990000" : 0
          }
        },
        "lat_ns" : {
          "min" : 0,
          "max" : 0,
          "mean" : 0.000000,
          "stddev" : 0.000000
        },
        "bw_min" : 0,
        "bw_max" : 0,
        "bw_agg" : 0.000000,
        "bw_mean" : 0.000000,
        "bw_dev" : 0.000000,
        "bw_samples" : 0,
        "iops_min" : 0,
        "iops_max" : 0,
        "iops_mean" : 0.000000,
        "iops_stddev" : 0.000000,
        "iops_samples" : 0
      },
      "sync" : {
        "lat_ns" : {
          "min" : 0,
          "max" : 0,
          "mean" : 0.000000,
          "stddev" : 0.000000,
          "percentile" : {
            "1.000000" : 0,
            "5.000000" : 0,
            "10.000000" : 0,
            "20.000000" : 0,
            "30.000000" : 0,
            "40.000000" : 0,
            "50.000000" : 0,
            "60.000000" : 0,
            "70.000000" : 0,
            "80.000000" : 0,
            "90.000000" : 0,
            "95.000000" : 0,
            "99.000000" : 0,
            "99.500000" : 0,
            "99.900000" : 0,
            "99.950000" : 0,
            "99.990000" : 0
          }
        },
        "total_ios" : 0
      },
      "usr_cpu" : 0.873688,
      "sys_cpu" : 1.624927,
      "ctx" : 1259,
      "majf" : 0,
      "minf" : 2624,
      "iodepth_level" : {
        "1" : 0.100000,
        "2" : 0.100000,
        "4" : 0.100000,
        "8" : 0.100000,
        "16" : 0.100000,
        "32" : 0.165984,
        ">=64" : 99.673220
      },
      "latency_ns" : {
        "2" : 0.000000,
        "4" : 0.000000,
        "10" : 0.000000,
        "20" : 0.000000,
        "50" : 0.000000,
        "100" : 0.000000,
        "250" : 0.000000,
        "500" : 0.000000,
        "750" : 0.000000,
        "1000" : 0.000000
      },
      "latency_us" : {
        "2" : 0.000000,
        "4" : 0.000000,
        "10" : 0.000000,
        "20" : 0.000000,
        "50" : 0.000000,
        "100" : 0.000000,
        "250" : 0.000000,
        "500" : 0.000000,
        "750" : 0.000000,
        "1000" : 0.000000
      },
      "latency_ms" : {
        "2" : 0.000000,
        "4" : 0.000000,
        "10" : 0.000000,
        "20" : 0.000000,
        "50" : 0.000000,
        "100" : 0.000000,
        "250" : 0.000000,
        "500" : 0.000000,
        "750" : 0.000000,
        "1000" : 0.088179,
        "2000" : 0.000000,
        ">=2000" : 0.000000
      },
      "latency_depth" : 1024,
      "latency_target" : 0,
      "latency_percentile" : 100.000000,
      "latency_window" : 0
    }
  ]
}
