{
  "fio version" : "fio-3.7",
  "timestamp" : 1589090385,
  "timestamp_ms" : 1589090385860,
  "time" : "Sat May  9 23:59:45 2020",
  "global options" : {
    "filename" : "/dev/sgt_vg_data_002/MACH2_data_002_16k",
    "rw" : "randrw",
    "ioengine" : "libaio",
    "iodepth" : "32",
    "numjobs" : "1",
    "direct" : "1",
    "runtime" : "120"
  },
  "jobs" : [
    {
      "jobname" : "randrw-4096k",
      "groupid" : 0,
      "error" : 0,
      "eta" : 0,
      "elapsed" : 121,
      "job options" : {
        "name" : "randrw-4096k",
        "bs" : "4096k"
      },
      "read" : {
        "io_bytes" : 11484004352,
        "io_kbytes" : 11214848,
        "bw_bytes" : 95177353,
        "bw" : 92946,
        "iops" : 22.692049,
        "runtime" : 120659,
        "total_ios" : 2738,
        "short_ios" : 0,
        "drop_ios" : 0,
        "slat_ns" : {
          "min" : 529528,
          "max" : 1527472,
          "mean" : 912855.909058,
          "stddev" : 223468.266603
        },
        "clat_ns" : {
          "min" : 56409831,
          "max" : 2093213093,
          "mean" : 524306742.676405,
          "stddev" : 189693072.268448,
          "percentile" : {
            "1.000000" : 141557760,
            "5.000000" : 233832448,
            "10.000000" : 299892736,
            "20.000000" : 383778816,
            "30.000000" : 438304768,
            "40.000000" : 480247808,
            "50.000000" : 517996544,
            "60.000000" : 557842432,
            "70.000000" : 591396864,
            "80.000000" : 641728512,
            "90.000000" : 734003200,
            "95.000000" : 851443712,
            "99.000000" : 1182793728,
            "99.500000" : 1300234240,
            "99.900000" : 1669332992,
            "99.950000" : 1954545664,
            "99.990000" : 2088763392
          }
        },
        "lat_ns" : {
          "min" : 57069568,
          "max" : 2093876719,
          "mean" : 525219963.148649,
          "stddev" : 189693988.426484
        },
        "bw_min" : 40878,
        "bw_max" : 172032,
        "bw_agg" : 100.000000,
        "bw_mean" : 93059.104167,
        "bw_dev" : 23175.062920,
        "bw_samples" : 240,
        "iops_min" : 9,
        "iops_max" : 42,
        "iops_mean" : 22.620833,
        "iops_stddev" : 5.676235,
        "iops_samples" : 240
      },
      "write" : {
        "io_bytes" : 11974737920,
        "io_kbytes" : 11694080,
        "bw_bytes" : 99244465,
        "bw" : 96918,
        "iops" : 23.661724,
        "runtime" : 120659,
        "total_ios" : 2855,
        "short_ios" : 0,
        "drop_ios" : 0,
        "slat_ns" : {
          "min" : 725756,
          "max" : 1665878,
          "mean" : 1073408.670053,
          "stddev" : 187464.288239
        },
        "clat_ns" : {
          "min" : 122782285,
          "max" : 2981434433,
          "mean" : 847241174.105778,
          "stddev" : 421787486.526986,
          "percentile" : {
            "1.000000" : 229638144,
            "5.000000" : 358612992,
            "10.000000" : 450887680,
            "20.000000" : 541065216,
            "30.000000" : 599785472,
            "40.000000" : 666894336,
            "50.000000" : 742391808,
            "60.000000" : 817889280,
            "70.000000" : 943718400,
            "80.000000" : 1098907648,
            "90.000000" : 1400897536,
            "95.000000" : 1719664640,
            "99.000000" : 2399141888,
            "99.500000" : 2566914048,
            "99.900000" : 2768240640,
            "99.950000" : 2801795072,
            "99.990000" : 2969567232
          }
        },
        "lat_ns" : {
          "min" : 123748153,
          "max" : 2982496405,
          "mean" : 848314929.685812,
          "stddev" : 421797454.413017
        },
        "bw_min" : 49053,
        "bw_max" : 196215,
        "bw_agg" : 99.821168,
        "bw_mean" : 96744.679167,
        "bw_dev" : 22762.989960,
        "bw_samples" : 240,
        "iops_min" : 11,
        "iops_max" : 47,
        "iops_mean" : 23.520833,
        "iops_stddev" : 5.563590,
        "iops_samples" : 240
      },
      "trim" : {
        "io_bytes" : 0,
        "io_kbytes" : 0,
        "bw_bytes" : 0,
        "bw" : 0,
        "iops" : 0.000000,
        "runtime" : 0,
        "total_ios" : 0,
        "short_ios" : 0,
        "drop_ios" : 0,
        "slat_ns" : {
          "min" : 0,
          "max" : 0,
          "mean" : 0.000000,
          "stddev" : 0.000000
        },
        "clat_ns" : {
          "min" : 0,
          "max" : 0,
          "mean" : 0.000000,
          "stddev" : 0.000000,
          "percentile" : {
            "1.000000" : 0,
            "5.000000" : 0,
            "10.000000" : 0,
            "20.000000" : 0,
            "30.000000" : 0,
            "40.000000" : 0,
            "50.000000" : 0,
            "60.000000" : 0,
            "70.000000" : 0,
            "80.000000" : 0,
            "90.000000" : 0,
            "95.000000" : 0,
            "99.000000" : 0,
            "99.500000" : 0,
            "99.900000" : 0,
            "99.950000" : 0,
            "99.990000" : 0
          }
        },
        "lat_ns" : {
          "min" : 0,
          "max" : 0,
          "mean" : 0.000000,
          "stddev" : 0.000000
        },
        "bw_min" : 0,
        "bw_max" : 0,
        "bw_agg" : 0.000000,
        "bw_mean" : 0.000000,
        "bw_dev" : 0.000000,
        "bw_samples" : 0,
        "iops_min" : 0,
        "iops_max" : 0,
        "iops_mean" : 0.000000,
        "iops_stddev" : 0.000000,
        "iops_samples" : 0
      },
      "sync" : {
        "lat_ns" : {
          "min" : 0,
          "max" : 0,
          "mean" : 0.000000,
          "stddev" : 0.000000,
          "percentile" : {
            "1.000000" : 0,
            "5.000000" : 0,
            "10.000000" : 0,
            "20.000000" : 0,
            "30.000000" : 0,
            "40.000000" : 0,
            "50.000000" : 0,
            "60.000000" : 0,
            "70.000000" : 0,
            "80.000000" : 0,
            "90.000000" : 0,
            "95.000000" : 0,
            "99.000000" : 0,
            "99.500000" : 0,
            "99.900000" : 0,
            "99.950000" : 0,
            "99.990000" : 0
          }
        },
        "total_ios" : 0
      },
      "usr_cpu" : 0.667175,
      "sys_cpu" : 4.071011,
      "ctx" : 5483,
      "majf" : 0,
      "minf" : 1419,
      "iodepth_level" : {
        "1" : 0.100000,
        "2" : 0.100000,
        "4" : 0.100000,
        "8" : 0.143036,
        "16" : 0.286072,
        "32" : 99.445736,
        ">=64" : 0.000000
      },
      "latency_ns" : {
        "2" : 0.000000,
        "4" : 0.000000,
        "10" : 0.000000,
        "20" : 0.000000,
        "50" : 0.000000,
        "100" : 0.000000,
        "250" : 0.000000,
        "500" : 0.000000,
        "750" : 0.000000,
        "1000" : 0.000000
      },
      "latency_us" : {
        "2" : 0.000000,
        "4" : 0.000000,
        "10" : 0.000000,
        "20" : 0.000000,
        "50" : 0.000000,
        "100" : 0.000000,
        "250" : 0.000000,
        "500" : 0.000000,
        "750" : 0.000000,
        "1000" : 0.000000
      },
      "latency_ms" : {
        "2" : 0.000000,
        "4" : 0.000000,
        "10" : 0.000000,
        "20" : 0.000000,
        "50" : 0.000000,
        "100" : 0.089397,
        "250" : 3.432863,
        "500" : 26.211336,
        "750" : 41.230109,
        "1000" : 14.804220,
        "2000" : 0.000000,
        ">=2000" : 0.000000
      },
      "latency_depth" : 32,
      "latency_target" : 0,
      "latency_percentile" : 100.000000,
      "latency_window" : 0
    }
  ]
}
