{
  "fio version" : "fio-3.7",
  "timestamp" : 1589082276,
  "timestamp_ms" : 1589082276744,
  "time" : "Sat May  9 21:44:36 2020",
  "global options" : {
    "filename" : "/dev/sgt_vg_data_009/MACH2_data_009_2048k",
    "rw" : "randrw",
    "ioengine" : "libaio",
    "iodepth" : "256",
    "numjobs" : "1",
    "direct" : "1",
    "runtime" : "120"
  },
  "jobs" : [
    {
      "jobname" : "randrw-16k",
      "groupid" : 0,
      "error" : 0,
      "eta" : 0,
      "elapsed" : 121,
      "job options" : {
        "name" : "randrw-16k",
        "bs" : "16k"
      },
      "read" : {
        "io_bytes" : 385499136,
        "io_kbytes" : 376464,
        "bw_bytes" : 3192222,
        "bw" : 3117,
        "iops" : 194.837780,
        "runtime" : 120762,
        "total_ios" : 23529,
        "short_ios" : 0,
        "drop_ios" : 0,
        "slat_ns" : {
          "min" : 3624,
          "max" : 148520765,
          "mean" : 1721744.641336,
          "stddev" : 10277348.751512
        },
        "clat_ns" : {
          "min" : 12190475,
          "max" : 3350013904,
          "mean" : 803212019.577410,
          "stddev" : 317356322.770805,
          "percentile" : {
            "1.000000" : 375390208,
            "5.000000" : 467664896,
            "10.000000" : 509607936,
            "20.000000" : 574619648,
            "30.000000" : 616562688,
            "40.000000" : 666894336,
            "50.000000" : 717225984,
            "60.000000" : 784334848,
            "70.000000" : 876609536,
            "80.000000" : 994050048,
            "90.000000" : 1199570944,
            "95.000000" : 1400897536,
            "99.000000" : 1954545664,
            "99.500000" : 2231369728,
            "99.900000" : 2868903936,
            "99.950000" : 2936012800,
            "99.990000" : 2969567232
          }
        },
        "lat_ns" : {
          "min" : 12196378,
          "max" : 3350019833,
          "mean" : 804933975.788217,
          "stddev" : 317488478.702761
        },
        "bw_min" : 32,
        "bw_max" : 4992,
        "bw_agg" : 99.527022,
        "bw_mean" : 3102.257261,
        "bw_dev" : 486.861847,
        "bw_samples" : 241,
        "iops_min" : 2,
        "iops_max" : 312,
        "iops_mean" : 193.854772,
        "iops_stddev" : 30.437225,
        "iops_samples" : 241
      },
      "write" : {
        "io_bytes" : 382992384,
        "io_kbytes" : 374016,
        "bw_bytes" : 3171464,
        "bw" : 3097,
        "iops" : 193.570825,
        "runtime" : 120762,
        "total_ios" : 23376,
        "short_ios" : 0,
        "drop_ios" : 0,
        "slat_ns" : {
          "min" : 3711,
          "max" : 161045684,
          "mean" : 1579826.893352,
          "stddev" : 9765504.070541
        },
        "clat_ns" : {
          "min" : 4277459,
          "max" : 3051807583,
          "mean" : 510574556.969496,
          "stddev" : 103950435.097582,
          "percentile" : {
            "1.000000" : 270532608,
            "5.000000" : 354418688,
            "10.000000" : 396361728,
            "20.000000" : 434110464,
            "30.000000" : 463470592,
            "40.000000" : 484442112,
            "50.000000" : 509607936,
            "60.000000" : 530579456,
            "70.000000" : 557842432,
            "80.000000" : 591396864,
            "90.000000" : 624951296,
            "95.000000" : 658505728,
            "99.000000" : 725614592,
            "99.500000" : 792723456,
            "99.900000" : 1182793728,
            "99.950000" : 1199570944,
            "99.990000" : 1367343104
          }
        },
        "lat_ns" : {
          "min" : 4285899,
          "max" : 3051843738,
          "mean" : 512154578.388434,
          "stddev" : 104249666.761169
        },
        "bw_min" : 2107,
        "bw_max" : 6880,
        "bw_agg" : 100.000000,
        "bw_mean" : 3104.004167,
        "bw_dev" : 457.146493,
        "bw_samples" : 240,
        "iops_min" : 131,
        "iops_max" : 430,
        "iops_mean" : 193.962500,
        "iops_stddev" : 28.590798,
        "iops_samples" : 240
      },
      "trim" : {
        "io_bytes" : 0,
        "io_kbytes" : 0,
        "bw_bytes" : 0,
        "bw" : 0,
        "iops" : 0.000000,
        "runtime" : 0,
        "total_ios" : 0,
        "short_ios" : 0,
        "drop_ios" : 0,
        "slat_ns" : {
          "min" : 0,
          "max" : 0,
          "mean" : 0.000000,
          "stddev" : 0.000000
        },
        "clat_ns" : {
          "min" : 0,
          "max" : 0,
          "mean" : 0.000000,
          "stddev" : 0.000000,
          "percentile" : {
            "1.000000" : 0,
            "5.000000" : 0,
            "10.000000" : 0,
            "20.000000" : 0,
            "30.000000" : 0,
            "40.000000" : 0,
            "50.000000" : 0,
            "60.000000" : 0,
            "70.000000" : 0,
            "80.000000" : 0,
            "90.000000" : 0,
            "95.000000" : 0,
            "99.000000" : 0,
            "99.500000" : 0,
            "99.900000" : 0,
            "99.950000" : 0,
            "99.990000" : 0
          }
        },
        "lat_ns" : {
          "min" : 0,
          "max" : 0,
          "mean" : 0.000000,
          "stddev" : 0.000000
        },
        "bw_min" : 0,
        "bw_max" : 0,
        "bw_agg" : 0.000000,
        "bw_mean" : 0.000000,
        "bw_dev" : 0.000000,
        "bw_samples" : 0,
        "iops_min" : 0,
        "iops_max" : 0,
        "iops_mean" : 0.000000,
        "iops_stddev" : 0.000000,
        "iops_samples" : 0
      },
      "sync" : {
        "lat_ns" : {
          "min" : 0,
          "max" : 0,
          "mean" : 0.000000,
          "stddev" : 0.000000,
          "percentile" : {
            "1.000000" : 0,
            "5.000000" : 0,
            "10.000000" : 0,
            "20.000000" : 0,
            "30.000000" : 0,
            "40.000000" : 0,
            "50.000000" : 0,
            "60.000000" : 0,
            "70.000000" : 0,
            "80.000000" : 0,
            "90.000000" : 0,
            "95.000000" : 0,
            "99.000000" : 0,
            "99.500000" : 0,
            "99.900000" : 0,
            "99.950000" : 0,
            "99.990000" : 0
          }
        },
        "total_ios" : 0
      },
      "usr_cpu" : 0.200396,
      "sys_cpu" : 0.654185,
      "ctx" : 18823,
      "majf" : 0,
      "minf" : 1085,
      "iodepth_level" : {
        "1" : 0.100000,
        "2" : 0.100000,
        "4" : 0.100000,
        "8" : 0.100000,
        "16" : 0.100000,
        "32" : 0.100000,
        ">=64" : 99.865686
      },
      "latency_ns" : {
        "2" : 0.000000,
        "4" : 0.000000,
        "10" : 0.000000,
        "20" : 0.000000,
        "50" : 0.000000,
        "100" : 0.000000,
        "250" : 0.000000,
        "500" : 0.000000,
        "750" : 0.000000,
        "1000" : 0.000000
      },
      "latency_us" : {
        "2" : 0.000000,
        "4" : 0.000000,
        "10" : 0.000000,
        "20" : 0.000000,
        "50" : 0.000000,
        "100" : 0.000000,
        "250" : 0.000000,
        "500" : 0.000000,
        "750" : 0.000000,
        "1000" : 0.000000
      },
      "latency_ms" : {
        "2" : 0.000000,
        "4" : 0.000000,
        "10" : 0.010000,
        "20" : 0.142842,
        "50" : 0.136446,
        "100" : 0.000000,
        "250" : 0.206801,
        "500" : 26.553672,
        "750" : 49.834772,
        "1000" : 13.339729,
        "2000" : 0.000000,
        ">=2000" : 0.000000
      },
      "latency_depth" : 256,
      "latency_target" : 0,
      "latency_percentile" : 100.000000,
      "latency_window" : 0
    }
  ]
}
