{
  "fio version" : "fio-3.7",
  "timestamp" : 1589087485,
  "timestamp_ms" : 1589087485407,
  "time" : "Sat May  9 23:11:25 2020",
  "global options" : {
    "filename" : "/dev/sgt_vg_data_003/MACH2_data_003_32k",
    "rw" : "randrw",
    "ioengine" : "libaio",
    "iodepth" : "1",
    "numjobs" : "1",
    "direct" : "1",
    "runtime" : "120"
  },
  "jobs" : [
    {
      "jobname" : "randrw-1024k",
      "groupid" : 0,
      "error" : 0,
      "eta" : 0,
      "elapsed" : 121,
      "job options" : {
        "name" : "randrw-1024k",
        "bs" : "1024k"
      },
      "read" : {
        "io_bytes" : 4331667456,
        "io_kbytes" : 4230144,
        "bw_bytes" : 36096025,
        "bw" : 35250,
        "iops" : 34.423853,
        "runtime" : 120004,
        "total_ios" : 4131,
        "short_ios" : 0,
        "drop_ios" : 0,
        "slat_ns" : {
          "min" : 62542,
          "max" : 1198546,
          "mean" : 209972.625514,
          "stddev" : 78423.438581
        },
        "clat_ns" : {
          "min" : 6591480,
          "max" : 50921898,
          "mean" : 22133498.674413,
          "stddev" : 5764611.089625,
          "percentile" : {
            "1.000000" : 10813440,
            "5.000000" : 13303808,
            "10.000000" : 15007744,
            "20.000000" : 17170432,
            "30.000000" : 18743296,
            "40.000000" : 20316160,
            "50.000000" : 21626880,
            "60.000000" : 23199744,
            "70.000000" : 25034752,
            "80.000000" : 27131904,
            "90.000000" : 29753344,
            "95.000000" : 32112640,
            "99.000000" : 36962304,
            "99.500000" : 38010880,
            "99.900000" : 44826624,
            "99.950000" : 47972352,
            "99.990000" : 51118080
          }
        },
        "lat_ns" : {
          "min" : 6674988,
          "max" : 51023127,
          "mean" : 22343893.199225,
          "stddev" : 5765818.425331
        },
        "bw_min" : 24576,
        "bw_max" : 47104,
        "bw_agg" : 99.941383,
        "bw_mean" : 35229.337500,
        "bw_dev" : 4778.367947,
        "bw_samples" : 240,
        "iops_min" : 24,
        "iops_max" : 46,
        "iops_mean" : 34.241667,
        "iops_stddev" : 4.723299,
        "iops_samples" : 240
      },
      "write" : {
        "io_bytes" : 4455399424,
        "io_kbytes" : 4350976,
        "bw_bytes" : 37127090,
        "bw" : 36256,
        "iops" : 35.407153,
        "runtime" : 120004,
        "total_ios" : 4249,
        "short_ios" : 0,
        "drop_ios" : 0,
        "slat_ns" : {
          "min" : 66413,
          "max" : 1286274,
          "mean" : 225309.601553,
          "stddev" : 79221.114816
        },
        "clat_ns" : {
          "min" : 1107383,
          "max" : 66894024,
          "mean" : 6283358.442928,
          "stddev" : 7713038.904098,
          "percentile" : {
            "1.000000" : 1253376,
            "5.000000" : 1286144,
            "10.000000" : 1318912,
            "20.000000" : 1335296,
            "30.000000" : 1368064,
            "40.000000" : 1384448,
            "50.000000" : 1433600,
            "60.000000" : 1794048,
            "70.000000" : 9109504,
            "80.000000" : 11862016,
            "90.000000" : 16056320,
            "95.000000" : 22413312,
            "99.000000" : 34340864,
            "99.500000" : 37486592,
            "99.900000" : 46399488,
            "99.950000" : 52690944,
            "99.990000" : 66846720
          }
        },
        "lat_ns" : {
          "min" : 1320704,
          "max" : 67147929,
          "mean" : 6509095.797599,
          "stddev" : 7711853.614296
        },
        "bw_min" : 12288,
        "bw_max" : 57344,
        "bw_agg" : 99.965994,
        "bw_mean" : 36243.670833,
        "bw_dev" : 8070.256300,
        "bw_samples" : 240,
        "iops_min" : 12,
        "iops_max" : 56,
        "iops_mean" : 35.233333,
        "iops_stddev" : 7.874787,
        "iops_samples" : 240
      },
      "trim" : {
        "io_bytes" : 0,
        "io_kbytes" : 0,
        "bw_bytes" : 0,
        "bw" : 0,
        "iops" : 0.000000,
        "runtime" : 0,
        "total_ios" : 0,
        "short_ios" : 0,
        "drop_ios" : 0,
        "slat_ns" : {
          "min" : 0,
          "max" : 0,
          "mean" : 0.000000,
          "stddev" : 0.000000
        },
        "clat_ns" : {
          "min" : 0,
          "max" : 0,
          "mean" : 0.000000,
          "stddev" : 0.000000,
          "percentile" : {
            "1.000000" : 0,
            "5.000000" : 0,
            "10.000000" : 0,
            "20.000000" : 0,
            "30.000000" : 0,
            "40.000000" : 0,
            "50.000000" : 0,
            "60.000000" : 0,
            "70.000000" : 0,
            "80.000000" : 0,
            "90.000000" : 0,
            "95.000000" : 0,
            "99.000000" : 0,
            "99.500000" : 0,
            "99.900000" : 0,
            "99.950000" : 0,
            "99.990000" : 0
          }
        },
        "lat_ns" : {
          "min" : 0,
          "max" : 0,
          "mean" : 0.000000,
          "stddev" : 0.000000
        },
        "bw_min" : 0,
        "bw_max" : 0,
        "bw_agg" : 0.000000,
        "bw_mean" : 0.000000,
        "bw_dev" : 0.000000,
        "bw_samples" : 0,
        "iops_min" : 0,
        "iops_max" : 0,
        "iops_mean" : 0.000000,
        "iops_stddev" : 0.000000,
        "iops_samples" : 0
      },
      "sync" : {
        "lat_ns" : {
          "min" : 0,
          "max" : 0,
          "mean" : 0.000000,
          "stddev" : 0.000000,
          "percentile" : {
            "1.000000" : 0,
            "5.000000" : 0,
            "10.000000" : 0,
            "20.000000" : 0,
            "30.000000" : 0,
            "40.000000" : 0,
            "50.000000" : 0,
            "60.000000" : 0,
            "70.000000" : 0,
            "80.000000" : 0,
            "90.000000" : 0,
            "95.000000" : 0,
            "99.000000" : 0,
            "99.500000" : 0,
            "99.900000" : 0,
            "99.950000" : 0,
            "99.990000" : 0
          }
        },
        "total_ios" : 0
      },
      "usr_cpu" : 0.258327,
      "sys_cpu" : 1.434964,
      "ctx" : 8385,
      "majf" : 0,
      "minf" : 711,
      "iodepth_level" : {
        "1" : 100.000000,
        "2" : 0.000000,
        "4" : 0.000000,
        "8" : 0.000000,
        "16" : 0.000000,
        "32" : 0.000000,
        ">=64" : 0.000000
      },
      "latency_ns" : {
        "2" : 0.000000,
        "4" : 0.000000,
        "10" : 0.000000,
        "20" : 0.000000,
        "50" : 0.000000,
        "100" : 0.000000,
        "250" : 0.000000,
        "500" : 0.000000,
        "750" : 0.000000,
        "1000" : 0.000000
      },
      "latency_us" : {
        "2" : 0.000000,
        "4" : 0.000000,
        "10" : 0.000000,
        "20" : 0.000000,
        "50" : 0.000000,
        "100" : 0.000000,
        "250" : 0.000000,
        "500" : 0.000000,
        "750" : 0.000000,
        "1000" : 0.000000
      },
      "latency_ms" : {
        "2" : 30.811456,
        "4" : 0.680191,
        "10" : 5.966587,
        "20" : 28.735084,
        "50" : 33.747017,
        "100" : 0.059666,
        "250" : 0.000000,
        "500" : 0.000000,
        "750" : 0.000000,
        "1000" : 0.000000,
        "2000" : 0.000000,
        ">=2000" : 0.000000
      },
      "latency_depth" : 1,
      "latency_target" : 0,
      "latency_percentile" : 100.000000,
      "latency_window" : 0
    }
  ]
}
