{
  "fio version" : "fio-3.7",
  "timestamp" : 1589090760,
  "timestamp_ms" : 1589090760302,
  "time" : "Sun May 10 00:06:00 2020",
  "global options" : {
    "filename" : "/dev/sgt_vg_data_007/MACH2_data_007_512k",
    "rw" : "randrw",
    "ioengine" : "libaio",
    "iodepth" : "256",
    "numjobs" : "1",
    "direct" : "1",
    "runtime" : "120"
  },
  "jobs" : [
    {
      "jobname" : "randrw-4096k",
      "groupid" : 0,
      "error" : 0,
      "eta" : 0,
      "elapsed" : 122,
      "job options" : {
        "name" : "randrw-4096k",
        "bs" : "4096k"
      },
      "read" : {
        "io_bytes" : 11731468288,
        "io_kbytes" : 11456512,
        "bw_bytes" : 97020032,
        "bw" : 94746,
        "iops" : 23.131378,
        "runtime" : 120918,
        "total_ios" : 2797,
        "short_ios" : 0,
        "drop_ios" : 0,
        "slat_ns" : {
          "min" : 299518,
          "max" : 137582300,
          "mean" : 20787322.033607,
          "stddev" : 36576532.736005
        },
        "clat_ns" : {
          "min" : 839768360,
          "max" : 6865127471,
          "mean" : 5155979170.270285,
          "stddev" : 591536489.570527,
          "percentile" : {
            "1.000000" : 1820327936,
            "5.000000" : 4731174912,
            "10.000000" : 4865392640,
            "20.000000" : 4932501504,
            "30.000000" : 5066719232,
            "40.000000" : 5133828096,
            "50.000000" : 5200936960,
            "60.000000" : 5335154688,
            "70.000000" : 5402263552,
            "80.000000" : 5469372416,
            "90.000000" : 5603590144,
            "95.000000" : 5670699008,
            "99.000000" : 6006243328,
            "99.500000" : 6140461056,
            "99.900000" : 6476005376,
            "99.950000" : 6543114240,
            "99.990000" : 6878658560
          }
        },
        "lat_ns" : {
          "min" : 956219622,
          "max" : 6865497845,
          "mean" : 5176766827.039690,
          "stddev" : 591179479.679588
        },
        "bw_min" : 8192,
        "bw_max" : 163840,
        "bw_agg" : 99.392869,
        "bw_mean" : 94170.767241,
        "bw_dev" : 24345.866230,
        "bw_samples" : 232,
        "iops_min" : 2,
        "iops_max" : 40,
        "iops_mean" : 22.806034,
        "iops_stddev" : 5.945740,
        "iops_samples" : 232
      },
      "write" : {
        "io_bytes" : 12146704384,
        "io_kbytes" : 11862016,
        "bw_bytes" : 100454062,
        "bw" : 98099,
        "iops" : 23.950115,
        "runtime" : 120918,
        "total_ios" : 2896,
        "short_ios" : 0,
        "drop_ios" : 0,
        "slat_ns" : {
          "min" : 440656,
          "max" : 143879829,
          "mean" : 21378982.964779,
          "stddev" : 36476068.415430
        },
        "clat_ns" : {
          "min" : 956573114,
          "max" : 7690778937,
          "mean" : 5486783002.855309,
          "stddev" : 653413050.350163,
          "percentile" : {
            "1.000000" : 2499805184,
            "5.000000" : 4865392640,
            "10.000000" : 4999610368,
            "20.000000" : 5133828096,
            "30.000000" : 5268045824,
            "40.000000" : 5402263552,
            "50.000000" : 5469372416,
            "60.000000" : 5603590144,
            "70.000000" : 5670699008,
            "80.000000" : 5872025600,
            "90.000000" : 6140461056,
            "95.000000" : 6408896512,
            "99.000000" : 7147094016,
            "99.500000" : 7415529472,
            "99.900000" : 7683964928,
            "99.950000" : 7683964928,
            "99.990000" : 7683964928
          }
        },
        "lat_ns" : {
          "min" : 957177542,
          "max" : 7753472166,
          "mean" : 5508162337.899514,
          "stddev" : 653703953.074876
        },
        "bw_min" : 16384,
        "bw_max" : 172032,
        "bw_agg" : 100.000000,
        "bw_mean" : 98195.186147,
        "bw_dev" : 23612.689334,
        "bw_samples" : 231,
        "iops_min" : 4,
        "iops_max" : 42,
        "iops_mean" : 23.787879,
        "iops_stddev" : 5.788522,
        "iops_samples" : 231
      },
      "trim" : {
        "io_bytes" : 0,
        "io_kbytes" : 0,
        "bw_bytes" : 0,
        "bw" : 0,
        "iops" : 0.000000,
        "runtime" : 0,
        "total_ios" : 0,
        "short_ios" : 0,
        "drop_ios" : 0,
        "slat_ns" : {
          "min" : 0,
          "max" : 0,
          "mean" : 0.000000,
          "stddev" : 0.000000
        },
        "clat_ns" : {
          "min" : 0,
          "max" : 0,
          "mean" : 0.000000,
          "stddev" : 0.000000,
          "percentile" : {
            "1.000000" : 0,
            "5.000000" : 0,
            "10.000000" : 0,
            "20.000000" : 0,
            "30.000000" : 0,
            "40.000000" : 0,
            "50.000000" : 0,
            "60.000000" : 0,
            "70.000000" : 0,
            "80.000000" : 0,
            "90.000000" : 0,
            "95.000000" : 0,
            "99.000000" : 0,
            "99.500000" : 0,
            "99.900000" : 0,
            "99.950000" : 0,
            "99.990000" : 0
          }
        },
        "lat_ns" : {
          "min" : 0,
          "max" : 0,
          "mean" : 0.000000,
          "stddev" : 0.000000
        },
        "bw_min" : 0,
        "bw_max" : 0,
        "bw_agg" : 0.000000,
        "bw_mean" : 0.000000,
        "bw_dev" : 0.000000,
        "bw_samples" : 0,
        "iops_min" : 0,
        "iops_max" : 0,
        "iops_mean" : 0.000000,
        "iops_stddev" : 0.000000,
        "iops_samples" : 0
      },
      "sync" : {
        "lat_ns" : {
          "min" : 0,
          "max" : 0,
          "mean" : 0.000000,
          "stddev" : 0.000000,
          "percentile" : {
            "1.000000" : 0,
            "5.000000" : 0,
            "10.000000" : 0,
            "20.000000" : 0,
            "30.000000" : 0,
            "40.000000" : 0,
            "50.000000" : 0,
            "60.000000" : 0,
            "70.000000" : 0,
            "80.000000" : 0,
            "90.000000" : 0,
            "95.000000" : 0,
            "99.000000" : 0,
            "99.500000" : 0,
            "99.900000" : 0,
            "99.950000" : 0,
            "99.990000" : 0
          }
        },
        "total_ios" : 0
      },
      "usr_cpu" : 0.597931,
      "sys_cpu" : 2.109712,
      "ctx" : 1459,
      "majf" : 0,
      "minf" : 2821,
      "iodepth_level" : {
        "1" : 0.100000,
        "2" : 0.100000,
        "4" : 0.100000,
        "8" : 0.140523,
        "16" : 0.281047,
        "32" : 0.562094,
        ">=64" : 98.893378
      },
      "latency_ns" : {
        "2" : 0.000000,
        "4" : 0.000000,
        "10" : 0.000000,
        "20" : 0.000000,
        "50" : 0.000000,
        "100" : 0.000000,
        "250" : 0.000000,
        "500" : 0.000000,
        "750" : 0.000000,
        "1000" : 0.000000
      },
      "latency_us" : {
        "2" : 0.000000,
        "4" : 0.000000,
        "10" : 0.000000,
        "20" : 0.000000,
        "50" : 0.000000,
        "100" : 0.000000,
        "250" : 0.000000,
        "500" : 0.000000,
        "750" : 0.000000,
        "1000" : 0.000000
      },
      "latency_ms" : {
        "2" : 0.000000,
        "4" : 0.000000,
        "10" : 0.000000,
        "20" : 0.000000,
        "50" : 0.000000,
        "100" : 0.000000,
        "250" : 0.000000,
        "500" : 0.000000,
        "750" : 0.000000,
        "1000" : 0.087827,
        "2000" : 0.000000,
        ">=2000" : 0.000000
      },
      "latency_depth" : 256,
      "latency_target" : 0,
      "latency_percentile" : 100.000000,
      "latency_window" : 0
    }
  ]
}
