{
  "fio version" : "fio-3.7",
  "timestamp" : 1589090276,
  "timestamp_ms" : 1589090276226,
  "time" : "Sat May  9 23:57:56 2020",
  "global options" : {
    "filename" : "/dev/sgt_vg_data_009/MACH2_data_009_2048k",
    "rw" : "randrw",
    "ioengine" : "libaio",
    "iodepth" : "16",
    "numjobs" : "1",
    "direct" : "1",
    "runtime" : "120"
  },
  "jobs" : [
    {
      "jobname" : "randrw-4096k",
      "groupid" : 0,
      "error" : 0,
      "eta" : 0,
      "elapsed" : 121,
      "job options" : {
        "name" : "randrw-4096k",
        "bs" : "4096k"
      },
      "read" : {
        "io_bytes" : 11882463232,
        "io_kbytes" : 11603968,
        "bw_bytes" : 98863169,
        "bw" : 96546,
        "iops" : 23.570816,
        "runtime" : 120191,
        "total_ios" : 2833,
        "short_ios" : 0,
        "drop_ios" : 0,
        "slat_ns" : {
          "min" : 262252,
          "max" : 3580990,
          "mean" : 646195.353336,
          "stddev" : 281795.433439
        },
        "clat_ns" : {
          "min" : 18897814,
          "max" : 1531716172,
          "mean" : 197540035.530886,
          "stddev" : 143411177.543929,
          "percentile" : {
            "1.000000" : 31326208,
            "5.000000" : 43253760,
            "10.000000" : 57409536,
            "20.000000" : 81264640,
            "30.000000" : 107479040,
            "40.000000" : 133693440,
            "50.000000" : 162529280,
            "60.000000" : 196083712,
            "70.000000" : 238026752,
            "80.000000" : 287309824,
            "90.000000" : 371195904,
            "95.000000" : 467664896,
            "99.000000" : 708837376,
            "99.500000" : 834666496,
            "99.900000" : 968884224,
            "99.950000" : 985661440,
            "99.990000" : 1535115264
          }
        },
        "lat_ns" : {
          "min" : 19227373,
          "max" : 1532032559,
          "mean" : 198186512.449347,
          "stddev" : 143406407.285121
        },
        "bw_min" : 32768,
        "bw_max" : 163840,
        "bw_agg" : 99.895417,
        "bw_mean" : 96445.029167,
        "bw_dev" : 21245.619152,
        "bw_samples" : 240,
        "iops_min" : 8,
        "iops_max" : 40,
        "iops_mean" : 23.475000,
        "iops_stddev" : 5.192467,
        "iops_samples" : 240
      },
      "write" : {
        "io_bytes" : 12280922112,
        "io_kbytes" : 11993088,
        "bw_bytes" : 102178383,
        "bw" : 99783,
        "iops" : 24.361225,
        "runtime" : 120191,
        "total_ios" : 2928,
        "short_ios" : 0,
        "drop_ios" : 0,
        "slat_ns" : {
          "min" : 374412,
          "max" : 3566432,
          "mean" : 760392.275956,
          "stddev" : 230530.777815
        },
        "clat_ns" : {
          "min" : 27836030,
          "max" : 2442140214,
          "mean" : 464172736.580259,
          "stddev" : 350589478.610571,
          "percentile" : {
            "1.000000" : 46923776,
            "5.000000" : 88604672,
            "10.000000" : 132644864,
            "20.000000" : 193986560,
            "30.000000" : 248512512,
            "40.000000" : 304087040,
            "50.000000" : 375390208,
            "60.000000" : 446693376,
            "70.000000" : 549453824,
            "80.000000" : 683671552,
            "90.000000" : 901775360,
            "95.000000" : 1149239296,
            "99.000000" : 1753219072,
            "99.500000" : 2038431744,
            "99.900000" : 2432696320,
            "99.950000" : 2432696320,
            "99.990000" : 2432696320
          }
        },
        "lat_ns" : {
          "min" : 28426584,
          "max" : 2442788972,
          "mean" : 464933427.562158,
          "stddev" : 350597531.800501
        },
        "bw_min" : 32768,
        "bw_max" : 155648,
        "bw_agg" : 99.835330,
        "bw_mean" : 99618.687500,
        "bw_dev" : 21355.705222,
        "bw_samples" : 240,
        "iops_min" : 8,
        "iops_max" : 38,
        "iops_mean" : 24.250000,
        "iops_stddev" : 5.216244,
        "iops_samples" : 240
      },
      "trim" : {
        "io_bytes" : 0,
        "io_kbytes" : 0,
        "bw_bytes" : 0,
        "bw" : 0,
        "iops" : 0.000000,
        "runtime" : 0,
        "total_ios" : 0,
        "short_ios" : 0,
        "drop_ios" : 0,
        "slat_ns" : {
          "min" : 0,
          "max" : 0,
          "mean" : 0.000000,
          "stddev" : 0.000000
        },
        "clat_ns" : {
          "min" : 0,
          "max" : 0,
          "mean" : 0.000000,
          "stddev" : 0.000000,
          "percentile" : {
            "1.000000" : 0,
            "5.000000" : 0,
            "10.000000" : 0,
            "20.000000" : 0,
            "30.000000" : 0,
            "40.000000" : 0,
            "50.000000" : 0,
            "60.000000" : 0,
            "70.000000" : 0,
            "80.000000" : 0,
            "90.000000" : 0,
            "95.000000" : 0,
            "99.000000" : 0,
            "99.500000" : 0,
            "99.900000" : 0,
            "99.950000" : 0,
            "99.990000" : 0
          }
        },
        "lat_ns" : {
          "min" : 0,
          "max" : 0,
          "mean" : 0.000000,
          "stddev" : 0.000000
        },
        "bw_min" : 0,
        "bw_max" : 0,
        "bw_agg" : 0.000000,
        "bw_mean" : 0.000000,
        "bw_dev" : 0.000000,
        "bw_samples" : 0,
        "iops_min" : 0,
        "iops_max" : 0,
        "iops_mean" : 0.000000,
        "iops_stddev" : 0.000000,
        "iops_samples" : 0
      },
      "sync" : {
        "lat_ns" : {
          "min" : 0,
          "max" : 0,
          "mean" : 0.000000,
          "stddev" : 0.000000,
          "percentile" : {
            "1.000000" : 0,
            "5.000000" : 0,
            "10.000000" : 0,
            "20.000000" : 0,
            "30.000000" : 0,
            "40.000000" : 0,
            "50.000000" : 0,
            "60.000000" : 0,
            "70.000000" : 0,
            "80.000000" : 0,
            "90.000000" : 0,
            "95.000000" : 0,
            "99.000000" : 0,
            "99.500000" : 0,
            "99.900000" : 0,
            "99.950000" : 0,
            "99.990000" : 0
          }
        },
        "total_ios" : 0
      },
      "usr_cpu" : 0.695565,
      "sys_cpu" : 2.800566,
      "ctx" : 5689,
      "majf" : 0,
      "minf" : 1352,
      "iodepth_level" : {
        "1" : 0.100000,
        "2" : 0.100000,
        "4" : 0.100000,
        "8" : 0.138865,
        "16" : 99.739629,
        "32" : 0.000000,
        ">=64" : 0.000000
      },
      "latency_ns" : {
        "2" : 0.000000,
        "4" : 0.000000,
        "10" : 0.000000,
        "20" : 0.000000,
        "50" : 0.000000,
        "100" : 0.000000,
        "250" : 0.000000,
        "500" : 0.000000,
        "750" : 0.000000,
        "1000" : 0.000000
      },
      "latency_us" : {
        "2" : 0.000000,
        "4" : 0.000000,
        "10" : 0.000000,
        "20" : 0.000000,
        "50" : 0.000000,
        "100" : 0.000000,
        "250" : 0.000000,
        "500" : 0.000000,
        "750" : 0.000000,
        "1000" : 0.000000
      },
      "latency_ms" : {
        "2" : 0.000000,
        "4" : 0.000000,
        "10" : 0.000000,
        "20" : 0.017358,
        "50" : 4.148585,
        "100" : 12.515188,
        "250" : 34.664121,
        "500" : 29.300469,
        "750" : 10.709946,
        "1000" : 4.634612,
        "2000" : 0.000000,
        ">=2000" : 0.000000
      },
      "latency_depth" : 16,
      "latency_target" : 0,
      "latency_percentile" : 100.000000,
      "latency_window" : 0
    }
  ]
}
