{
  "fio version" : "fio-3.7",
  "timestamp" : 1589090025,
  "timestamp_ms" : 1589090025654,
  "time" : "Sat May  9 23:53:45 2020",
  "global options" : {
    "filename" : "/dev/sgt_vg_data_002/MACH2_data_002_16k",
    "rw" : "randrw",
    "ioengine" : "libaio",
    "iodepth" : "4",
    "numjobs" : "1",
    "direct" : "1",
    "runtime" : "120"
  },
  "jobs" : [
    {
      "jobname" : "randrw-4096k",
      "groupid" : 0,
      "error" : 0,
      "eta" : 0,
      "elapsed" : 121,
      "job options" : {
        "name" : "randrw-4096k",
        "bs" : "4096k"
      },
      "read" : {
        "io_bytes" : 9449766912,
        "io_kbytes" : 9228288,
        "bw_bytes" : 78690351,
        "bw" : 76846,
        "iops" : 18.761242,
        "runtime" : 120088,
        "total_ios" : 2253,
        "short_ios" : 0,
        "drop_ios" : 0,
        "slat_ns" : {
          "min" : 518903,
          "max" : 4549819,
          "mean" : 834084.032845,
          "stddev" : 263425.131637
        },
        "clat_ns" : {
          "min" : 23708598,
          "max" : 175010236,
          "mean" : 51312330.146028,
          "stddev" : 14723073.126088,
          "percentile" : {
            "1.000000" : 30015488,
            "5.000000" : 34865152,
            "10.000000" : 37486592,
            "20.000000" : 40632320,
            "30.000000" : 43253760,
            "40.000000" : 45875200,
            "50.000000" : 48496640,
            "60.000000" : 51118080,
            "70.000000" : 54263808,
            "80.000000" : 59506688,
            "90.000000" : 68681728,
            "95.000000" : 79167488,
            "99.000000" : 107479040,
            "99.500000" : 114819072,
            "99.900000" : 137363456,
            "99.950000" : 168820736,
            "99.990000" : 175112192
          }
        },
        "lat_ns" : {
          "min" : 24277483,
          "max" : 175602582,
          "mean" : 52146806.737239,
          "stddev" : 14711549.439095
        },
        "bw_min" : 24526,
        "bw_max" : 131072,
        "bw_agg" : 100.000000,
        "bw_mean" : 76881.145833,
        "bw_dev" : 19999.055149,
        "bw_samples" : 240,
        "iops_min" : 5,
        "iops_max" : 32,
        "iops_mean" : 18.633333,
        "iops_stddev" : 4.909956,
        "iops_samples" : 240
      },
      "write" : {
        "io_bytes" : 9927917568,
        "io_kbytes" : 9695232,
        "bw_bytes" : 82672020,
        "bw" : 80734,
        "iops" : 19.710546,
        "runtime" : 120088,
        "total_ios" : 2367,
        "short_ios" : 0,
        "drop_ios" : 0,
        "slat_ns" : {
          "min" : 663913,
          "max" : 5010755,
          "mean" : 1017258.138150,
          "stddev" : 241978.367586
        },
        "clat_ns" : {
          "min" : 22594271,
          "max" : 2474196420,
          "mean" : 152235303.637093,
          "stddev" : 326185382.569508,
          "percentile" : {
            "1.000000" : 31588352,
            "5.000000" : 40632320,
            "10.000000" : 44826624,
            "20.000000" : 50069504,
            "30.000000" : 53215232,
            "40.000000" : 56885248,
            "50.000000" : 61603840,
            "60.000000" : 70778880,
            "70.000000" : 94896128,
            "80.000000" : 137363456,
            "90.000000" : 254803968,
            "95.000000" : 480247808,
            "99.000000" : 2432696320,
            "99.500000" : 2432696320,
            "99.900000" : 2466250752,
            "99.950000" : 2466250752,
            "99.990000" : 2466250752
          }
        },
        "lat_ns" : {
          "min" : 23572128,
          "max" : 2475264728,
          "mean" : 153252931.357415,
          "stddev" : 326187983.111150
        },
        "bw_min" : 24576,
        "bw_max" : 122880,
        "bw_agg" : 99.875755,
        "bw_mean" : 80633.691667,
        "bw_dev" : 17141.163108,
        "bw_samples" : 240,
        "iops_min" : 6,
        "iops_max" : 30,
        "iops_mean" : 19.550000,
        "iops_stddev" : 4.186749,
        "iops_samples" : 240
      },
      "trim" : {
        "io_bytes" : 0,
        "io_kbytes" : 0,
        "bw_bytes" : 0,
        "bw" : 0,
        "iops" : 0.000000,
        "runtime" : 0,
        "total_ios" : 0,
        "short_ios" : 0,
        "drop_ios" : 0,
        "slat_ns" : {
          "min" : 0,
          "max" : 0,
          "mean" : 0.000000,
          "stddev" : 0.000000
        },
        "clat_ns" : {
          "min" : 0,
          "max" : 0,
          "mean" : 0.000000,
          "stddev" : 0.000000,
          "percentile" : {
            "1.000000" : 0,
            "5.000000" : 0,
            "10.000000" : 0,
            "20.000000" : 0,
            "30.000000" : 0,
            "40.000000" : 0,
            "50.000000" : 0,
            "60.000000" : 0,
            "70.000000" : 0,
            "80.000000" : 0,
            "90.000000" : 0,
            "95.000000" : 0,
            "99.000000" : 0,
            "99.500000" : 0,
            "99.900000" : 0,
            "99.950000" : 0,
            "99.990000" : 0
          }
        },
        "lat_ns" : {
          "min" : 0,
          "max" : 0,
          "mean" : 0.000000,
          "stddev" : 0.000000
        },
        "bw_min" : 0,
        "bw_max" : 0,
        "bw_agg" : 0.000000,
        "bw_mean" : 0.000000,
        "bw_dev" : 0.000000,
        "bw_samples" : 0,
        "iops_min" : 0,
        "iops_max" : 0,
        "iops_mean" : 0.000000,
        "iops_stddev" : 0.000000,
        "iops_samples" : 0
      },
      "sync" : {
        "lat_ns" : {
          "min" : 0,
          "max" : 0,
          "mean" : 0.000000,
          "stddev" : 0.000000,
          "percentile" : {
            "1.000000" : 0,
            "5.000000" : 0,
            "10.000000" : 0,
            "20.000000" : 0,
            "30.000000" : 0,
            "40.000000" : 0,
            "50.000000" : 0,
            "60.000000" : 0,
            "70.000000" : 0,
            "80.000000" : 0,
            "90.000000" : 0,
            "95.000000" : 0,
            "99.000000" : 0,
            "99.500000" : 0,
            "99.900000" : 0,
            "99.950000" : 0,
            "99.990000" : 0
          }
        },
        "total_ios" : 0
      },
      "usr_cpu" : 0.619551,
      "sys_cpu" : 3.042794,
      "ctx" : 4615,
      "majf" : 0,
      "minf" : 1301,
      "iodepth_level" : {
        "1" : 0.100000,
        "2" : 0.100000,
        "4" : 99.935065,
        "8" : 0.000000,
        "16" : 0.000000,
        "32" : 0.000000,
        ">=64" : 0.000000
      },
      "latency_ns" : {
        "2" : 0.000000,
        "4" : 0.000000,
        "10" : 0.000000,
        "20" : 0.000000,
        "50" : 0.000000,
        "100" : 0.000000,
        "250" : 0.000000,
        "500" : 0.000000,
        "750" : 0.000000,
        "1000" : 0.000000
      },
      "latency_us" : {
        "2" : 0.000000,
        "4" : 0.000000,
        "10" : 0.000000,
        "20" : 0.000000,
        "50" : 0.000000,
        "100" : 0.000000,
        "250" : 0.000000,
        "500" : 0.000000,
        "750" : 0.000000,
        "1000" : 0.000000
      },
      "latency_ms" : {
        "2" : 0.000000,
        "4" : 0.000000,
        "10" : 0.000000,
        "20" : 0.000000,
        "50" : 37.705628,
        "100" : 46.926407,
        "250" : 10.086580,
        "500" : 2.792208,
        "750" : 0.800866,
        "1000" : 0.497835,
        "2000" : 0.000000,
        ">=2000" : 0.000000
      },
      "latency_depth" : 4,
      "latency_target" : 0,
      "latency_percentile" : 100.000000,
      "latency_window" : 0
    }
  ]
}
