{
  "fio version" : "fio-3.7",
  "timestamp" : 1576271901,
  "timestamp_ms" : 1576271901208,
  "time" : "Fri Dec 13 14:18:21 2019",
  "global options" : {
    "filename" : "/dev/md/MD-001-sdo-sdp",
    "rw" : "randread",
    "ioengine" : "libaio",
    "iodepth" : "16",
    "numjobs" : "1",
    "runtime" : "120"
  },
  "jobs" : [
    {
      "jobname" : "randread-2M",
      "groupid" : 0,
      "error" : 0,
      "eta" : 0,
      "elapsed" : 121,
      "job options" : {
        "name" : "randread-2M",
        "bs" : "2M"
      },
      "read" : {
        "io_bytes" : 12824084480,
        "io_kbytes" : 12523520,
        "bw_bytes" : 106858465,
        "bw" : 104353,
        "iops" : 50.954087,
        "runtime" : 120010,
        "total_ios" : 6115,
        "short_ios" : 0,
        "drop_ios" : 0,
        "slat_ns" : {
          "min" : 8785380,
          "max" : 71946422,
          "mean" : 19617811.878823,
          "stddev" : 3782548.708045
        },
        "clat_ns" : {
          "min" : 9275,
          "max" : 374339886,
          "mean" : 293930727.671789,
          "stddev" : 18768891.857889,
          "percentile" : {
            "1.000000" : 254803968,
            "5.000000" : 267386880,
            "10.000000" : 274726912,
            "20.000000" : 278921216,
            "30.000000" : 287309824,
            "40.000000" : 291504128,
            "50.000000" : 295698432,
            "60.000000" : 299892736,
            "70.000000" : 304087040,
            "80.000000" : 308281344,
            "90.000000" : 316669952,
            "95.000000" : 320864256,
            "99.000000" : 333447168,
            "99.500000" : 337641472,
            "99.900000" : 358612992,
            "99.950000" : 362807296,
            "99.990000" : 375390208
          }
        },
        "lat_ns" : {
          "min" : 15876424,
          "max" : 400431893,
          "mean" : 313549274.564187,
          "stddev" : 19328315.905965
        },
        "bw_min" : 32768,
        "bw_max" : 118546,
        "bw_agg" : 99.669767,
        "bw_mean" : 104008.391667,
        "bw_dev" : 6651.574731,
        "bw_samples" : 240,
        "iops_min" : 16,
        "iops_max" : 57,
        "iops_mean" : 50.437500,
        "iops_stddev" : 3.251689,
        "iops_samples" : 240
      },
      "write" : {
        "io_bytes" : 0,
        "io_kbytes" : 0,
        "bw_bytes" : 0,
        "bw" : 0,
        "iops" : 0.000000,
        "runtime" : 0,
        "total_ios" : 0,
        "short_ios" : 0,
        "drop_ios" : 0,
        "slat_ns" : {
          "min" : 0,
          "max" : 0,
          "mean" : 0.000000,
          "stddev" : 0.000000
        },
        "clat_ns" : {
          "min" : 0,
          "max" : 0,
          "mean" : 0.000000,
          "stddev" : 0.000000,
          "percentile" : {
            "1.000000" : 0,
            "5.000000" : 0,
            "10.000000" : 0,
            "20.000000" : 0,
            "30.000000" : 0,
            "40.000000" : 0,
            "50.000000" : 0,
            "60.000000" : 0,
            "70.000000" : 0,
            "80.000000" : 0,
            "90.000000" : 0,
            "95.000000" : 0,
            "99.000000" : 0,
            "99.500000" : 0,
            "99.900000" : 0,
            "99.950000" : 0,
            "99.990000" : 0
          }
        },
        "lat_ns" : {
          "min" : 0,
          "max" : 0,
          "mean" : 0.000000,
          "stddev" : 0.000000
        },
        "bw_min" : 0,
        "bw_max" : 0,
        "bw_agg" : 0.000000,
        "bw_mean" : 0.000000,
        "bw_dev" : 0.000000,
        "bw_samples" : 0,
        "iops_min" : 0,
        "iops_max" : 0,
        "iops_mean" : 0.000000,
        "iops_stddev" : 0.000000,
        "iops_samples" : 0
      },
      "trim" : {
        "io_bytes" : 0,
        "io_kbytes" : 0,
        "bw_bytes" : 0,
        "bw" : 0,
        "iops" : 0.000000,
        "runtime" : 0,
        "total_ios" : 0,
        "short_ios" : 0,
        "drop_ios" : 0,
        "slat_ns" : {
          "min" : 0,
          "max" : 0,
          "mean" : 0.000000,
          "stddev" : 0.000000
        },
        "clat_ns" : {
          "min" : 0,
          "max" : 0,
          "mean" : 0.000000,
          "stddev" : 0.000000,
          "percentile" : {
            "1.000000" : 0,
            "5.000000" : 0,
            "10.000000" : 0,
            "20.000000" : 0,
            "30.000000" : 0,
            "40.000000" : 0,
            "50.000000" : 0,
            "60.000000" : 0,
            "70.000000" : 0,
            "80.000000" : 0,
            "90.000000" : 0,
            "95.000000" : 0,
            "99.000000" : 0,
            "99.500000" : 0,
            "99.900000" : 0,
            "99.950000" : 0,
            "99.990000" : 0
          }
        },
        "lat_ns" : {
          "min" : 0,
          "max" : 0,
          "mean" : 0.000000,
          "stddev" : 0.000000
        },
        "bw_min" : 0,
        "bw_max" : 0,
        "bw_agg" : 0.000000,
        "bw_mean" : 0.000000,
        "bw_dev" : 0.000000,
        "bw_samples" : 0,
        "iops_min" : 0,
        "iops_max" : 0,
        "iops_mean" : 0.000000,
        "iops_stddev" : 0.000000,
        "iops_samples" : 0
      },
      "sync" : {
        "lat_ns" : {
          "min" : 0,
          "max" : 0,
          "mean" : 0.000000,
          "stddev" : 0.000000,
          "percentile" : {
            "1.000000" : 0,
            "5.000000" : 0,
            "10.000000" : 0,
            "20.000000" : 0,
            "30.000000" : 0,
            "40.000000" : 0,
            "50.000000" : 0,
            "60.000000" : 0,
            "70.000000" : 0,
            "80.000000" : 0,
            "90.000000" : 0,
            "95.000000" : 0,
            "99.000000" : 0,
            "99.500000" : 0,
            "99.900000" : 0,
            "99.950000" : 0,
            "99.990000" : 0
          }
        },
        "total_ios" : 0
      },
      "usr_cpu" : 0.044163,
      "sys_cpu" : 6.229533,
      "ctx" : 17308,
      "majf" : 0,
      "minf" : 2800,
      "iodepth_level" : {
        "1" : 0.100000,
        "2" : 0.100000,
        "4" : 0.100000,
        "8" : 0.130826,
        "16" : 99.754702,
        "32" : 0.000000,
        ">=64" : 0.000000
      },
      "latency_ns" : {
        "2" : 0.000000,
        "4" : 0.000000,
        "10" : 0.000000,
        "20" : 0.000000,
        "50" : 0.000000,
        "100" : 0.000000,
        "250" : 0.000000,
        "500" : 0.000000,
        "750" : 0.000000,
        "1000" : 0.000000
      },
      "latency_us" : {
        "2" : 0.000000,
        "4" : 0.000000,
        "10" : 0.016353,
        "20" : 0.000000,
        "50" : 0.000000,
        "100" : 0.000000,
        "250" : 0.000000,
        "500" : 0.000000,
        "750" : 0.000000,
        "1000" : 0.000000
      },
      "latency_ms" : {
        "2" : 0.000000,
        "4" : 0.000000,
        "10" : 0.000000,
        "20" : 0.016353,
        "50" : 0.016353,
        "100" : 0.049060,
        "250" : 0.359771,
        "500" : 99.542110,
        "750" : 0.000000,
        "1000" : 0.000000,
        "2000" : 0.000000,
        ">=2000" : 0.000000
      },
      "latency_depth" : 16,
      "latency_target" : 0,
      "latency_percentile" : 100.000000,
      "latency_window" : 0
    }
  ]
}
