{
  "fio version" : "fio-3.7",
  "timestamp" : 1590254842,
  "timestamp_ms" : 1590254842736,
  "time" : "Sat May 23 11:27:22 2020",
  "global options" : {
    "filename" : "/dev/sgt_vg_data_008_009/EVANS_data_008_009_65536k",
    "rw" : "read",
    "ioengine" : "libaio",
    "iodepth" : "1024",
    "numjobs" : "1",
    "direct" : "1",
    "random_generator" : "tausworthe64",
    "runtime" : "120"
  },
  "jobs" : [
    {
      "jobname" : "read-512k",
      "groupid" : 0,
      "error" : 0,
      "eta" : 0,
      "elapsed" : 121,
      "job options" : {
        "name" : "read-512k",
        "bs" : "512k"
      },
      "read" : {
        "io_bytes" : 62931861504,
        "io_kbytes" : 61456896,
        "bw_bytes" : 523233103,
        "bw" : 510969,
        "iops" : 997.987944,
        "runtime" : 120275,
        "total_ios" : 120033,
        "short_ios" : 0,
        "drop_ios" : 0,
        "slat_ns" : {
          "min" : 25100,
          "max" : 124054694,
          "mean" : 998699.013671,
          "stddev" : 7661728.913421
        },
        "clat_ns" : {
          "min" : 249373905,
          "max" : 1371460638,
          "mean" : 1022503976.857402,
          "stddev" : 123010335.383214,
          "percentile" : {
            "1.000000" : 859832320,
            "5.000000" : 868220928,
            "10.000000" : 876609536,
            "20.000000" : 910163968,
            "30.000000" : 935329792,
            "40.000000" : 952107008,
            "50.000000" : 994050048,
            "60.000000" : 1061158912,
            "70.000000" : 1115684864,
            "80.000000" : 1132462080,
            "90.000000" : 1233125376,
            "95.000000" : 1233125376,
            "99.000000" : 1233125376,
            "99.500000" : 1249902592,
            "99.900000" : 1249902592,
            "99.950000" : 1300234240,
            "99.990000" : 1367343104
          }
        },
        "lat_ns" : {
          "min" : 308821592,
          "max" : 1371504836,
          "mean" : 1023502716.918573,
          "stddev" : 123676306.436899
        },
        "bw_min" : 274432,
        "bw_max" : 589824,
        "bw_agg" : 99.754823,
        "bw_mean" : 509716.221757,
        "bw_dev" : 32802.243043,
        "bw_samples" : 239,
        "iops_min" : 536,
        "iops_max" : 1152,
        "iops_mean" : 995.410042,
        "iops_stddev" : 64.018505,
        "iops_samples" : 239
      },
      "write" : {
        "io_bytes" : 0,
        "io_kbytes" : 0,
        "bw_bytes" : 0,
        "bw" : 0,
        "iops" : 0.000000,
        "runtime" : 0,
        "total_ios" : 0,
        "short_ios" : 0,
        "drop_ios" : 0,
        "slat_ns" : {
          "min" : 0,
          "max" : 0,
          "mean" : 0.000000,
          "stddev" : 0.000000
        },
        "clat_ns" : {
          "min" : 0,
          "max" : 0,
          "mean" : 0.000000,
          "stddev" : 0.000000,
          "percentile" : {
            "1.000000" : 0,
            "5.000000" : 0,
            "10.000000" : 0,
            "20.000000" : 0,
            "30.000000" : 0,
            "40.000000" : 0,
            "50.000000" : 0,
            "60.000000" : 0,
            "70.000000" : 0,
            "80.000000" : 0,
            "90.000000" : 0,
            "95.000000" : 0,
            "99.000000" : 0,
            "99.500000" : 0,
            "99.900000" : 0,
            "99.950000" : 0,
            "99.990000" : 0
          }
        },
        "lat_ns" : {
          "min" : 0,
          "max" : 0,
          "mean" : 0.000000,
          "stddev" : 0.000000
        },
        "bw_min" : 0,
        "bw_max" : 0,
        "bw_agg" : 0.000000,
        "bw_mean" : 0.000000,
        "bw_dev" : 0.000000,
        "bw_samples" : 0,
        "iops_min" : 0,
        "iops_max" : 0,
        "iops_mean" : 0.000000,
        "iops_stddev" : 0.000000,
        "iops_samples" : 0
      },
      "trim" : {
        "io_bytes" : 0,
        "io_kbytes" : 0,
        "bw_bytes" : 0,
        "bw" : 0,
        "iops" : 0.000000,
        "runtime" : 0,
        "total_ios" : 0,
        "short_ios" : 0,
        "drop_ios" : 0,
        "slat_ns" : {
          "min" : 0,
          "max" : 0,
          "mean" : 0.000000,
          "stddev" : 0.000000
        },
        "clat_ns" : {
          "min" : 0,
          "max" : 0,
          "mean" : 0.000000,
          "stddev" : 0.000000,
          "percentile" : {
            "1.000000" : 0,
            "5.000000" : 0,
            "10.000000" : 0,
            "20.000000" : 0,
            "30.000000" : 0,
            "40.000000" : 0,
            "50.000000" : 0,
            "60.000000" : 0,
            "70.000000" : 0,
            "80.000000" : 0,
            "90.000000" : 0,
            "95.000000" : 0,
            "99.000000" : 0,
            "99.500000" : 0,
            "99.900000" : 0,
            "99.950000" : 0,
            "99.990000" : 0
          }
        },
        "lat_ns" : {
          "min" : 0,
          "max" : 0,
          "mean" : 0.000000,
          "stddev" : 0.000000
        },
        "bw_min" : 0,
        "bw_max" : 0,
        "bw_agg" : 0.000000,
        "bw_mean" : 0.000000,
        "bw_dev" : 0.000000,
        "bw_samples" : 0,
        "iops_min" : 0,
        "iops_max" : 0,
        "iops_mean" : 0.000000,
        "iops_stddev" : 0.000000,
        "iops_samples" : 0
      },
      "sync" : {
        "lat_ns" : {
          "min" : 0,
          "max" : 0,
          "mean" : 0.000000,
          "stddev" : 0.000000,
          "percentile" : {
            "1.000000" : 0,
            "5.000000" : 0,
            "10.000000" : 0,
            "20.000000" : 0,
            "30.000000" : 0,
            "40.000000" : 0,
            "50.000000" : 0,
            "60.000000" : 0,
            "70.000000" : 0,
            "80.000000" : 0,
            "90.000000" : 0,
            "95.000000" : 0,
            "99.000000" : 0,
            "99.500000" : 0,
            "99.900000" : 0,
            "99.950000" : 0,
            "99.990000" : 0
          }
        },
        "total_ios" : 0
      },
      "usr_cpu" : 0.121389,
      "sys_cpu" : 4.870546,
      "ctx" : 2045,
      "majf" : 0,
      "minf" : 3116,
      "iodepth_level" : {
        "1" : 0.100000,
        "2" : 0.100000,
        "4" : 0.100000,
        "8" : 0.100000,
        "16" : 0.100000,
        "32" : 0.100000,
        ">=64" : 99.947514
      },
      "latency_ns" : {
        "2" : 0.000000,
        "4" : 0.000000,
        "10" : 0.000000,
        "20" : 0.000000,
        "50" : 0.000000,
        "100" : 0.000000,
        "250" : 0.000000,
        "500" : 0.000000,
        "750" : 0.000000,
        "1000" : 0.000000
      },
      "latency_us" : {
        "2" : 0.000000,
        "4" : 0.000000,
        "10" : 0.000000,
        "20" : 0.000000,
        "50" : 0.000000,
        "100" : 0.000000,
        "250" : 0.000000,
        "500" : 0.000000,
        "750" : 0.000000,
        "1000" : 0.000000
      },
      "latency_ms" : {
        "2" : 0.000000,
        "4" : 0.000000,
        "10" : 0.000000,
        "20" : 0.000000,
        "50" : 0.000000,
        "100" : 0.000000,
        "250" : 0.010000,
        "500" : 0.213275,
        "750" : 0.213275,
        "1000" : 50.751877,
        "2000" : 0.000000,
        ">=2000" : 0.000000
      },
      "latency_depth" : 1024,
      "latency_target" : 0,
      "latency_percentile" : 100.000000,
      "latency_window" : 0
    }
  ]
}
