{
  "fio version" : "fio-3.7",
  "timestamp" : 1589090994,
  "timestamp_ms" : 1589090994863,
  "time" : "Sun May 10 00:09:54 2020",
  "global options" : {
    "filename" : "/dev/sgt_vg_data_003/EVANS_data_003",
    "rw" : "randrw",
    "ioengine" : "libaio",
    "iodepth" : "1024",
    "numjobs" : "1",
    "direct" : "1",
    "runtime" : "120"
  },
  "jobs" : [
    {
      "jobname" : "randrw-4096k",
      "groupid" : 0,
      "error" : 0,
      "eta" : 0,
      "elapsed" : 123,
      "job options" : {
        "name" : "randrw-4096k",
        "bs" : "4096k"
      },
      "read" : {
        "io_bytes" : 9021947904,
        "io_kbytes" : 8810496,
        "bw_bytes" : 74896420,
        "bw" : 73141,
        "iops" : 17.856698,
        "runtime" : 120459,
        "total_ios" : 2151,
        "short_ios" : 0,
        "drop_ios" : 0,
        "slat_ns" : {
          "min" : 295107,
          "max" : 254621906,
          "mean" : 26324142.923756,
          "stddev" : 48350532.137219
        },
        "clat_ns" : {
          "min" : 440652927,
          "max" : 30341968754,
          "mean" : 25111686094.117611,
          "stddev" : 6979541661.711859,
          "percentile" : {
            "1.000000" : 1501560832,
            "5.000000" : 6476005376,
            "10.000000" : 12817793024,
            "20.000000" : 17112760320,
            "30.000000" : 17112760320,
            "40.000000" : 17112760320,
            "50.000000" : 17112760320,
            "60.000000" : 17112760320,
            "70.000000" : 17112760320,
            "80.000000" : 17112760320,
            "90.000000" : 17112760320,
            "95.000000" : 17112760320,
            "99.000000" : 17112760320,
            "99.500000" : 17112760320,
            "99.900000" : 17112760320,
            "99.950000" : 17112760320,
            "99.990000" : 17112760320
          }
        },
        "lat_ns" : {
          "min" : 574332741,
          "max" : 30410309892,
          "mean" : 25138010426.042294,
          "stddev" : 6978900694.729142
        },
        "bw_min" : 24526,
        "bw_max" : 131072,
        "bw_agg" : 99.815601,
        "bw_mean" : 73006.129032,
        "bw_dev" : 21123.229080,
        "bw_samples" : 186,
        "iops_min" : 5,
        "iops_max" : 32,
        "iops_mean" : 17.413978,
        "iops_stddev" : 5.206609,
        "iops_samples" : 186
      },
      "write" : {
        "io_bytes" : 9487515648,
        "io_kbytes" : 9265152,
        "bw_bytes" : 78761368,
        "bw" : 76915,
        "iops" : 18.778173,
        "runtime" : 120459,
        "total_ios" : 2262,
        "short_ios" : 0,
        "drop_ios" : 0,
        "slat_ns" : {
          "min" : 434424,
          "max" : 258372780,
          "mean" : 28020453.875774,
          "stddev" : 49653644.458593
        },
        "clat_ns" : {
          "min" : 640225635,
          "max" : 29830801509,
          "mean" : 24740321191.740055,
          "stddev" : 6788022715.148046,
          "percentile" : {
            "1.000000" : 1769996288,
            "5.000000" : 6945767424,
            "10.000000" : 12817793024,
            "20.000000" : 17112760320,
            "30.000000" : 17112760320,
            "40.000000" : 17112760320,
            "50.000000" : 17112760320,
            "60.000000" : 17112760320,
            "70.000000" : 17112760320,
            "80.000000" : 17112760320,
            "90.000000" : 17112760320,
            "95.000000" : 17112760320,
            "99.000000" : 17112760320,
            "99.500000" : 17112760320,
            "99.900000" : 17112760320,
            "99.950000" : 17112760320,
            "99.990000" : 17112760320
          }
        },
        "lat_ns" : {
          "min" : 640787860,
          "max" : 29960588939,
          "mean" : 24768341864.396095,
          "stddev" : 6788058495.432718
        },
        "bw_min" : 8175,
        "bw_max" : 131072,
        "bw_agg" : 98.445586,
        "bw_mean" : 75719.422460,
        "bw_dev" : 22501.101265,
        "bw_samples" : 187,
        "iops_min" : 1,
        "iops_max" : 32,
        "iops_mean" : 18.074866,
        "iops_stddev" : 5.464918,
        "iops_samples" : 187
      },
      "trim" : {
        "io_bytes" : 0,
        "io_kbytes" : 0,
        "bw_bytes" : 0,
        "bw" : 0,
        "iops" : 0.000000,
        "runtime" : 0,
        "total_ios" : 0,
        "short_ios" : 0,
        "drop_ios" : 0,
        "slat_ns" : {
          "min" : 0,
          "max" : 0,
          "mean" : 0.000000,
          "stddev" : 0.000000
        },
        "clat_ns" : {
          "min" : 0,
          "max" : 0,
          "mean" : 0.000000,
          "stddev" : 0.000000,
          "percentile" : {
            "1.000000" : 0,
            "5.000000" : 0,
            "10.000000" : 0,
            "20.000000" : 0,
            "30.000000" : 0,
            "40.000000" : 0,
            "50.000000" : 0,
            "60.000000" : 0,
            "70.000000" : 0,
            "80.000000" : 0,
            "90.000000" : 0,
            "95.000000" : 0,
            "99.000000" : 0,
            "99.500000" : 0,
            "99.900000" : 0,
            "99.950000" : 0,
            "99.990000" : 0
          }
        },
        "lat_ns" : {
          "min" : 0,
          "max" : 0,
          "mean" : 0.000000,
          "stddev" : 0.000000
        },
        "bw_min" : 0,
        "bw_max" : 0,
        "bw_agg" : 0.000000,
        "bw_mean" : 0.000000,
        "bw_dev" : 0.000000,
        "bw_samples" : 0,
        "iops_min" : 0,
        "iops_max" : 0,
        "iops_mean" : 0.000000,
        "iops_stddev" : 0.000000,
        "iops_samples" : 0
      },
      "sync" : {
        "lat_ns" : {
          "min" : 0,
          "max" : 0,
          "mean" : 0.000000,
          "stddev" : 0.000000,
          "percentile" : {
            "1.000000" : 0,
            "5.000000" : 0,
            "10.000000" : 0,
            "20.000000" : 0,
            "30.000000" : 0,
            "40.000000" : 0,
            "50.000000" : 0,
            "60.000000" : 0,
            "70.000000" : 0,
            "80.000000" : 0,
            "90.000000" : 0,
            "95.000000" : 0,
            "99.000000" : 0,
            "99.500000" : 0,
            "99.900000" : 0,
            "99.950000" : 0,
            "99.990000" : 0
          }
        },
        "total_ios" : 0
      },
      "usr_cpu" : 0.467379,
      "sys_cpu" : 1.534962,
      "ctx" : 1117,
      "majf" : 0,
      "minf" : 3673,
      "iodepth_level" : {
        "1" : 0.100000,
        "2" : 0.100000,
        "4" : 0.100000,
        "8" : 0.181283,
        "16" : 0.362565,
        "32" : 0.725130,
        ">=64" : 98.572400
      },
      "latency_ns" : {
        "2" : 0.000000,
        "4" : 0.000000,
        "10" : 0.000000,
        "20" : 0.000000,
        "50" : 0.000000,
        "100" : 0.000000,
        "250" : 0.000000,
        "500" : 0.000000,
        "750" : 0.000000,
        "1000" : 0.000000
      },
      "latency_us" : {
        "2" : 0.000000,
        "4" : 0.000000,
        "10" : 0.000000,
        "20" : 0.000000,
        "50" : 0.000000,
        "100" : 0.000000,
        "250" : 0.000000,
        "500" : 0.000000,
        "750" : 0.000000,
        "1000" : 0.000000
      },
      "latency_ms" : {
        "2" : 0.000000,
        "4" : 0.000000,
        "10" : 0.000000,
        "20" : 0.000000,
        "50" : 0.000000,
        "100" : 0.000000,
        "250" : 0.000000,
        "500" : 0.022660,
        "750" : 0.181283,
        "1000" : 0.271924,
        "2000" : 0.000000,
        ">=2000" : 0.000000
      },
      "latency_depth" : 1024,
      "latency_target" : 0,
      "latency_percentile" : 100.000000,
      "latency_window" : 0
    }
  ]
}
