{
  "fio version" : "fio-3.7",
  "timestamp" : 1589112906,
  "timestamp_ms" : 1589112906185,
  "time" : "Sun May 10 06:15:06 2020",
  "global options" : {
    "filename" : "/dev/sgt_vg_data_003/EVANS_data_003",
    "rw" : "randwrite",
    "ioengine" : "libaio",
    "iodepth" : "1",
    "numjobs" : "1",
    "direct" : "1",
    "runtime" : "120"
  },
  "jobs" : [
    {
      "jobname" : "randwrite-2048k",
      "groupid" : 0,
      "error" : 0,
      "eta" : 0,
      "elapsed" : 121,
      "job options" : {
        "name" : "randwrite-2048k",
        "bs" : "2048k"
      },
      "read" : {
        "io_bytes" : 0,
        "io_kbytes" : 0,
        "bw_bytes" : 0,
        "bw" : 0,
        "iops" : 0.000000,
        "runtime" : 0,
        "total_ios" : 0,
        "short_ios" : 0,
        "drop_ios" : 0,
        "slat_ns" : {
          "min" : 0,
          "max" : 0,
          "mean" : 0.000000,
          "stddev" : 0.000000
        },
        "clat_ns" : {
          "min" : 0,
          "max" : 0,
          "mean" : 0.000000,
          "stddev" : 0.000000,
          "percentile" : {
            "1.000000" : 0,
            "5.000000" : 0,
            "10.000000" : 0,
            "20.000000" : 0,
            "30.000000" : 0,
            "40.000000" : 0,
            "50.000000" : 0,
            "60.000000" : 0,
            "70.000000" : 0,
            "80.000000" : 0,
            "90.000000" : 0,
            "95.000000" : 0,
            "99.000000" : 0,
            "99.500000" : 0,
            "99.900000" : 0,
            "99.950000" : 0,
            "99.990000" : 0
          }
        },
        "lat_ns" : {
          "min" : 0,
          "max" : 0,
          "mean" : 0.000000,
          "stddev" : 0.000000
        },
        "bw_min" : 0,
        "bw_max" : 0,
        "bw_agg" : 0.000000,
        "bw_mean" : 0.000000,
        "bw_dev" : 0.000000,
        "bw_samples" : 0,
        "iops_min" : 0,
        "iops_max" : 0,
        "iops_mean" : 0.000000,
        "iops_stddev" : 0.000000,
        "iops_samples" : 0
      },
      "write" : {
        "io_bytes" : 15810428928,
        "io_kbytes" : 15439872,
        "bw_bytes" : 131746987,
        "bw" : 128659,
        "iops" : 62.821859,
        "runtime" : 120006,
        "total_ios" : 7539,
        "short_ios" : 0,
        "drop_ios" : 0,
        "slat_ns" : {
          "min" : 93933,
          "max" : 1869816,
          "mean" : 289424.748640,
          "stddev" : 99472.567017
        },
        "clat_ns" : {
          "min" : 3102612,
          "max" : 740121130,
          "mean" : 15622358.474466,
          "stddev" : 13333919.544015,
          "percentile" : {
            "1.000000" : 4112384,
            "5.000000" : 9895936,
            "10.000000" : 10944512,
            "20.000000" : 11993088,
            "30.000000" : 12779520,
            "40.000000" : 13434880,
            "50.000000" : 14221312,
            "60.000000" : 15269888,
            "70.000000" : 16449536,
            "80.000000" : 17694720,
            "90.000000" : 20054016,
            "95.000000" : 22937600,
            "99.000000" : 48496640,
            "99.500000" : 64749568,
            "99.900000" : 78118912,
            "99.950000" : 86507520,
            "99.990000" : 742391808
          }
        },
        "lat_ns" : {
          "min" : 3447551,
          "max" : 740509148,
          "mean" : 15912189.058894,
          "stddev" : 13334637.655016
        },
        "bw_min" : 86016,
        "bw_max" : 282624,
        "bw_agg" : 100.000000,
        "bw_mean" : 129632.138655,
        "bw_dev" : 23820.270153,
        "bw_samples" : 238,
        "iops_min" : 42,
        "iops_max" : 138,
        "iops_mean" : 62.978992,
        "iops_stddev" : 11.600759,
        "iops_samples" : 238
      },
      "trim" : {
        "io_bytes" : 0,
        "io_kbytes" : 0,
        "bw_bytes" : 0,
        "bw" : 0,
        "iops" : 0.000000,
        "runtime" : 0,
        "total_ios" : 0,
        "short_ios" : 0,
        "drop_ios" : 0,
        "slat_ns" : {
          "min" : 0,
          "max" : 0,
          "mean" : 0.000000,
          "stddev" : 0.000000
        },
        "clat_ns" : {
          "min" : 0,
          "max" : 0,
          "mean" : 0.000000,
          "stddev" : 0.000000,
          "percentile" : {
            "1.000000" : 0,
            "5.000000" : 0,
            "10.000000" : 0,
            "20.000000" : 0,
            "30.000000" : 0,
            "40.000000" : 0,
            "50.000000" : 0,
            "60.000000" : 0,
            "70.000000" : 0,
            "80.000000" : 0,
            "90.000000" : 0,
            "95.000000" : 0,
            "99.000000" : 0,
            "99.500000" : 0,
            "99.900000" : 0,
            "99.950000" : 0,
            "99.990000" : 0
          }
        },
        "lat_ns" : {
          "min" : 0,
          "max" : 0,
          "mean" : 0.000000,
          "stddev" : 0.000000
        },
        "bw_min" : 0,
        "bw_max" : 0,
        "bw_agg" : 0.000000,
        "bw_mean" : 0.000000,
        "bw_dev" : 0.000000,
        "bw_samples" : 0,
        "iops_min" : 0,
        "iops_max" : 0,
        "iops_mean" : 0.000000,
        "iops_stddev" : 0.000000,
        "iops_samples" : 0
      },
      "sync" : {
        "lat_ns" : {
          "min" : 0,
          "max" : 0,
          "mean" : 0.000000,
          "stddev" : 0.000000,
          "percentile" : {
            "1.000000" : 0,
            "5.000000" : 0,
            "10.000000" : 0,
            "20.000000" : 0,
            "30.000000" : 0,
            "40.000000" : 0,
            "50.000000" : 0,
            "60.000000" : 0,
            "70.000000" : 0,
            "80.000000" : 0,
            "90.000000" : 0,
            "95.000000" : 0,
            "99.000000" : 0,
            "99.500000" : 0,
            "99.900000" : 0,
            "99.950000" : 0,
            "99.990000" : 0
          }
        },
        "total_ios" : 0
      },
      "usr_cpu" : 0.633307,
      "sys_cpu" : 1.344944,
      "ctx" : 7540,
      "majf" : 0,
      "minf" : 760,
      "iodepth_level" : {
        "1" : 100.000000,
        "2" : 0.000000,
        "4" : 0.000000,
        "8" : 0.000000,
        "16" : 0.000000,
        "32" : 0.000000,
        ">=64" : 0.000000
      },
      "latency_ns" : {
        "2" : 0.000000,
        "4" : 0.000000,
        "10" : 0.000000,
        "20" : 0.000000,
        "50" : 0.000000,
        "100" : 0.000000,
        "250" : 0.000000,
        "500" : 0.000000,
        "750" : 0.000000,
        "1000" : 0.000000
      },
      "latency_us" : {
        "2" : 0.000000,
        "4" : 0.000000,
        "10" : 0.000000,
        "20" : 0.000000,
        "50" : 0.000000,
        "100" : 0.000000,
        "250" : 0.000000,
        "500" : 0.000000,
        "750" : 0.000000,
        "1000" : 0.000000
      },
      "latency_ms" : {
        "2" : 0.000000,
        "4" : 0.596896,
        "10" : 4.669054,
        "20" : 84.865367,
        "50" : 8.887120,
        "100" : 0.941769,
        "250" : 0.000000,
        "500" : 0.013264,
        "750" : 0.026529,
        "1000" : 0.000000,
        "2000" : 0.000000,
        ">=2000" : 0.000000
      },
      "latency_depth" : 1,
      "latency_target" : 0,
      "latency_percentile" : 100.000000,
      "latency_window" : 0
    }
  ]
}
