{
  "fio version" : "fio-3.7",
  "timestamp" : 1589088082,
  "timestamp_ms" : 1589088082052,
  "time" : "Sat May  9 23:21:22 2020",
  "global options" : {
    "filename" : "/dev/sgt_vg_data_003/EVANS_data_003",
    "rw" : "randrw",
    "ioengine" : "libaio",
    "iodepth" : "64",
    "numjobs" : "1",
    "direct" : "1",
    "runtime" : "120"
  },
  "jobs" : [
    {
      "jobname" : "randrw-1024k",
      "groupid" : 0,
      "error" : 0,
      "eta" : 0,
      "elapsed" : 121,
      "job options" : {
        "name" : "randrw-1024k",
        "bs" : "1024k"
      },
      "read" : {
        "io_bytes" : 6715080704,
        "io_kbytes" : 6557696,
        "bw_bytes" : 55640464,
        "bw" : 54336,
        "iops" : 53.062882,
        "runtime" : 120687,
        "total_ios" : 6404,
        "short_ios" : 0,
        "drop_ios" : 0,
        "slat_ns" : {
          "min" : 57468,
          "max" : 1525973,
          "mean" : 216001.576046,
          "stddev" : 100967.213988
        },
        "clat_ns" : {
          "min" : 12351126,
          "max" : 2895634954,
          "mean" : 1102287228.537475,
          "stddev" : 760696252.692267,
          "percentile" : {
            "1.000000" : 49020928,
            "5.000000" : 98041856,
            "10.000000" : 168820736,
            "20.000000" : 333447168,
            "30.000000" : 522190848,
            "40.000000" : 725614592,
            "50.000000" : 977272832,
            "60.000000" : 1233125376,
            "70.000000" : 1568669696,
            "80.000000" : 1937768448,
            "90.000000" : 2298478592,
            "95.000000" : 2399141888,
            "99.000000" : 2432696320,
            "99.500000" : 2432696320,
            "99.900000" : 2566914048,
            "99.950000" : 2835349504,
            "99.990000" : 2902458368
          }
        },
        "lat_ns" : {
          "min" : 12433579,
          "max" : 2895728298,
          "mean" : 1102503691.366958,
          "stddev" : 760695524.326019
        },
        "bw_min" : 2048,
        "bw_max" : 88064,
        "bw_agg" : 99.155271,
        "bw_mean" : 53877.008299,
        "bw_dev" : 10862.448449,
        "bw_samples" : 241,
        "iops_min" : 2,
        "iops_max" : 86,
        "iops_mean" : 52.543568,
        "iops_stddev" : 10.619909,
        "iops_samples" : 241
      },
      "write" : {
        "io_bytes" : 6747586560,
        "io_kbytes" : 6589440,
        "bw_bytes" : 55909804,
        "bw" : 54599,
        "iops" : 53.319744,
        "runtime" : 120687,
        "total_ios" : 6435,
        "short_ios" : 0,
        "drop_ios" : 0,
        "slat_ns" : {
          "min" : 72175,
          "max" : 1615528,
          "mean" : 264394.997514,
          "stddev" : 114782.051558
        },
        "clat_ns" : {
          "min" : 1404060,
          "max" : 2441405801,
          "mean" : 102689551.775291,
          "stddev" : 151507868.273083,
          "percentile" : {
            "1.000000" : 1810432,
            "5.000000" : 2375680,
            "10.000000" : 4620288,
            "20.000000" : 18743296,
            "30.000000" : 33423360,
            "40.000000" : 47448064,
            "50.000000" : 62652416,
            "60.000000" : 84410368,
            "70.000000" : 115867648,
            "80.000000" : 160432128,
            "90.000000" : 229638144,
            "95.000000" : 320864256,
            "99.000000" : 455081984,
            "99.500000" : 759169024,
            "99.900000" : 2332033024,
            "99.950000" : 2399141888,
            "99.990000" : 2432696320
          }
        },
        "lat_ns" : {
          "min" : 1518573,
          "max" : 2441629012,
          "mean" : 102954396.790055,
          "stddev" : 151510470.579900
        },
        "bw_min" : 28672,
        "bw_max" : 149504,
        "bw_agg" : 100.000000,
        "bw_mean" : 54903.033333,
        "bw_dev" : 11507.548495,
        "bw_samples" : 240,
        "iops_min" : 28,
        "iops_max" : 146,
        "iops_mean" : 53.545833,
        "iops_stddev" : 11.232331,
        "iops_samples" : 240
      },
      "trim" : {
        "io_bytes" : 0,
        "io_kbytes" : 0,
        "bw_bytes" : 0,
        "bw" : 0,
        "iops" : 0.000000,
        "runtime" : 0,
        "total_ios" : 0,
        "short_ios" : 0,
        "drop_ios" : 0,
        "slat_ns" : {
          "min" : 0,
          "max" : 0,
          "mean" : 0.000000,
          "stddev" : 0.000000
        },
        "clat_ns" : {
          "min" : 0,
          "max" : 0,
          "mean" : 0.000000,
          "stddev" : 0.000000,
          "percentile" : {
            "1.000000" : 0,
            "5.000000" : 0,
            "10.000000" : 0,
            "20.000000" : 0,
            "30.000000" : 0,
            "40.000000" : 0,
            "50.000000" : 0,
            "60.000000" : 0,
            "70.000000" : 0,
            "80.000000" : 0,
            "90.000000" : 0,
            "95.000000" : 0,
            "99.000000" : 0,
            "99.500000" : 0,
            "99.900000" : 0,
            "99.950000" : 0,
            "99.990000" : 0
          }
        },
        "lat_ns" : {
          "min" : 0,
          "max" : 0,
          "mean" : 0.000000,
          "stddev" : 0.000000
        },
        "bw_min" : 0,
        "bw_max" : 0,
        "bw_agg" : 0.000000,
        "bw_mean" : 0.000000,
        "bw_dev" : 0.000000,
        "bw_samples" : 0,
        "iops_min" : 0,
        "iops_max" : 0,
        "iops_mean" : 0.000000,
        "iops_stddev" : 0.000000,
        "iops_samples" : 0
      },
      "sync" : {
        "lat_ns" : {
          "min" : 0,
          "max" : 0,
          "mean" : 0.000000,
          "stddev" : 0.000000,
          "percentile" : {
            "1.000000" : 0,
            "5.000000" : 0,
            "10.000000" : 0,
            "20.000000" : 0,
            "30.000000" : 0,
            "40.000000" : 0,
            "50.000000" : 0,
            "60.000000" : 0,
            "70.000000" : 0,
            "80.000000" : 0,
            "90.000000" : 0,
            "95.000000" : 0,
            "99.000000" : 0,
            "99.500000" : 0,
            "99.900000" : 0,
            "99.950000" : 0,
            "99.990000" : 0
          }
        },
        "total_ios" : 0
      },
      "usr_cpu" : 0.420927,
      "sys_cpu" : 2.417845,
      "ctx" : 12726,
      "majf" : 0,
      "minf" : 1978,
      "iodepth_level" : {
        "1" : 0.100000,
        "2" : 0.100000,
        "4" : 0.100000,
        "8" : 0.100000,
        "16" : 0.124620,
        "32" : 0.249241,
        ">=64" : 99.509308
      },
      "latency_ns" : {
        "2" : 0.000000,
        "4" : 0.000000,
        "10" : 0.000000,
        "20" : 0.000000,
        "50" : 0.000000,
        "100" : 0.000000,
        "250" : 0.000000,
        "500" : 0.000000,
        "750" : 0.000000,
        "1000" : 0.000000
      },
      "latency_us" : {
        "2" : 0.000000,
        "4" : 0.000000,
        "10" : 0.000000,
        "20" : 0.000000,
        "50" : 0.000000,
        "100" : 0.000000,
        "250" : 0.000000,
        "500" : 0.000000,
        "750" : 0.000000,
        "1000" : 0.000000
      },
      "latency_ms" : {
        "2" : 1.051484,
        "4" : 3.863229,
        "10" : 1.861516,
        "20" : 3.909962,
        "50" : 10.717346,
        "100" : 13.871797,
        "250" : 18.163408,
        "500" : 10.740712,
        "750" : 6.121972,
        "1000" : 5.047122,
        "2000" : 0.000000,
        ">=2000" : 0.000000
      },
      "latency_depth" : 64,
      "latency_target" : 0,
      "latency_percentile" : 100.000000,
      "latency_window" : 0
    }
  ]
}
