{
  "fio version" : "fio-3.7",
  "timestamp" : 1589090029,
  "timestamp_ms" : 1589090029122,
  "time" : "Sat May  9 23:53:49 2020",
  "global options" : {
    "filename" : "/dev/sgt_vg_data_009/EVANS_data_009",
    "rw" : "randrw",
    "ioengine" : "libaio",
    "iodepth" : "4",
    "numjobs" : "1",
    "direct" : "1",
    "runtime" : "120"
  },
  "jobs" : [
    {
      "jobname" : "randrw-4096k",
      "groupid" : 0,
      "error" : 0,
      "eta" : 0,
      "elapsed" : 121,
      "job options" : {
        "name" : "randrw-4096k",
        "bs" : "4096k"
      },
      "read" : {
        "io_bytes" : 8665432064,
        "io_kbytes" : 8462336,
        "bw_bytes" : 72133788,
        "bw" : 70443,
        "iops" : 17.198035,
        "runtime" : 120130,
        "total_ios" : 2066,
        "short_ios" : 0,
        "drop_ios" : 0,
        "slat_ns" : {
          "min" : 262902,
          "max" : 2789257,
          "mean" : 632721.083253,
          "stddev" : 259314.017557
        },
        "clat_ns" : {
          "min" : 22053157,
          "max" : 1321448501,
          "mean" : 185288211.199903,
          "stddev" : 160086890.031474,
          "percentile" : {
            "1.000000" : 33816576,
            "5.000000" : 45875200,
            "10.000000" : 53215232,
            "20.000000" : 64749568,
            "30.000000" : 82313216,
            "40.000000" : 101187584,
            "50.000000" : 127401984,
            "60.000000" : 162529280,
            "70.000000" : 214958080,
            "80.000000" : 283115520,
            "90.000000" : 396361728,
            "95.000000" : 517996544,
            "99.000000" : 759169024,
            "99.500000" : 843055104,
            "99.900000" : 1216348160,
            "99.950000" : 1266679808,
            "99.990000" : 1317011456
          }
        },
        "lat_ns" : {
          "min" : 22377968,
          "max" : 1322517015,
          "mean" : 185921240.955953,
          "stddev" : 160093122.919442
        },
        "bw_min" : 32702,
        "bw_max" : 122880,
        "bw_agg" : 99.932510,
        "bw_mean" : 70395.458333,
        "bw_dev" : 16981.484560,
        "bw_samples" : 240,
        "iops_min" : 7,
        "iops_max" : 30,
        "iops_mean" : 17.070833,
        "iops_stddev" : 4.144763,
        "iops_samples" : 240
      },
      "write" : {
        "io_bytes" : 9143582720,
        "io_kbytes" : 8929280,
        "bw_bytes" : 76114065,
        "bw" : 74330,
        "iops" : 18.147007,
        "runtime" : 120130,
        "total_ios" : 2180,
        "short_ios" : 0,
        "drop_ios" : 0,
        "slat_ns" : {
          "min" : 339841,
          "max" : 3257611,
          "mean" : 723250.938991,
          "stddev" : 234569.474781
        },
        "clat_ns" : {
          "min" : 5102028,
          "max" : 671650960,
          "mean" : 43450302.076606,
          "stddev" : 41276691.793516,
          "percentile" : {
            "1.000000" : 7307264,
            "5.000000" : 9240576,
            "10.000000" : 11993088,
            "20.000000" : 19005440,
            "30.000000" : 24772608,
            "40.000000" : 30539776,
            "50.000000" : 35389440,
            "60.000000" : 42205184,
            "70.000000" : 49545216,
            "80.000000" : 58982400,
            "90.000000" : 74973184,
            "95.000000" : 92798976,
            "99.000000" : 223346688,
            "99.500000" : 341835776,
            "99.900000" : 450887680,
            "99.950000" : 467664896,
            "99.990000" : 675282944
          }
        },
        "lat_ns" : {
          "min" : 6234893,
          "max" : 672354797,
          "mean" : 44173860.125688,
          "stddev" : 41270851.428737
        },
        "bw_min" : 24576,
        "bw_max" : 147456,
        "bw_agg" : 100.000000,
        "bw_mean" : 74354.579167,
        "bw_dev" : 20540.114171,
        "bw_samples" : 240,
        "iops_min" : 6,
        "iops_max" : 36,
        "iops_mean" : 18.037500,
        "iops_stddev" : 5.025734,
        "iops_samples" : 240
      },
      "trim" : {
        "io_bytes" : 0,
        "io_kbytes" : 0,
        "bw_bytes" : 0,
        "bw" : 0,
        "iops" : 0.000000,
        "runtime" : 0,
        "total_ios" : 0,
        "short_ios" : 0,
        "drop_ios" : 0,
        "slat_ns" : {
          "min" : 0,
          "max" : 0,
          "mean" : 0.000000,
          "stddev" : 0.000000
        },
        "clat_ns" : {
          "min" : 0,
          "max" : 0,
          "mean" : 0.000000,
          "stddev" : 0.000000,
          "percentile" : {
            "1.000000" : 0,
            "5.000000" : 0,
            "10.000000" : 0,
            "20.000000" : 0,
            "30.000000" : 0,
            "40.000000" : 0,
            "50.000000" : 0,
            "60.000000" : 0,
            "70.000000" : 0,
            "80.000000" : 0,
            "90.000000" : 0,
            "95.000000" : 0,
            "99.000000" : 0,
            "99.500000" : 0,
            "99.900000" : 0,
            "99.950000" : 0,
            "99.990000" : 0
          }
        },
        "lat_ns" : {
          "min" : 0,
          "max" : 0,
          "mean" : 0.000000,
          "stddev" : 0.000000
        },
        "bw_min" : 0,
        "bw_max" : 0,
        "bw_agg" : 0.000000,
        "bw_mean" : 0.000000,
        "bw_dev" : 0.000000,
        "bw_samples" : 0,
        "iops_min" : 0,
        "iops_max" : 0,
        "iops_mean" : 0.000000,
        "iops_stddev" : 0.000000,
        "iops_samples" : 0
      },
      "sync" : {
        "lat_ns" : {
          "min" : 0,
          "max" : 0,
          "mean" : 0.000000,
          "stddev" : 0.000000,
          "percentile" : {
            "1.000000" : 0,
            "5.000000" : 0,
            "10.000000" : 0,
            "20.000000" : 0,
            "30.000000" : 0,
            "40.000000" : 0,
            "50.000000" : 0,
            "60.000000" : 0,
            "70.000000" : 0,
            "80.000000" : 0,
            "90.000000" : 0,
            "95.000000" : 0,
            "99.000000" : 0,
            "99.500000" : 0,
            "99.900000" : 0,
            "99.950000" : 0,
            "99.990000" : 0
          }
        },
        "total_ios" : 0
      },
      "usr_cpu" : 0.456172,
      "sys_cpu" : 2.041955,
      "ctx" : 4243,
      "majf" : 0,
      "minf" : 1028,
      "iodepth_level" : {
        "1" : 0.100000,
        "2" : 0.100000,
        "4" : 99.929345,
        "8" : 0.000000,
        "16" : 0.000000,
        "32" : 0.000000,
        ">=64" : 0.000000
      },
      "latency_ns" : {
        "2" : 0.000000,
        "4" : 0.000000,
        "10" : 0.000000,
        "20" : 0.000000,
        "50" : 0.000000,
        "100" : 0.000000,
        "250" : 0.000000,
        "500" : 0.000000,
        "750" : 0.000000,
        "1000" : 0.000000
      },
      "latency_us" : {
        "2" : 0.000000,
        "4" : 0.000000,
        "10" : 0.000000,
        "20" : 0.000000,
        "50" : 0.000000,
        "100" : 0.000000,
        "250" : 0.000000,
        "500" : 0.000000,
        "750" : 0.000000,
        "1000" : 0.000000
      },
      "latency_ms" : {
        "2" : 0.000000,
        "4" : 0.000000,
        "10" : 3.273669,
        "20" : 7.866227,
        "50" : 28.780028,
        "100" : 28.450306,
        "250" : 19.265191,
        "500" : 9.609044,
        "750" : 2.237400,
        "1000" : 0.376825,
        "2000" : 0.000000,
        ">=2000" : 0.000000
      },
      "latency_depth" : 4,
      "latency_target" : 0,
      "latency_percentile" : 100.000000,
      "latency_window" : 0
    }
  ]
}
