{
  "fio version" : "fio-3.7",
  "timestamp" : 1589058337,
  "timestamp_ms" : 1589058337456,
  "time" : "Sat May  9 15:05:37 2020",
  "global options" : {
    "filename" : "/dev/sgt_vg_data_009/EVANS_data_009",
    "rw" : "read",
    "ioengine" : "libaio",
    "iodepth" : "1024",
    "numjobs" : "1",
    "direct" : "1",
    "runtime" : "120"
  },
  "jobs" : [
    {
      "jobname" : "read-16k",
      "groupid" : 0,
      "error" : 0,
      "eta" : 0,
      "elapsed" : 121,
      "job options" : {
        "name" : "read-16k",
        "bs" : "16k"
      },
      "read" : {
        "io_bytes" : 32057786368,
        "io_kbytes" : 31306432,
        "bw_bytes" : 267145993,
        "bw" : 260884,
        "iops" : 16305.297456,
        "runtime" : 120001,
        "total_ios" : 1956652,
        "short_ios" : 0,
        "drop_ios" : 0,
        "slat_ns" : {
          "min" : 3443,
          "max" : 43186783,
          "mean" : 60181.878161,
          "stddev" : 313687.351542
        },
        "clat_ns" : {
          "min" : 109798,
          "max" : 101738882,
          "mean" : 62720763.815603,
          "stddev" : 2820573.961981,
          "percentile" : {
            "1.000000" : 58982400,
            "5.000000" : 58982400,
            "10.000000" : 59506688,
            "20.000000" : 59506688,
            "30.000000" : 62128128,
            "40.000000" : 62128128,
            "50.000000" : 62128128,
            "60.000000" : 63700992,
            "70.000000" : 63700992,
            "80.000000" : 65798144,
            "90.000000" : 66322432,
            "95.000000" : 66322432,
            "99.000000" : 66322432,
            "99.500000" : 70778880,
            "99.900000" : 83361792,
            "99.950000" : 100139008,
            "99.990000" : 101187584
          }
        },
        "lat_ns" : {
          "min" : 192931,
          "max" : 101744002,
          "mean" : 62780981.280075,
          "stddev" : 2805931.726516
        },
        "bw_min" : 219328,
        "bw_max" : 277504,
        "bw_agg" : 99.946319,
        "bw_mean" : 260743.953975,
        "bw_dev" : 10093.792339,
        "bw_samples" : 239,
        "iops_min" : 13708,
        "iops_max" : 17344,
        "iops_mean" : 16296.476987,
        "iops_stddev" : 630.852477,
        "iops_samples" : 239
      },
      "write" : {
        "io_bytes" : 0,
        "io_kbytes" : 0,
        "bw_bytes" : 0,
        "bw" : 0,
        "iops" : 0.000000,
        "runtime" : 0,
        "total_ios" : 0,
        "short_ios" : 0,
        "drop_ios" : 0,
        "slat_ns" : {
          "min" : 0,
          "max" : 0,
          "mean" : 0.000000,
          "stddev" : 0.000000
        },
        "clat_ns" : {
          "min" : 0,
          "max" : 0,
          "mean" : 0.000000,
          "stddev" : 0.000000,
          "percentile" : {
            "1.000000" : 0,
            "5.000000" : 0,
            "10.000000" : 0,
            "20.000000" : 0,
            "30.000000" : 0,
            "40.000000" : 0,
            "50.000000" : 0,
            "60.000000" : 0,
            "70.000000" : 0,
            "80.000000" : 0,
            "90.000000" : 0,
            "95.000000" : 0,
            "99.000000" : 0,
            "99.500000" : 0,
            "99.900000" : 0,
            "99.950000" : 0,
            "99.990000" : 0
          }
        },
        "lat_ns" : {
          "min" : 0,
          "max" : 0,
          "mean" : 0.000000,
          "stddev" : 0.000000
        },
        "bw_min" : 0,
        "bw_max" : 0,
        "bw_agg" : 0.000000,
        "bw_mean" : 0.000000,
        "bw_dev" : 0.000000,
        "bw_samples" : 0,
        "iops_min" : 0,
        "iops_max" : 0,
        "iops_mean" : 0.000000,
        "iops_stddev" : 0.000000,
        "iops_samples" : 0
      },
      "trim" : {
        "io_bytes" : 0,
        "io_kbytes" : 0,
        "bw_bytes" : 0,
        "bw" : 0,
        "iops" : 0.000000,
        "runtime" : 0,
        "total_ios" : 0,
        "short_ios" : 0,
        "drop_ios" : 0,
        "slat_ns" : {
          "min" : 0,
          "max" : 0,
          "mean" : 0.000000,
          "stddev" : 0.000000
        },
        "clat_ns" : {
          "min" : 0,
          "max" : 0,
          "mean" : 0.000000,
          "stddev" : 0.000000,
          "percentile" : {
            "1.000000" : 0,
            "5.000000" : 0,
            "10.000000" : 0,
            "20.000000" : 0,
            "30.000000" : 0,
            "40.000000" : 0,
            "50.000000" : 0,
            "60.000000" : 0,
            "70.000000" : 0,
            "80.000000" : 0,
            "90.000000" : 0,
            "95.000000" : 0,
            "99.000000" : 0,
            "99.500000" : 0,
            "99.900000" : 0,
            "99.950000" : 0,
            "99.990000" : 0
          }
        },
        "lat_ns" : {
          "min" : 0,
          "max" : 0,
          "mean" : 0.000000,
          "stddev" : 0.000000
        },
        "bw_min" : 0,
        "bw_max" : 0,
        "bw_agg" : 0.000000,
        "bw_mean" : 0.000000,
        "bw_dev" : 0.000000,
        "bw_samples" : 0,
        "iops_min" : 0,
        "iops_max" : 0,
        "iops_mean" : 0.000000,
        "iops_stddev" : 0.000000,
        "iops_samples" : 0
      },
      "sync" : {
        "lat_ns" : {
          "min" : 0,
          "max" : 0,
          "mean" : 0.000000,
          "stddev" : 0.000000,
          "percentile" : {
            "1.000000" : 0,
            "5.000000" : 0,
            "10.000000" : 0,
            "20.000000" : 0,
            "30.000000" : 0,
            "40.000000" : 0,
            "50.000000" : 0,
            "60.000000" : 0,
            "70.000000" : 0,
            "80.000000" : 0,
            "90.000000" : 0,
            "95.000000" : 0,
            "99.000000" : 0,
            "99.500000" : 0,
            "99.900000" : 0,
            "99.950000" : 0,
            "99.990000" : 0
          }
        },
        "total_ios" : 0
      },
      "usr_cpu" : 1.735833,
      "sys_cpu" : 8.338333,
      "ctx" : 61059,
      "majf" : 0,
      "minf" : 2483,
      "iodepth_level" : {
        "1" : 0.100000,
        "2" : 0.100000,
        "4" : 0.100000,
        "8" : 0.100000,
        "16" : 0.100000,
        "32" : 0.100000,
        ">=64" : 99.996780
      },
      "latency_ns" : {
        "2" : 0.000000,
        "4" : 0.000000,
        "10" : 0.000000,
        "20" : 0.000000,
        "50" : 0.000000,
        "100" : 0.000000,
        "250" : 0.000000,
        "500" : 0.000000,
        "750" : 0.000000,
        "1000" : 0.000000
      },
      "latency_us" : {
        "2" : 0.000000,
        "4" : 0.000000,
        "10" : 0.000000,
        "20" : 0.000000,
        "50" : 0.000000,
        "100" : 0.000000,
        "250" : 0.010000,
        "500" : 0.010000,
        "750" : 0.010000,
        "1000" : 0.010000
      },
      "latency_ms" : {
        "2" : 0.010000,
        "4" : 0.010000,
        "10" : 0.010000,
        "20" : 0.010000,
        "50" : 0.042317,
        "100" : 99.898602,
        "250" : 0.050801,
        "500" : 0.000000,
        "750" : 0.000000,
        "1000" : 0.000000,
        "2000" : 0.000000,
        ">=2000" : 0.000000
      },
      "latency_depth" : 1024,
      "latency_target" : 0,
      "latency_percentile" : 100.000000,
      "latency_window" : 0
    }
  ]
}
