{
  "fio version" : "fio-3.7",
  "timestamp" : 1589114119,
  "timestamp_ms" : 1589114119381,
  "time" : "Sun May 10 06:35:19 2020",
  "global options" : {
    "filename" : "/dev/sgt_vg_data_008/EVANS_data_008",
    "rw" : "randwrite",
    "ioengine" : "libaio",
    "iodepth" : "1",
    "numjobs" : "1",
    "direct" : "1",
    "runtime" : "120"
  },
  "jobs" : [
    {
      "jobname" : "randwrite-4096k",
      "groupid" : 0,
      "error" : 0,
      "eta" : 0,
      "elapsed" : 121,
      "job options" : {
        "name" : "randwrite-4096k",
        "bs" : "4096k"
      },
      "read" : {
        "io_bytes" : 0,
        "io_kbytes" : 0,
        "bw_bytes" : 0,
        "bw" : 0,
        "iops" : 0.000000,
        "runtime" : 0,
        "total_ios" : 0,
        "short_ios" : 0,
        "drop_ios" : 0,
        "slat_ns" : {
          "min" : 0,
          "max" : 0,
          "mean" : 0.000000,
          "stddev" : 0.000000
        },
        "clat_ns" : {
          "min" : 0,
          "max" : 0,
          "mean" : 0.000000,
          "stddev" : 0.000000,
          "percentile" : {
            "1.000000" : 0,
            "5.000000" : 0,
            "10.000000" : 0,
            "20.000000" : 0,
            "30.000000" : 0,
            "40.000000" : 0,
            "50.000000" : 0,
            "60.000000" : 0,
            "70.000000" : 0,
            "80.000000" : 0,
            "90.000000" : 0,
            "95.000000" : 0,
            "99.000000" : 0,
            "99.500000" : 0,
            "99.900000" : 0,
            "99.950000" : 0,
            "99.990000" : 0
          }
        },
        "lat_ns" : {
          "min" : 0,
          "max" : 0,
          "mean" : 0.000000,
          "stddev" : 0.000000
        },
        "bw_min" : 0,
        "bw_max" : 0,
        "bw_agg" : 0.000000,
        "bw_mean" : 0.000000,
        "bw_dev" : 0.000000,
        "bw_samples" : 0,
        "iops_min" : 0,
        "iops_max" : 0,
        "iops_mean" : 0.000000,
        "iops_stddev" : 0.000000,
        "iops_samples" : 0
      },
      "write" : {
        "io_bytes" : 18412994560,
        "io_kbytes" : 17981440,
        "bw_bytes" : 153426278,
        "bw" : 149830,
        "iops" : 36.579675,
        "runtime" : 120012,
        "total_ios" : 4390,
        "short_ios" : 0,
        "drop_ios" : 0,
        "slat_ns" : {
          "min" : 282199,
          "max" : 4057232,
          "mean" : 648096.655353,
          "stddev" : 242280.754790
        },
        "clat_ns" : {
          "min" : 6777599,
          "max" : 889552123,
          "mean" : 26683887.931207,
          "stddev" : 20597672.930230,
          "percentile" : {
            "1.000000" : 7766016,
            "5.000000" : 15925248,
            "10.000000" : 18743296,
            "20.000000" : 20578304,
            "30.000000" : 21889024,
            "40.000000" : 23199744,
            "50.000000" : 24772608,
            "60.000000" : 26083328,
            "70.000000" : 28180480,
            "80.000000" : 31326208,
            "90.000000" : 35389440,
            "95.000000" : 39583744,
            "99.000000" : 68681728,
            "99.500000" : 77070336,
            "99.900000" : 105381888,
            "99.950000" : 312475648,
            "99.990000" : 893386752
          }
        },
        "lat_ns" : {
          "min" : 7332455,
          "max" : 889929241,
          "mean" : 27332265.895216,
          "stddev" : 20594694.130343
        },
        "bw_min" : 81920,
        "bw_max" : 303104,
        "bw_agg" : 100.000000,
        "bw_mean" : 151009.987395,
        "bw_dev" : 27096.200292,
        "bw_samples" : 238,
        "iops_min" : 20,
        "iops_max" : 74,
        "iops_mean" : 36.689076,
        "iops_stddev" : 6.618282,
        "iops_samples" : 238
      },
      "trim" : {
        "io_bytes" : 0,
        "io_kbytes" : 0,
        "bw_bytes" : 0,
        "bw" : 0,
        "iops" : 0.000000,
        "runtime" : 0,
        "total_ios" : 0,
        "short_ios" : 0,
        "drop_ios" : 0,
        "slat_ns" : {
          "min" : 0,
          "max" : 0,
          "mean" : 0.000000,
          "stddev" : 0.000000
        },
        "clat_ns" : {
          "min" : 0,
          "max" : 0,
          "mean" : 0.000000,
          "stddev" : 0.000000,
          "percentile" : {
            "1.000000" : 0,
            "5.000000" : 0,
            "10.000000" : 0,
            "20.000000" : 0,
            "30.000000" : 0,
            "40.000000" : 0,
            "50.000000" : 0,
            "60.000000" : 0,
            "70.000000" : 0,
            "80.000000" : 0,
            "90.000000" : 0,
            "95.000000" : 0,
            "99.000000" : 0,
            "99.500000" : 0,
            "99.900000" : 0,
            "99.950000" : 0,
            "99.990000" : 0
          }
        },
        "lat_ns" : {
          "min" : 0,
          "max" : 0,
          "mean" : 0.000000,
          "stddev" : 0.000000
        },
        "bw_min" : 0,
        "bw_max" : 0,
        "bw_agg" : 0.000000,
        "bw_mean" : 0.000000,
        "bw_dev" : 0.000000,
        "bw_samples" : 0,
        "iops_min" : 0,
        "iops_max" : 0,
        "iops_mean" : 0.000000,
        "iops_stddev" : 0.000000,
        "iops_samples" : 0
      },
      "sync" : {
        "lat_ns" : {
          "min" : 0,
          "max" : 0,
          "mean" : 0.000000,
          "stddev" : 0.000000,
          "percentile" : {
            "1.000000" : 0,
            "5.000000" : 0,
            "10.000000" : 0,
            "20.000000" : 0,
            "30.000000" : 0,
            "40.000000" : 0,
            "50.000000" : 0,
            "60.000000" : 0,
            "70.000000" : 0,
            "80.000000" : 0,
            "90.000000" : 0,
            "95.000000" : 0,
            "99.000000" : 0,
            "99.500000" : 0,
            "99.900000" : 0,
            "99.950000" : 0,
            "99.990000" : 0
          }
        },
        "total_ios" : 0
      },
      "usr_cpu" : 0.690770,
      "sys_cpu" : 1.762338,
      "ctx" : 4391,
      "majf" : 0,
      "minf" : 659,
      "iodepth_level" : {
        "1" : 100.000000,
        "2" : 0.000000,
        "4" : 0.000000,
        "8" : 0.000000,
        "16" : 0.000000,
        "32" : 0.000000,
        ">=64" : 0.000000
      },
      "latency_ns" : {
        "2" : 0.000000,
        "4" : 0.000000,
        "10" : 0.000000,
        "20" : 0.000000,
        "50" : 0.000000,
        "100" : 0.000000,
        "250" : 0.000000,
        "500" : 0.000000,
        "750" : 0.000000,
        "1000" : 0.000000
      },
      "latency_us" : {
        "2" : 0.000000,
        "4" : 0.000000,
        "10" : 0.000000,
        "20" : 0.000000,
        "50" : 0.000000,
        "100" : 0.000000,
        "250" : 0.000000,
        "500" : 0.000000,
        "750" : 0.000000,
        "1000" : 0.000000
      },
      "latency_ms" : {
        "2" : 0.000000,
        "4" : 0.000000,
        "10" : 3.325740,
        "20" : 13.576310,
        "50" : 80.774487,
        "100" : 2.209567,
        "250" : 0.045558,
        "500" : 0.022779,
        "750" : 0.000000,
        "1000" : 0.045558,
        "2000" : 0.000000,
        ">=2000" : 0.000000
      },
      "latency_depth" : 1,
      "latency_target" : 0,
      "latency_percentile" : 100.000000,
      "latency_window" : 0
    }
  ]
}
