{
  "fio version" : "fio-3.7",
  "timestamp" : 1588600943,
  "timestamp_ms" : 1588600943155,
  "time" : "Mon May  4 08:02:23 2020",
  "global options" : {
    "filename" : "/dev/disk/by-id/dm-name-sgt_vg_data_009-sgt_lv_data_009",
    "rw" : "randrw",
    "ioengine" : "libaio",
    "iodepth" : "1024",
    "numjobs" : "1",
    "direct" : "1",
    "runtime" : "120"
  },
  "jobs" : [
    {
      "jobname" : "randrw-1024k",
      "groupid" : 0,
      "error" : 0,
      "eta" : 0,
      "elapsed" : 122,
      "job options" : {
        "name" : "randrw-1024k",
        "bs" : "1024k"
      },
      "read" : {
        "io_bytes" : 7207911424,
        "io_kbytes" : 7038976,
        "bw_bytes" : 59418759,
        "bw" : 58026,
        "iops" : 56.666145,
        "runtime" : 121307,
        "total_ios" : 6874,
        "short_ios" : 0,
        "drop_ios" : 0,
        "slat_ns" : {
          "min" : 66122,
          "max" : 178596774,
          "mean" : 8469027.276404,
          "stddev" : 33212296.228570
        },
        "clat_ns" : {
          "min" : 1355349662,
          "max" : 11524512994,
          "mean" : 8627753339.319323,
          "stddev" : 1084535682.805437,
          "percentile" : {
            "1.000000" : 2734686208,
            "5.000000" : 7482638336,
            "10.000000" : 8287944704,
            "20.000000" : 8489271296,
            "30.000000" : 8556380160,
            "40.000000" : 8657043456,
            "50.000000" : 8791261184,
            "60.000000" : 8925478912,
            "70.000000" : 9059696640,
            "80.000000" : 9193914368,
            "90.000000" : 9328132096,
            "95.000000" : 9462349824,
            "99.000000" : 9865003008,
            "99.500000" : 10133438464,
            "99.900000" : 10670309376,
            "99.950000" : 11072962560,
            "99.990000" : 11475615744
          }
        },
        "lat_ns" : {
          "min" : 1355436595,
          "max" : 11524602613,
          "mean" : 8636222471.367752,
          "stddev" : 1084339656.624016
        },
        "bw_min" : 2043,
        "bw_max" : 83968,
        "bw_agg" : 99.885178,
        "bw_mean" : 57959.373333,
        "bw_dev" : 11768.762394,
        "bw_samples" : 225,
        "iops_min" : 1,
        "iops_max" : 82,
        "iops_mean" : 56.431111,
        "iops_stddev" : 11.521948,
        "iops_samples" : 225
      },
      "write" : {
        "io_bytes" : 7254048768,
        "io_kbytes" : 7084032,
        "bw_bytes" : 59799094,
        "bw" : 58397,
        "iops" : 57.028861,
        "runtime" : 121307,
        "total_ios" : 6918,
        "short_ios" : 0,
        "drop_ios" : 0,
        "slat_ns" : {
          "min" : 100948,
          "max" : 197549601,
          "mean" : 8940544.170570,
          "stddev" : 33959414.746400
        },
        "clat_ns" : {
          "min" : 1208504079,
          "max" : 11280856983,
          "mean" : 8846844440.461231,
          "stddev" : 1194761442.955651,
          "percentile" : {
            "1.000000" : 2432696320,
            "5.000000" : 7415529472,
            "10.000000" : 8422162432,
            "20.000000" : 8657043456,
            "30.000000" : 8791261184,
            "40.000000" : 8925478912,
            "50.000000" : 9059696640,
            "60.000000" : 9059696640,
            "70.000000" : 9193914368,
            "80.000000" : 9462349824,
            "90.000000" : 9730785280,
            "95.000000" : 9999220736,
            "99.000000" : 10670309376,
            "99.500000" : 10938744832,
            "99.900000" : 11207180288,
            "99.950000" : 11207180288,
            "99.990000" : 11341398016
          }
        },
        "lat_ns" : {
          "min" : 1355053402,
          "max" : 11280976512,
          "mean" : 8855785115.335899,
          "stddev" : 1194739357.259978
        },
        "bw_min" : 30720,
        "bw_max" : 92160,
        "bw_agg" : 100.000000,
        "bw_mean" : 58481.553571,
        "bw_dev" : 11952.788543,
        "bw_samples" : 224,
        "iops_min" : 30,
        "iops_max" : 90,
        "iops_mean" : 56.946429,
        "iops_stddev" : 11.623649,
        "iops_samples" : 224
      },
      "trim" : {
        "io_bytes" : 0,
        "io_kbytes" : 0,
        "bw_bytes" : 0,
        "bw" : 0,
        "iops" : 0.000000,
        "runtime" : 0,
        "total_ios" : 0,
        "short_ios" : 0,
        "drop_ios" : 0,
        "slat_ns" : {
          "min" : 0,
          "max" : 0,
          "mean" : 0.000000,
          "stddev" : 0.000000
        },
        "clat_ns" : {
          "min" : 0,
          "max" : 0,
          "mean" : 0.000000,
          "stddev" : 0.000000,
          "percentile" : {
            "1.000000" : 0,
            "5.000000" : 0,
            "10.000000" : 0,
            "20.000000" : 0,
            "30.000000" : 0,
            "40.000000" : 0,
            "50.000000" : 0,
            "60.000000" : 0,
            "70.000000" : 0,
            "80.000000" : 0,
            "90.000000" : 0,
            "95.000000" : 0,
            "99.000000" : 0,
            "99.500000" : 0,
            "99.900000" : 0,
            "99.950000" : 0,
            "99.990000" : 0
          }
        },
        "lat_ns" : {
          "min" : 0,
          "max" : 0,
          "mean" : 0.000000,
          "stddev" : 0.000000
        },
        "bw_min" : 0,
        "bw_max" : 0,
        "bw_agg" : 0.000000,
        "bw_mean" : 0.000000,
        "bw_dev" : 0.000000,
        "bw_samples" : 0,
        "iops_min" : 0,
        "iops_max" : 0,
        "iops_mean" : 0.000000,
        "iops_stddev" : 0.000000,
        "iops_samples" : 0
      },
      "sync" : {
        "lat_ns" : {
          "min" : 0,
          "max" : 0,
          "mean" : 0.000000,
          "stddev" : 0.000000,
          "percentile" : {
            "1.000000" : 0,
            "5.000000" : 0,
            "10.000000" : 0,
            "20.000000" : 0,
            "30.000000" : 0,
            "40.000000" : 0,
            "50.000000" : 0,
            "60.000000" : 0,
            "70.000000" : 0,
            "80.000000" : 0,
            "90.000000" : 0,
            "95.000000" : 0,
            "99.000000" : 0,
            "99.500000" : 0,
            "99.900000" : 0,
            "99.950000" : 0,
            "99.990000" : 0
          }
        },
        "total_ios" : 0
      },
      "usr_cpu" : 0.342110,
      "sys_cpu" : 1.265395,
      "ctx" : 997,
      "majf" : 0,
      "minf" : 1906,
      "iodepth_level" : {
        "1" : 0.100000,
        "2" : 0.100000,
        "4" : 0.100000,
        "8" : 0.100000,
        "16" : 0.116009,
        "32" : 0.232019,
        ">=64" : 99.543213
      },
      "latency_ns" : {
        "2" : 0.000000,
        "4" : 0.000000,
        "10" : 0.000000,
        "20" : 0.000000,
        "50" : 0.000000,
        "100" : 0.000000,
        "250" : 0.000000,
        "500" : 0.000000,
        "750" : 0.000000,
        "1000" : 0.000000
      },
      "latency_us" : {
        "2" : 0.000000,
        "4" : 0.000000,
        "10" : 0.000000,
        "20" : 0.000000,
        "50" : 0.000000,
        "100" : 0.000000,
        "250" : 0.000000,
        "500" : 0.000000,
        "750" : 0.000000,
        "1000" : 0.000000
      },
      "latency_ms" : {
        "2" : 0.000000,
        "4" : 0.000000,
        "10" : 0.000000,
        "20" : 0.000000,
        "50" : 0.000000,
        "100" : 0.000000,
        "250" : 0.000000,
        "500" : 0.000000,
        "750" : 0.000000,
        "1000" : 0.000000,
        "2000" : 0.000000,
        ">=2000" : 0.000000
      },
      "latency_depth" : 1024,
      "latency_target" : 0,
      "latency_percentile" : 100.000000,
      "latency_window" : 0
    }
  ]
}
