{
  "fio version" : "fio-3.7",
  "timestamp" : 1589156987,
  "timestamp_ms" : 1589156987574,
  "time" : "Sun May 10 18:29:47 2020",
  "global options" : {
    "filename" : "/dev/sgt_vg_data_004/MACH2_data_004_64k",
    "rw" : "randread",
    "ioengine" : "libaio",
    "iodepth" : "128",
    "numjobs" : "1",
    "direct" : "1",
    "runtime" : "120"
  },
  "jobs" : [
    {
      "jobname" : "randread-16k",
      "groupid" : 0,
      "error" : 0,
      "eta" : 0,
      "elapsed" : 121,
      "job options" : {
        "name" : "randread-16k",
        "bs" : "16k"
      },
      "read" : {
        "io_bytes" : 806076416,
        "io_kbytes" : 787184,
        "bw_bytes" : 6693763,
        "bw" : 6536,
        "iops" : 408.554915,
        "runtime" : 120422,
        "total_ios" : 49199,
        "short_ios" : 0,
        "drop_ios" : 0,
        "slat_ns" : {
          "min" : 4391,
          "max" : 6934873,
          "mean" : 28128.967743,
          "stddev" : 32927.867933
        },
        "clat_ns" : {
          "min" : 2320420,
          "max" : 2511740842,
          "mean" : 313228360.939265,
          "stddev" : 324031092.121564,
          "percentile" : {
            "1.000000" : 7700480,
            "5.000000" : 17170432,
            "10.000000" : 31064064,
            "20.000000" : 66846720,
            "30.000000" : 110624768,
            "40.000000" : 160432128,
            "50.000000" : 217055232,
            "60.000000" : 287309824,
            "70.000000" : 371195904,
            "80.000000" : 492830720,
            "90.000000" : 708837376,
            "95.000000" : 952107008,
            "99.000000" : 1551892480,
            "99.500000" : 1820327936,
            "99.900000" : 2399141888,
            "99.950000" : 2432696320,
            "99.990000" : 2432696320
          }
        },
        "lat_ns" : {
          "min" : 2353766,
          "max" : 2511747836,
          "mean" : 313257107.441675,
          "stddev" : 324031019.509125
        },
        "bw_min" : 5408,
        "bw_max" : 7328,
        "bw_agg" : 100.000000,
        "bw_mean" : 6541.445833,
        "bw_dev" : 263.736851,
        "bw_samples" : 240,
        "iops_min" : 338,
        "iops_max" : 458,
        "iops_mean" : 408.829167,
        "iops_stddev" : 16.488870,
        "iops_samples" : 240
      },
      "write" : {
        "io_bytes" : 0,
        "io_kbytes" : 0,
        "bw_bytes" : 0,
        "bw" : 0,
        "iops" : 0.000000,
        "runtime" : 0,
        "total_ios" : 0,
        "short_ios" : 0,
        "drop_ios" : 0,
        "slat_ns" : {
          "min" : 0,
          "max" : 0,
          "mean" : 0.000000,
          "stddev" : 0.000000
        },
        "clat_ns" : {
          "min" : 0,
          "max" : 0,
          "mean" : 0.000000,
          "stddev" : 0.000000,
          "percentile" : {
            "1.000000" : 0,
            "5.000000" : 0,
            "10.000000" : 0,
            "20.000000" : 0,
            "30.000000" : 0,
            "40.000000" : 0,
            "50.000000" : 0,
            "60.000000" : 0,
            "70.000000" : 0,
            "80.000000" : 0,
            "90.000000" : 0,
            "95.000000" : 0,
            "99.000000" : 0,
            "99.500000" : 0,
            "99.900000" : 0,
            "99.950000" : 0,
            "99.990000" : 0
          }
        },
        "lat_ns" : {
          "min" : 0,
          "max" : 0,
          "mean" : 0.000000,
          "stddev" : 0.000000
        },
        "bw_min" : 0,
        "bw_max" : 0,
        "bw_agg" : 0.000000,
        "bw_mean" : 0.000000,
        "bw_dev" : 0.000000,
        "bw_samples" : 0,
        "iops_min" : 0,
        "iops_max" : 0,
        "iops_mean" : 0.000000,
        "iops_stddev" : 0.000000,
        "iops_samples" : 0
      },
      "trim" : {
        "io_bytes" : 0,
        "io_kbytes" : 0,
        "bw_bytes" : 0,
        "bw" : 0,
        "iops" : 0.000000,
        "runtime" : 0,
        "total_ios" : 0,
        "short_ios" : 0,
        "drop_ios" : 0,
        "slat_ns" : {
          "min" : 0,
          "max" : 0,
          "mean" : 0.000000,
          "stddev" : 0.000000
        },
        "clat_ns" : {
          "min" : 0,
          "max" : 0,
          "mean" : 0.000000,
          "stddev" : 0.000000,
          "percentile" : {
            "1.000000" : 0,
            "5.000000" : 0,
            "10.000000" : 0,
            "20.000000" : 0,
            "30.000000" : 0,
            "40.000000" : 0,
            "50.000000" : 0,
            "60.000000" : 0,
            "70.000000" : 0,
            "80.000000" : 0,
            "90.000000" : 0,
            "95.000000" : 0,
            "99.000000" : 0,
            "99.500000" : 0,
            "99.900000" : 0,
            "99.950000" : 0,
            "99.990000" : 0
          }
        },
        "lat_ns" : {
          "min" : 0,
          "max" : 0,
          "mean" : 0.000000,
          "stddev" : 0.000000
        },
        "bw_min" : 0,
        "bw_max" : 0,
        "bw_agg" : 0.000000,
        "bw_mean" : 0.000000,
        "bw_dev" : 0.000000,
        "bw_samples" : 0,
        "iops_min" : 0,
        "iops_max" : 0,
        "iops_mean" : 0.000000,
        "iops_stddev" : 0.000000,
        "iops_samples" : 0
      },
      "sync" : {
        "lat_ns" : {
          "min" : 0,
          "max" : 0,
          "mean" : 0.000000,
          "stddev" : 0.000000,
          "percentile" : {
            "1.000000" : 0,
            "5.000000" : 0,
            "10.000000" : 0,
            "20.000000" : 0,
            "30.000000" : 0,
            "40.000000" : 0,
            "50.000000" : 0,
            "60.000000" : 0,
            "70.000000" : 0,
            "80.000000" : 0,
            "90.000000" : 0,
            "95.000000" : 0,
            "99.000000" : 0,
            "99.500000" : 0,
            "99.900000" : 0,
            "99.950000" : 0,
            "99.990000" : 0
          }
        },
        "total_ios" : 0
      },
      "usr_cpu" : 0.626137,
      "sys_cpu" : 1.842702,
      "ctx" : 48667,
      "majf" : 0,
      "minf" : 1887,
      "iodepth_level" : {
        "1" : 0.100000,
        "2" : 0.100000,
        "4" : 0.100000,
        "8" : 0.100000,
        "16" : 0.100000,
        "32" : 0.100000,
        ">=64" : 99.871949
      },
      "latency_ns" : {
        "2" : 0.000000,
        "4" : 0.000000,
        "10" : 0.000000,
        "20" : 0.000000,
        "50" : 0.000000,
        "100" : 0.000000,
        "250" : 0.000000,
        "500" : 0.000000,
        "750" : 0.000000,
        "1000" : 0.000000
      },
      "latency_us" : {
        "2" : 0.000000,
        "4" : 0.000000,
        "10" : 0.000000,
        "20" : 0.000000,
        "50" : 0.000000,
        "100" : 0.000000,
        "250" : 0.000000,
        "500" : 0.000000,
        "750" : 0.000000,
        "1000" : 0.000000
      },
      "latency_ms" : {
        "2" : 0.000000,
        "4" : 0.079270,
        "10" : 1.943129,
        "20" : 4.022439,
        "50" : 9.626212,
        "100" : 12.154719,
        "250" : 27.390801,
        "500" : 25.189536,
        "750" : 10.819326,
        "1000" : 4.475701,
        "2000" : 0.000000,
        ">=2000" : 0.000000
      },
      "latency_depth" : 128,
      "latency_target" : 0,
      "latency_percentile" : 100.000000,
      "latency_window" : 0
    }
  ]
}
