{
  "fio version" : "fio-3.7",
  "timestamp" : 1589165713,
  "timestamp_ms" : 1589165713077,
  "time" : "Sun May 10 20:55:13 2020",
  "global options" : {
    "filename" : "/dev/sgt_vg_data_006/MACH2_data_006_256k",
    "rw" : "randread",
    "ioengine" : "libaio",
    "iodepth" : "512",
    "numjobs" : "1",
    "direct" : "1",
    "runtime" : "120"
  },
  "jobs" : [
    {
      "jobname" : "randread-4096k",
      "groupid" : 0,
      "error" : 0,
      "eta" : 0,
      "elapsed" : 121,
      "job options" : {
        "name" : "randread-4096k",
        "bs" : "4096k"
      },
      "read" : {
        "io_bytes" : 27548188672,
        "io_kbytes" : 26902528,
        "bw_bytes" : 228367406,
        "bw" : 223015,
        "iops" : 54.447033,
        "runtime" : 120631,
        "total_ios" : 6568,
        "short_ios" : 0,
        "drop_ios" : 0,
        "slat_ns" : {
          "min" : 335562,
          "max" : 117578197,
          "mean" : 18270890.926462,
          "stddev" : 31374607.498508
        },
        "clat_ns" : {
          "min" : 611298341,
          "max" : 11432826764,
          "mean" : 9055567833.694122,
          "stddev" : 1320744329.698363,
          "percentile" : {
            "1.000000" : 1937768448,
            "5.000000" : 6677331968,
            "10.000000" : 9059696640,
            "20.000000" : 9059696640,
            "30.000000" : 9193914368,
            "40.000000" : 9193914368,
            "50.000000" : 9328132096,
            "60.000000" : 9328132096,
            "70.000000" : 9462349824,
            "80.000000" : 9596567552,
            "90.000000" : 9596567552,
            "95.000000" : 9730785280,
            "99.000000" : 10133438464,
            "99.500000" : 10267656192,
            "99.900000" : 10804527104,
            "99.950000" : 10938744832,
            "99.990000" : 11475615744
          }
        },
        "lat_ns" : {
          "min" : 689268909,
          "max" : 11433996189,
          "mean" : 9073838972.190594,
          "stddev" : 1320648300.681720
        },
        "bw_min" : 8192,
        "bw_max" : 262144,
        "bw_agg" : 99.294204,
        "bw_mean" : 221440.968750,
        "bw_dev" : 25849.259772,
        "bw_samples" : 224,
        "iops_min" : 2,
        "iops_max" : 64,
        "iops_mean" : 53.919643,
        "iops_stddev" : 6.304157,
        "iops_samples" : 224
      },
      "write" : {
        "io_bytes" : 0,
        "io_kbytes" : 0,
        "bw_bytes" : 0,
        "bw" : 0,
        "iops" : 0.000000,
        "runtime" : 0,
        "total_ios" : 0,
        "short_ios" : 0,
        "drop_ios" : 0,
        "slat_ns" : {
          "min" : 0,
          "max" : 0,
          "mean" : 0.000000,
          "stddev" : 0.000000
        },
        "clat_ns" : {
          "min" : 0,
          "max" : 0,
          "mean" : 0.000000,
          "stddev" : 0.000000,
          "percentile" : {
            "1.000000" : 0,
            "5.000000" : 0,
            "10.000000" : 0,
            "20.000000" : 0,
            "30.000000" : 0,
            "40.000000" : 0,
            "50.000000" : 0,
            "60.000000" : 0,
            "70.000000" : 0,
            "80.000000" : 0,
            "90.000000" : 0,
            "95.000000" : 0,
            "99.000000" : 0,
            "99.500000" : 0,
            "99.900000" : 0,
            "99.950000" : 0,
            "99.990000" : 0
          }
        },
        "lat_ns" : {
          "min" : 0,
          "max" : 0,
          "mean" : 0.000000,
          "stddev" : 0.000000
        },
        "bw_min" : 0,
        "bw_max" : 0,
        "bw_agg" : 0.000000,
        "bw_mean" : 0.000000,
        "bw_dev" : 0.000000,
        "bw_samples" : 0,
        "iops_min" : 0,
        "iops_max" : 0,
        "iops_mean" : 0.000000,
        "iops_stddev" : 0.000000,
        "iops_samples" : 0
      },
      "trim" : {
        "io_bytes" : 0,
        "io_kbytes" : 0,
        "bw_bytes" : 0,
        "bw" : 0,
        "iops" : 0.000000,
        "runtime" : 0,
        "total_ios" : 0,
        "short_ios" : 0,
        "drop_ios" : 0,
        "slat_ns" : {
          "min" : 0,
          "max" : 0,
          "mean" : 0.000000,
          "stddev" : 0.000000
        },
        "clat_ns" : {
          "min" : 0,
          "max" : 0,
          "mean" : 0.000000,
          "stddev" : 0.000000,
          "percentile" : {
            "1.000000" : 0,
            "5.000000" : 0,
            "10.000000" : 0,
            "20.000000" : 0,
            "30.000000" : 0,
            "40.000000" : 0,
            "50.000000" : 0,
            "60.000000" : 0,
            "70.000000" : 0,
            "80.000000" : 0,
            "90.000000" : 0,
            "95.000000" : 0,
            "99.000000" : 0,
            "99.500000" : 0,
            "99.900000" : 0,
            "99.950000" : 0,
            "99.990000" : 0
          }
        },
        "lat_ns" : {
          "min" : 0,
          "max" : 0,
          "mean" : 0.000000,
          "stddev" : 0.000000
        },
        "bw_min" : 0,
        "bw_max" : 0,
        "bw_agg" : 0.000000,
        "bw_mean" : 0.000000,
        "bw_dev" : 0.000000,
        "bw_samples" : 0,
        "iops_min" : 0,
        "iops_max" : 0,
        "iops_mean" : 0.000000,
        "iops_stddev" : 0.000000,
        "iops_samples" : 0
      },
      "sync" : {
        "lat_ns" : {
          "min" : 0,
          "max" : 0,
          "mean" : 0.000000,
          "stddev" : 0.000000,
          "percentile" : {
            "1.000000" : 0,
            "5.000000" : 0,
            "10.000000" : 0,
            "20.000000" : 0,
            "30.000000" : 0,
            "40.000000" : 0,
            "50.000000" : 0,
            "60.000000" : 0,
            "70.000000" : 0,
            "80.000000" : 0,
            "90.000000" : 0,
            "95.000000" : 0,
            "99.000000" : 0,
            "99.500000" : 0,
            "99.900000" : 0,
            "99.950000" : 0,
            "99.990000" : 0
          }
        },
        "total_ios" : 0
      },
      "usr_cpu" : 0.017409,
      "sys_cpu" : 2.595540,
      "ctx" : 1683,
      "majf" : 0,
      "minf" : 4605,
      "iodepth_level" : {
        "1" : 0.100000,
        "2" : 0.100000,
        "4" : 0.100000,
        "8" : 0.121803,
        "16" : 0.243605,
        "32" : 0.487211,
        ">=64" : 99.040804
      },
      "latency_ns" : {
        "2" : 0.000000,
        "4" : 0.000000,
        "10" : 0.000000,
        "20" : 0.000000,
        "50" : 0.000000,
        "100" : 0.000000,
        "250" : 0.000000,
        "500" : 0.000000,
        "750" : 0.000000,
        "1000" : 0.000000
      },
      "latency_us" : {
        "2" : 0.000000,
        "4" : 0.000000,
        "10" : 0.000000,
        "20" : 0.000000,
        "50" : 0.000000,
        "100" : 0.000000,
        "250" : 0.000000,
        "500" : 0.000000,
        "750" : 0.000000,
        "1000" : 0.000000
      },
      "latency_ms" : {
        "2" : 0.000000,
        "4" : 0.000000,
        "10" : 0.000000,
        "20" : 0.000000,
        "50" : 0.000000,
        "100" : 0.000000,
        "250" : 0.000000,
        "500" : 0.000000,
        "750" : 0.076127,
        "1000" : 0.182704,
        "2000" : 0.000000,
        ">=2000" : 0.000000
      },
      "latency_depth" : 512,
      "latency_target" : 0,
      "latency_percentile" : 100.000000,
      "latency_window" : 0
    }
  ]
}
