{
  "fio version" : "fio-3.7",
  "timestamp" : 1589150199,
  "timestamp_ms" : 1589150199597,
  "time" : "Sun May 10 16:36:39 2020",
  "global options" : {
    "filename" : "/dev/sgt_vg_data_010/MACH2_data_010_4096k",
    "rw" : "randrw",
    "ioengine" : "libaio",
    "iodepth" : "1",
    "numjobs" : "1",
    "direct" : "1",
    "runtime" : "120"
  },
  "jobs" : [
    {
      "jobname" : "randrw-1024k",
      "groupid" : 0,
      "error" : 0,
      "eta" : 0,
      "elapsed" : 121,
      "job options" : {
        "name" : "randrw-1024k",
        "bs" : "1024k"
      },
      "read" : {
        "io_bytes" : 4973395968,
        "io_kbytes" : 4856832,
        "bw_bytes" : 41435643,
        "bw" : 40464,
        "iops" : 39.516109,
        "runtime" : 120027,
        "total_ios" : 4743,
        "short_ios" : 0,
        "drop_ios" : 0,
        "slat_ns" : {
          "min" : 46499,
          "max" : 1363458,
          "mean" : 153994.345140,
          "stddev" : 62499.760523
        },
        "clat_ns" : {
          "min" : 7227760,
          "max" : 59326473,
          "mean" : 22298025.369808,
          "stddev" : 7974539.706156,
          "percentile" : {
            "1.000000" : 9764864,
            "5.000000" : 12124160,
            "10.000000" : 13565952,
            "20.000000" : 15663104,
            "30.000000" : 17432576,
            "40.000000" : 18743296,
            "50.000000" : 20578304,
            "60.000000" : 22151168,
            "70.000000" : 24772608,
            "80.000000" : 28966912,
            "90.000000" : 34340864,
            "95.000000" : 38010880,
            "99.000000" : 44826624,
            "99.500000" : 46923776,
            "99.900000" : 54788096,
            "99.950000" : 57933824,
            "99.990000" : 59506688
          }
        },
        "lat_ns" : {
          "min" : 7432094,
          "max" : 59514211,
          "mean" : 22452427.348092,
          "stddev" : 7973354.153178
        },
        "bw_min" : 28614,
        "bw_max" : 51200,
        "bw_agg" : 99.956618,
        "bw_mean" : 40446.445833,
        "bw_dev" : 4359.158175,
        "bw_samples" : 240,
        "iops_min" : 27,
        "iops_max" : 50,
        "iops_mean" : 39.287500,
        "iops_stddev" : 4.277587,
        "iops_samples" : 240
      },
      "write" : {
        "io_bytes" : 5039456256,
        "io_kbytes" : 4921344,
        "bw_bytes" : 41986021,
        "bw" : 41001,
        "iops" : 40.040991,
        "runtime" : 120027,
        "total_ios" : 4806,
        "short_ios" : 0,
        "drop_ios" : 0,
        "slat_ns" : {
          "min" : 47423,
          "max" : 696319,
          "mean" : 181320.770911,
          "stddev" : 59613.903373
        },
        "clat_ns" : {
          "min" : 1165236,
          "max" : 60835931,
          "mean" : 2624190.983770,
          "stddev" : 5204292.730839,
          "percentile" : {
            "1.000000" : 1204224,
            "5.000000" : 1236992,
            "10.000000" : 1253376,
            "20.000000" : 1286144,
            "30.000000" : 1302528,
            "40.000000" : 1335296,
            "50.000000" : 1351680,
            "60.000000" : 1400832,
            "70.000000" : 1449984,
            "80.000000" : 1531904,
            "90.000000" : 1712128,
            "95.000000" : 12517376,
            "99.000000" : 30015488,
            "99.500000" : 35389440,
            "99.900000" : 46923776,
            "99.950000" : 49020928,
            "99.990000" : 61079552
          }
        },
        "lat_ns" : {
          "min" : 1245492,
          "max" : 61033339,
          "mean" : 2805939.076779,
          "stddev" : 5200487.815868
        },
        "bw_min" : 14336,
        "bw_max" : 65536,
        "bw_agg" : 99.978151,
        "bw_mean" : 40992.041667,
        "bw_dev" : 9172.830391,
        "bw_samples" : 240,
        "iops_min" : 14,
        "iops_max" : 64,
        "iops_mean" : 39.820833,
        "iops_stddev" : 8.957196,
        "iops_samples" : 240
      },
      "trim" : {
        "io_bytes" : 0,
        "io_kbytes" : 0,
        "bw_bytes" : 0,
        "bw" : 0,
        "iops" : 0.000000,
        "runtime" : 0,
        "total_ios" : 0,
        "short_ios" : 0,
        "drop_ios" : 0,
        "slat_ns" : {
          "min" : 0,
          "max" : 0,
          "mean" : 0.000000,
          "stddev" : 0.000000
        },
        "clat_ns" : {
          "min" : 0,
          "max" : 0,
          "mean" : 0.000000,
          "stddev" : 0.000000,
          "percentile" : {
            "1.000000" : 0,
            "5.000000" : 0,
            "10.000000" : 0,
            "20.000000" : 0,
            "30.000000" : 0,
            "40.000000" : 0,
            "50.000000" : 0,
            "60.000000" : 0,
            "70.000000" : 0,
            "80.000000" : 0,
            "90.000000" : 0,
            "95.000000" : 0,
            "99.000000" : 0,
            "99.500000" : 0,
            "99.900000" : 0,
            "99.950000" : 0,
            "99.990000" : 0
          }
        },
        "lat_ns" : {
          "min" : 0,
          "max" : 0,
          "mean" : 0.000000,
          "stddev" : 0.000000
        },
        "bw_min" : 0,
        "bw_max" : 0,
        "bw_agg" : 0.000000,
        "bw_mean" : 0.000000,
        "bw_dev" : 0.000000,
        "bw_samples" : 0,
        "iops_min" : 0,
        "iops_max" : 0,
        "iops_mean" : 0.000000,
        "iops_stddev" : 0.000000,
        "iops_samples" : 0
      },
      "sync" : {
        "lat_ns" : {
          "min" : 0,
          "max" : 0,
          "mean" : 0.000000,
          "stddev" : 0.000000,
          "percentile" : {
            "1.000000" : 0,
            "5.000000" : 0,
            "10.000000" : 0,
            "20.000000" : 0,
            "30.000000" : 0,
            "40.000000" : 0,
            "50.000000" : 0,
            "60.000000" : 0,
            "70.000000" : 0,
            "80.000000" : 0,
            "90.000000" : 0,
            "95.000000" : 0,
            "99.000000" : 0,
            "99.500000" : 0,
            "99.900000" : 0,
            "99.950000" : 0,
            "99.990000" : 0
          }
        },
        "total_ios" : 0
      },
      "usr_cpu" : 0.333261,
      "sys_cpu" : 1.201406,
      "ctx" : 9553,
      "majf" : 0,
      "minf" : 712,
      "iodepth_level" : {
        "1" : 100.000000,
        "2" : 0.000000,
        "4" : 0.000000,
        "8" : 0.000000,
        "16" : 0.000000,
        "32" : 0.000000,
        ">=64" : 0.000000
      },
      "latency_ns" : {
        "2" : 0.000000,
        "4" : 0.000000,
        "10" : 0.000000,
        "20" : 0.000000,
        "50" : 0.000000,
        "100" : 0.000000,
        "250" : 0.000000,
        "500" : 0.000000,
        "750" : 0.000000,
        "1000" : 0.000000
      },
      "latency_us" : {
        "2" : 0.000000,
        "4" : 0.000000,
        "10" : 0.000000,
        "20" : 0.000000,
        "50" : 0.000000,
        "100" : 0.000000,
        "250" : 0.000000,
        "500" : 0.000000,
        "750" : 0.000000,
        "1000" : 0.000000
      },
      "latency_ms" : {
        "2" : 46.549377,
        "4" : 0.188501,
        "10" : 1.246204,
        "20" : 24.578490,
        "50" : 27.332705,
        "100" : 0.104723,
        "250" : 0.000000,
        "500" : 0.000000,
        "750" : 0.000000,
        "1000" : 0.000000,
        "2000" : 0.000000,
        ">=2000" : 0.000000
      },
      "latency_depth" : 1,
      "latency_target" : 0,
      "latency_percentile" : 100.000000,
      "latency_window" : 0
    }
  ]
}
