{
  "fio version" : "fio-3.7",
  "timestamp" : 1589148143,
  "timestamp_ms" : 1589148143523,
  "time" : "Sun May 10 16:02:23 2020",
  "global options" : {
    "filename" : "/dev/sgt_vg_data_008/MACH2_data_008_1024k",
    "rw" : "randrw",
    "ioengine" : "libaio",
    "iodepth" : "16",
    "numjobs" : "1",
    "direct" : "1",
    "runtime" : "120"
  },
  "jobs" : [
    {
      "jobname" : "randrw-256k",
      "groupid" : 0,
      "error" : 0,
      "eta" : 0,
      "elapsed" : 121,
      "job options" : {
        "name" : "randrw-256k",
        "bs" : "256k"
      },
      "read" : {
        "io_bytes" : 3715629056,
        "io_kbytes" : 3628544,
        "bw_bytes" : 30905627,
        "bw" : 30181,
        "iops" : 117.895612,
        "runtime" : 120225,
        "total_ios" : 14174,
        "short_ios" : 0,
        "drop_ios" : 0,
        "slat_ns" : {
          "min" : 13990,
          "max" : 682269,
          "mean" : 69042.999788,
          "stddev" : 28765.724785
        },
        "clat_ns" : {
          "min" : 3634916,
          "max" : 1195266761,
          "mean" : 108170624.916044,
          "stddev" : 111012782.658005,
          "percentile" : {
            "1.000000" : 7372800,
            "5.000000" : 11730944,
            "10.000000" : 15925248,
            "20.000000" : 25034752,
            "30.000000" : 36962304,
            "40.000000" : 52166656,
            "50.000000" : 70778880,
            "60.000000" : 96993280,
            "70.000000" : 127401984,
            "80.000000" : 173015040,
            "90.000000" : 252706816,
            "95.000000" : 325058560,
            "99.000000" : 526385152,
            "99.500000" : 616562688,
            "99.900000" : 826277888,
            "99.950000" : 893386752,
            "99.990000" : 1052770304
          }
        },
        "lat_ns" : {
          "min" : 3660987,
          "max" : 1195333118,
          "mean" : 108240212.839706,
          "stddev" : 111012056.512250
        },
        "bw_min" : 22483,
        "bw_max" : 38834,
        "bw_agg" : 100.000000,
        "bw_mean" : 30206.370833,
        "bw_dev" : 3190.654442,
        "bw_samples" : 240,
        "iops_min" : 87,
        "iops_max" : 151,
        "iops_mean" : 117.812500,
        "iops_stddev" : 12.484729,
        "iops_samples" : 240
      },
      "write" : {
        "io_bytes" : 3716153344,
        "io_kbytes" : 3629056,
        "bw_bytes" : 30909988,
        "bw" : 30185,
        "iops" : 117.912248,
        "runtime" : 120225,
        "total_ios" : 14176,
        "short_ios" : 0,
        "drop_ios" : 0,
        "slat_ns" : {
          "min" : 13627,
          "max" : 700746,
          "mean" : 81250.526312,
          "stddev" : 31970.584175
        },
        "clat_ns" : {
          "min" : 341293,
          "max" : 566199687,
          "mean" : 27360216.505996,
          "stddev" : 28833891.370099,
          "percentile" : {
            "1.000000" : 382976,
            "5.000000" : 415744,
            "10.000000" : 440320,
            "20.000000" : 643072,
            "30.000000" : 5341184,
            "40.000000" : 15269888,
            "50.000000" : 20840448,
            "60.000000" : 27394048,
            "70.000000" : 35389440,
            "80.000000" : 46399488,
            "90.000000" : 66322432,
            "95.000000" : 84410368,
            "99.000000" : 115867648,
            "99.500000" : 130547712,
            "99.900000" : 179306496,
            "99.950000" : 250609664,
            "99.990000" : 320864256
          }
        },
        "lat_ns" : {
          "min" : 364570,
          "max" : 566276251,
          "mean" : 27442028.095514,
          "stddev" : 28833996.952278
        },
        "bw_min" : 22528,
        "bw_max" : 40367,
        "bw_agg" : 100.000000,
        "bw_mean" : 30210.420833,
        "bw_dev" : 3383.201565,
        "bw_samples" : 240,
        "iops_min" : 88,
        "iops_max" : 157,
        "iops_mean" : 117.829167,
        "iops_stddev" : 13.211190,
        "iops_samples" : 240
      },
      "trim" : {
        "io_bytes" : 0,
        "io_kbytes" : 0,
        "bw_bytes" : 0,
        "bw" : 0,
        "iops" : 0.000000,
        "runtime" : 0,
        "total_ios" : 0,
        "short_ios" : 0,
        "drop_ios" : 0,
        "slat_ns" : {
          "min" : 0,
          "max" : 0,
          "mean" : 0.000000,
          "stddev" : 0.000000
        },
        "clat_ns" : {
          "min" : 0,
          "max" : 0,
          "mean" : 0.000000,
          "stddev" : 0.000000,
          "percentile" : {
            "1.000000" : 0,
            "5.000000" : 0,
            "10.000000" : 0,
            "20.000000" : 0,
            "30.000000" : 0,
            "40.000000" : 0,
            "50.000000" : 0,
            "60.000000" : 0,
            "70.000000" : 0,
            "80.000000" : 0,
            "90.000000" : 0,
            "95.000000" : 0,
            "99.000000" : 0,
            "99.500000" : 0,
            "99.900000" : 0,
            "99.950000" : 0,
            "99.990000" : 0
          }
        },
        "lat_ns" : {
          "min" : 0,
          "max" : 0,
          "mean" : 0.000000,
          "stddev" : 0.000000
        },
        "bw_min" : 0,
        "bw_max" : 0,
        "bw_agg" : 0.000000,
        "bw_mean" : 0.000000,
        "bw_dev" : 0.000000,
        "bw_samples" : 0,
        "iops_min" : 0,
        "iops_max" : 0,
        "iops_mean" : 0.000000,
        "iops_stddev" : 0.000000,
        "iops_samples" : 0
      },
      "sync" : {
        "lat_ns" : {
          "min" : 0,
          "max" : 0,
          "mean" : 0.000000,
          "stddev" : 0.000000,
          "percentile" : {
            "1.000000" : 0,
            "5.000000" : 0,
            "10.000000" : 0,
            "20.000000" : 0,
            "30.000000" : 0,
            "40.000000" : 0,
            "50.000000" : 0,
            "60.000000" : 0,
            "70.000000" : 0,
            "80.000000" : 0,
            "90.000000" : 0,
            "95.000000" : 0,
            "99.000000" : 0,
            "99.500000" : 0,
            "99.900000" : 0,
            "99.950000" : 0,
            "99.990000" : 0
          }
        },
        "total_ios" : 0
      },
      "usr_cpu" : 0.481601,
      "sys_cpu" : 1.961339,
      "ctx" : 27907,
      "majf" : 0,
      "minf" : 1194,
      "iodepth_level" : {
        "1" : 0.100000,
        "2" : 0.100000,
        "4" : 0.100000,
        "8" : 0.100000,
        "16" : 99.947090,
        "32" : 0.000000,
        ">=64" : 0.000000
      },
      "latency_ns" : {
        "2" : 0.000000,
        "4" : 0.000000,
        "10" : 0.000000,
        "20" : 0.000000,
        "50" : 0.000000,
        "100" : 0.000000,
        "250" : 0.000000,
        "500" : 0.000000,
        "750" : 0.000000,
        "1000" : 0.000000
      },
      "latency_us" : {
        "2" : 0.000000,
        "4" : 0.000000,
        "10" : 0.000000,
        "20" : 0.000000,
        "50" : 0.000000,
        "100" : 0.000000,
        "250" : 0.000000,
        "500" : 8.363316,
        "750" : 2.391534,
        "1000" : 1.657848
      },
      "latency_ms" : {
        "2" : 1.192240,
        "4" : 1.111111,
        "10" : 4.236332,
        "20" : 12.779541,
        "50" : 28.835979,
        "100" : 18.811287,
        "250" : 15.470899,
        "500" : 4.553792,
        "750" : 0.500882,
        "1000" : 0.081129,
        "2000" : 0.000000,
        ">=2000" : 0.000000
      },
      "latency_depth" : 16,
      "latency_target" : 0,
      "latency_percentile" : 100.000000,
      "latency_window" : 0
    }
  ]
}
