{
  "fio version" : "fio-3.7",
  "timestamp" : 1589143293,
  "timestamp_ms" : 1589143293572,
  "time" : "Sun May 10 14:41:33 2020",
  "global options" : {
    "filename" : "/dev/sgt_vg_data_006/MACH2_data_006_256k",
    "rw" : "randrw",
    "ioengine" : "libaio",
    "iodepth" : "16",
    "numjobs" : "1",
    "direct" : "1",
    "runtime" : "120"
  },
  "jobs" : [
    {
      "jobname" : "randrw-8k",
      "groupid" : 0,
      "error" : 0,
      "eta" : 0,
      "elapsed" : 121,
      "job options" : {
        "name" : "randrw-8k",
        "bs" : "8k"
      },
      "read" : {
        "io_bytes" : 154525696,
        "io_kbytes" : 150904,
        "bw_bytes" : 1286491,
        "bw" : 1256,
        "iops" : 157.042476,
        "runtime" : 120114,
        "total_ios" : 18863,
        "short_ios" : 0,
        "drop_ios" : 0,
        "slat_ns" : {
          "min" : 3368,
          "max" : 99364,
          "mean" : 21932.001060,
          "stddev" : 9613.440115
        },
        "clat_ns" : {
          "min" : 2018575,
          "max" : 985190256,
          "mean" : 98777881.272810,
          "stddev" : 98114206.347976,
          "percentile" : {
            "1.000000" : 7045120,
            "5.000000" : 11337728,
            "10.000000" : 15532032,
            "20.000000" : 24248320,
            "30.000000" : 34865152,
            "40.000000" : 48496640,
            "50.000000" : 65273856,
            "60.000000" : 86507520,
            "70.000000" : 117964800,
            "80.000000" : 158334976,
            "90.000000" : 227540992,
            "95.000000" : 299892736,
            "99.000000" : 455081984,
            "99.500000" : 522190848,
            "99.900000" : 666894336,
            "99.950000" : 759169024,
            "99.990000" : 884998144
          }
        },
        "lat_ns" : {
          "min" : 2036241,
          "max" : 985204855,
          "mean" : 98800272.214918,
          "stddev" : 98114115.092200
        },
        "bw_min" : 960,
        "bw_max" : 1984,
        "bw_agg" : 100.000000,
        "bw_mean" : 1256.104167,
        "bw_dev" : 100.004067,
        "bw_samples" : 240,
        "iops_min" : 120,
        "iops_max" : 248,
        "iops_mean" : 156.937500,
        "iops_stddev" : 12.506410,
        "iops_samples" : 240
      },
      "write" : {
        "io_bytes" : 154542080,
        "io_kbytes" : 150920,
        "bw_bytes" : 1286628,
        "bw" : 1256,
        "iops" : 157.059127,
        "runtime" : 120114,
        "total_ios" : 18865,
        "short_ios" : 0,
        "drop_ios" : 0,
        "slat_ns" : {
          "min" : 3404,
          "max" : 94185,
          "mean" : 21944.424649,
          "stddev" : 10262.210115
        },
        "clat_ns" : {
          "min" : 70516,
          "max" : 64193359,
          "mean" : 3028989.718844,
          "stddev" : 5132935.140015,
          "percentile" : {
            "1.000000" : 96768,
            "5.000000" : 119296,
            "10.000000" : 140288,
            "20.000000" : 166912,
            "30.000000" : 199680,
            "40.000000" : 268288,
            "50.000000" : 602112,
            "60.000000" : 978944,
            "70.000000" : 2670592,
            "80.000000" : 5210112,
            "90.000000" : 9764864,
            "95.000000" : 13959168,
            "99.000000" : 23986176,
            "99.500000" : 27394048,
            "99.900000" : 34865152,
            "99.950000" : 39059456,
            "99.990000" : 49020928
          }
        },
        "lat_ns" : {
          "min" : 80151,
          "max" : 64226215,
          "mean" : 3051402.318420,
          "stddev" : 5133172.102773
        },
        "bw_min" : 894,
        "bw_max" : 2096,
        "bw_agg" : 100.000000,
        "bw_mean" : 1257.308333,
        "bw_dev" : 153.802231,
        "bw_samples" : 240,
        "iops_min" : 111,
        "iops_max" : 262,
        "iops_mean" : 157.087500,
        "iops_stddev" : 19.261378,
        "iops_samples" : 240
      },
      "trim" : {
        "io_bytes" : 0,
        "io_kbytes" : 0,
        "bw_bytes" : 0,
        "bw" : 0,
        "iops" : 0.000000,
        "runtime" : 0,
        "total_ios" : 0,
        "short_ios" : 0,
        "drop_ios" : 0,
        "slat_ns" : {
          "min" : 0,
          "max" : 0,
          "mean" : 0.000000,
          "stddev" : 0.000000
        },
        "clat_ns" : {
          "min" : 0,
          "max" : 0,
          "mean" : 0.000000,
          "stddev" : 0.000000,
          "percentile" : {
            "1.000000" : 0,
            "5.000000" : 0,
            "10.000000" : 0,
            "20.000000" : 0,
            "30.000000" : 0,
            "40.000000" : 0,
            "50.000000" : 0,
            "60.000000" : 0,
            "70.000000" : 0,
            "80.000000" : 0,
            "90.000000" : 0,
            "95.000000" : 0,
            "99.000000" : 0,
            "99.500000" : 0,
            "99.900000" : 0,
            "99.950000" : 0,
            "99.990000" : 0
          }
        },
        "lat_ns" : {
          "min" : 0,
          "max" : 0,
          "mean" : 0.000000,
          "stddev" : 0.000000
        },
        "bw_min" : 0,
        "bw_max" : 0,
        "bw_agg" : 0.000000,
        "bw_mean" : 0.000000,
        "bw_dev" : 0.000000,
        "bw_samples" : 0,
        "iops_min" : 0,
        "iops_max" : 0,
        "iops_mean" : 0.000000,
        "iops_stddev" : 0.000000,
        "iops_samples" : 0
      },
      "sync" : {
        "lat_ns" : {
          "min" : 0,
          "max" : 0,
          "mean" : 0.000000,
          "stddev" : 0.000000,
          "percentile" : {
            "1.000000" : 0,
            "5.000000" : 0,
            "10.000000" : 0,
            "20.000000" : 0,
            "30.000000" : 0,
            "40.000000" : 0,
            "50.000000" : 0,
            "60.000000" : 0,
            "70.000000" : 0,
            "80.000000" : 0,
            "90.000000" : 0,
            "95.000000" : 0,
            "99.000000" : 0,
            "99.500000" : 0,
            "99.900000" : 0,
            "99.950000" : 0,
            "99.990000" : 0
          }
        },
        "total_ios" : 0
      },
      "usr_cpu" : 0.425433,
      "sys_cpu" : 1.047347,
      "ctx" : 37010,
      "majf" : 0,
      "minf" : 623,
      "iodepth_level" : {
        "1" : 0.100000,
        "2" : 0.100000,
        "4" : 0.100000,
        "8" : 0.100000,
        "16" : 99.960242,
        "32" : 0.000000,
        ">=64" : 0.000000
      },
      "latency_ns" : {
        "2" : 0.000000,
        "4" : 0.000000,
        "10" : 0.000000,
        "20" : 0.000000,
        "50" : 0.000000,
        "100" : 0.000000,
        "250" : 0.000000,
        "500" : 0.000000,
        "750" : 0.000000,
        "1000" : 0.000000
      },
      "latency_us" : {
        "2" : 0.000000,
        "4" : 0.000000,
        "10" : 0.000000,
        "20" : 0.000000,
        "50" : 0.000000,
        "100" : 0.712998,
        "250" : 18.458439,
        "500" : 4.349555,
        "750" : 3.954623,
        "1000" : 2.814885
      },
      "latency_ms" : {
        "2" : 3.647159,
        "4" : 3.567642,
        "10" : 9.523431,
        "20" : 9.761980,
        "50" : 13.668893,
        "100" : 11.808206,
        "250" : 13.658291,
        "500" : 3.769084,
        "750" : 0.278308,
        "1000" : 0.026506,
        "2000" : 0.000000,
        ">=2000" : 0.000000
      },
      "latency_depth" : 16,
      "latency_target" : 0,
      "latency_percentile" : 100.000000,
      "latency_window" : 0
    }
  ]
}
