{
  "fio version" : "fio-3.7",
  "timestamp" : 1590198812,
  "timestamp_ms" : 1590198812356,
  "time" : "Fri May 22 19:53:32 2020",
  "global options" : {
    "filename" : "/dev/sgt_vg_data_008/MACH2_data_008_1048576k",
    "rw" : "randrw",
    "ioengine" : "libaio",
    "iodepth" : "1024",
    "numjobs" : "1",
    "direct" : "1",
    "random_generator" : "tausworthe64",
    "runtime" : "120"
  },
  "jobs" : [
    {
      "jobname" : "randrw-16k",
      "groupid" : 0,
      "error" : 0,
      "eta" : 0,
      "elapsed" : 121,
      "job options" : {
        "name" : "randrw-16k",
        "bs" : "16k"
      },
      "read" : {
        "io_bytes" : 386121728,
        "io_kbytes" : 377072,
        "bw_bytes" : 3197695,
        "bw" : 3122,
        "iops" : 195.171843,
        "runtime" : 120750,
        "total_ios" : 23567,
        "short_ios" : 0,
        "drop_ios" : 0,
        "slat_ns" : {
          "min" : 3795,
          "max" : 303260744,
          "mean" : 2582810.708448,
          "stddev" : 16064510.462469
        },
        "clat_ns" : {
          "min" : 713070429,
          "max" : 5050657783,
          "mean" : 2755637786.861727,
          "stddev" : 361489645.478647,
          "percentile" : {
            "1.000000" : 1920991232,
            "5.000000" : 2298478592,
            "10.000000" : 2399141888,
            "20.000000" : 2499805184,
            "30.000000" : 2566914048,
            "40.000000" : 2667577344,
            "50.000000" : 2701131776,
            "60.000000" : 2801795072,
            "70.000000" : 2868903936,
            "80.000000" : 2969567232,
            "90.000000" : 3170893824,
            "95.000000" : 3372220416,
            "99.000000" : 3909091328,
            "99.500000" : 4143972352,
            "99.900000" : 4731174912,
            "99.950000" : 4798283776,
            "99.990000" : 4932501504
          }
        },
        "lat_ns" : {
          "min" : 786894156,
          "max" : 5050672626,
          "mean" : 2758220704.277710,
          "stddev" : 361839859.545504
        },
        "bw_min" : 32,
        "bw_max" : 5077,
        "bw_agg" : 99.239068,
        "bw_mean" : 3098.243697,
        "bw_dev" : 640.790894,
        "bw_samples" : 238,
        "iops_min" : 2,
        "iops_max" : 317,
        "iops_mean" : 193.533613,
        "iops_stddev" : 40.070993,
        "iops_samples" : 238
      },
      "write" : {
        "io_bytes" : 383909888,
        "io_kbytes" : 374912,
        "bw_bytes" : 3179377,
        "bw" : 3104,
        "iops" : 194.053830,
        "runtime" : 120750,
        "total_ios" : 23432,
        "short_ios" : 0,
        "drop_ios" : 0,
        "slat_ns" : {
          "min" : 4094,
          "max" : 255113284,
          "mean" : 2518354.504865,
          "stddev" : 15754301.304077
        },
        "clat_ns" : {
          "min" : 786907802,
          "max" : 4032761323,
          "mean" : 2475423299.903467,
          "stddev" : 222504601.321934,
          "percentile" : {
            "1.000000" : 1736441856,
            "5.000000" : 2197815296,
            "10.000000" : 2264924160,
            "20.000000" : 2332033024,
            "30.000000" : 2399141888,
            "40.000000" : 2432696320,
            "50.000000" : 2466250752,
            "60.000000" : 2533359616,
            "70.000000" : 2566914048,
            "80.000000" : 2634022912,
            "90.000000" : 2734686208,
            "95.000000" : 2801795072,
            "99.000000" : 2902458368,
            "99.500000" : 2969567232,
            "99.900000" : 3472883712,
            "99.950000" : 3472883712,
            "99.990000" : 3472883712
          }
        },
        "lat_ns" : {
          "min" : 786913320,
          "max" : 4032766791,
          "mean" : 2477941758.174553,
          "stddev" : 222822750.712529
        },
        "bw_min" : 1536,
        "bw_max" : 4608,
        "bw_agg" : 99.678379,
        "bw_mean" : 3094.016878,
        "bw_dev" : 540.821096,
        "bw_samples" : 237,
        "iops_min" : 96,
        "iops_max" : 288,
        "iops_mean" : 193.270042,
        "iops_stddev" : 33.817100,
        "iops_samples" : 237
      },
      "trim" : {
        "io_bytes" : 0,
        "io_kbytes" : 0,
        "bw_bytes" : 0,
        "bw" : 0,
        "iops" : 0.000000,
        "runtime" : 0,
        "total_ios" : 0,
        "short_ios" : 0,
        "drop_ios" : 0,
        "slat_ns" : {
          "min" : 0,
          "max" : 0,
          "mean" : 0.000000,
          "stddev" : 0.000000
        },
        "clat_ns" : {
          "min" : 0,
          "max" : 0,
          "mean" : 0.000000,
          "stddev" : 0.000000,
          "percentile" : {
            "1.000000" : 0,
            "5.000000" : 0,
            "10.000000" : 0,
            "20.000000" : 0,
            "30.000000" : 0,
            "40.000000" : 0,
            "50.000000" : 0,
            "60.000000" : 0,
            "70.000000" : 0,
            "80.000000" : 0,
            "90.000000" : 0,
            "95.000000" : 0,
            "99.000000" : 0,
            "99.500000" : 0,
            "99.900000" : 0,
            "99.950000" : 0,
            "99.990000" : 0
          }
        },
        "lat_ns" : {
          "min" : 0,
          "max" : 0,
          "mean" : 0.000000,
          "stddev" : 0.000000
        },
        "bw_min" : 0,
        "bw_max" : 0,
        "bw_agg" : 0.000000,
        "bw_mean" : 0.000000,
        "bw_dev" : 0.000000,
        "bw_samples" : 0,
        "iops_min" : 0,
        "iops_max" : 0,
        "iops_mean" : 0.000000,
        "iops_stddev" : 0.000000,
        "iops_samples" : 0
      },
      "sync" : {
        "lat_ns" : {
          "min" : 0,
          "max" : 0,
          "mean" : 0.000000,
          "stddev" : 0.000000,
          "percentile" : {
            "1.000000" : 0,
            "5.000000" : 0,
            "10.000000" : 0,
            "20.000000" : 0,
            "30.000000" : 0,
            "40.000000" : 0,
            "50.000000" : 0,
            "60.000000" : 0,
            "70.000000" : 0,
            "80.000000" : 0,
            "90.000000" : 0,
            "95.000000" : 0,
            "99.000000" : 0,
            "99.500000" : 0,
            "99.900000" : 0,
            "99.950000" : 0,
            "99.990000" : 0
          }
        },
        "total_ios" : 0
      },
      "usr_cpu" : 0.154867,
      "sys_cpu" : 0.452178,
      "ctx" : 1652,
      "majf" : 0,
      "minf" : 30,
      "iodepth_level" : {
        "1" : 0.100000,
        "2" : 0.100000,
        "4" : 0.100000,
        "8" : 0.100000,
        "16" : 0.100000,
        "32" : 0.100000,
        ">=64" : 99.865955
      },
      "latency_ns" : {
        "2" : 0.000000,
        "4" : 0.000000,
        "10" : 0.000000,
        "20" : 0.000000,
        "50" : 0.000000,
        "100" : 0.000000,
        "250" : 0.000000,
        "500" : 0.000000,
        "750" : 0.000000,
        "1000" : 0.000000
      },
      "latency_us" : {
        "2" : 0.000000,
        "4" : 0.000000,
        "10" : 0.000000,
        "20" : 0.000000,
        "50" : 0.000000,
        "100" : 0.000000,
        "250" : 0.000000,
        "500" : 0.000000,
        "750" : 0.000000,
        "1000" : 0.000000
      },
      "latency_ms" : {
        "2" : 0.000000,
        "4" : 0.000000,
        "10" : 0.000000,
        "20" : 0.000000,
        "50" : 0.000000,
        "100" : 0.000000,
        "250" : 0.000000,
        "500" : 0.000000,
        "750" : 0.010000,
        "1000" : 0.204260,
        "2000" : 0.000000,
        ">=2000" : 0.000000
      },
      "latency_depth" : 1024,
      "latency_target" : 0,
      "latency_percentile" : 100.000000,
      "latency_window" : 0
    }
  ]
}
