{
  "fio version" : "fio-3.7",
  "timestamp" : 1590205105,
  "timestamp_ms" : 1590205105207,
  "time" : "Fri May 22 21:38:25 2020",
  "global options" : {
    "filename" : "/dev/sgt_vg_data_006/MACH2_data_006_262144k",
    "rw" : "randrw",
    "ioengine" : "libaio",
    "iodepth" : "4",
    "numjobs" : "1",
    "direct" : "1",
    "random_generator" : "tausworthe64",
    "runtime" : "120"
  },
  "jobs" : [
    {
      "jobname" : "randrw-2048k",
      "groupid" : 0,
      "error" : 0,
      "eta" : 0,
      "elapsed" : 121,
      "job options" : {
        "name" : "randrw-2048k",
        "bs" : "2048k"
      },
      "read" : {
        "io_bytes" : 8640266240,
        "io_kbytes" : 8437760,
        "bw_bytes" : 71950654,
        "bw" : 70264,
        "iops" : 34.308745,
        "runtime" : 120086,
        "total_ios" : 4120,
        "short_ios" : 0,
        "drop_ios" : 0,
        "slat_ns" : {
          "min" : 111859,
          "max" : 686524,
          "mean" : 373911.106553,
          "stddev" : 164107.470362
        },
        "clat_ns" : {
          "min" : 12316405,
          "max" : 159174339,
          "mean" : 41468310.035922,
          "stddev" : 16715405.045493,
          "percentile" : {
            "1.000000" : 16056320,
            "5.000000" : 20054016,
            "10.000000" : 22151168,
            "20.000000" : 26345472,
            "30.000000" : 31064064,
            "40.000000" : 35389440,
            "50.000000" : 39583744,
            "60.000000" : 43253760,
            "70.000000" : 47972352,
            "80.000000" : 53739520,
            "90.000000" : 62652416,
            "95.000000" : 71827456,
            "99.000000" : 92798976,
            "99.500000" : 104333312,
            "99.900000" : 123207680,
            "99.950000" : 131596288,
            "99.990000" : 158334976
          }
        },
        "lat_ns" : {
          "min" : 12598874,
          "max" : 159449396,
          "mean" : 41842634.389320,
          "stddev" : 16709260.177091
        },
        "bw_min" : 32768,
        "bw_max" : 118784,
        "bw_agg" : 100.000000,
        "bw_mean" : 70287.658333,
        "bw_dev" : 14658.488953,
        "bw_samples" : 240,
        "iops_min" : 16,
        "iops_max" : 58,
        "iops_mean" : 34.258333,
        "iops_stddev" : 7.144645,
        "iops_samples" : 240
      },
      "write" : {
        "io_bytes" : 8879341568,
        "io_kbytes" : 8671232,
        "bw_bytes" : 73941521,
        "bw" : 72208,
        "iops" : 35.258065,
        "runtime" : 120086,
        "total_ios" : 4234,
        "short_ios" : 0,
        "drop_ios" : 0,
        "slat_ns" : {
          "min" : 122059,
          "max" : 1072313,
          "mean" : 448839.696504,
          "stddev" : 174303.694077
        },
        "clat_ns" : {
          "min" : 9705566,
          "max" : 988597485,
          "mean" : 72254696.589750,
          "stddev" : 73458776.125173,
          "percentile" : {
            "1.000000" : 14352384,
            "5.000000" : 18219008,
            "10.000000" : 21102592,
            "20.000000" : 28442624,
            "30.000000" : 36962304,
            "40.000000" : 44826624,
            "50.000000" : 51642368,
            "60.000000" : 59506688,
            "70.000000" : 71827456,
            "80.000000" : 92798976,
            "90.000000" : 141557760,
            "95.000000" : 202375168,
            "99.000000" : 383778816,
            "99.500000" : 467664896,
            "99.900000" : 683671552,
            "99.950000" : 775946240,
            "99.990000" : 985661440
          }
        },
        "lat_ns" : {
          "min" : 10413307,
          "max" : 988947505,
          "mean" : 72703944.257204,
          "stddev" : 73461171.325789
        },
        "bw_min" : 28672,
        "bw_max" : 106496,
        "bw_agg" : 99.988881,
        "bw_mean" : 72199.970833,
        "bw_dev" : 12235.680270,
        "bw_samples" : 240,
        "iops_min" : 14,
        "iops_max" : 52,
        "iops_mean" : 35.191667,
        "iops_stddev" : 6.001110,
        "iops_samples" : 240
      },
      "trim" : {
        "io_bytes" : 0,
        "io_kbytes" : 0,
        "bw_bytes" : 0,
        "bw" : 0,
        "iops" : 0.000000,
        "runtime" : 0,
        "total_ios" : 0,
        "short_ios" : 0,
        "drop_ios" : 0,
        "slat_ns" : {
          "min" : 0,
          "max" : 0,
          "mean" : 0.000000,
          "stddev" : 0.000000
        },
        "clat_ns" : {
          "min" : 0,
          "max" : 0,
          "mean" : 0.000000,
          "stddev" : 0.000000,
          "percentile" : {
            "1.000000" : 0,
            "5.000000" : 0,
            "10.000000" : 0,
            "20.000000" : 0,
            "30.000000" : 0,
            "40.000000" : 0,
            "50.000000" : 0,
            "60.000000" : 0,
            "70.000000" : 0,
            "80.000000" : 0,
            "90.000000" : 0,
            "95.000000" : 0,
            "99.000000" : 0,
            "99.500000" : 0,
            "99.900000" : 0,
            "99.950000" : 0,
            "99.990000" : 0
          }
        },
        "lat_ns" : {
          "min" : 0,
          "max" : 0,
          "mean" : 0.000000,
          "stddev" : 0.000000
        },
        "bw_min" : 0,
        "bw_max" : 0,
        "bw_agg" : 0.000000,
        "bw_mean" : 0.000000,
        "bw_dev" : 0.000000,
        "bw_samples" : 0,
        "iops_min" : 0,
        "iops_max" : 0,
        "iops_mean" : 0.000000,
        "iops_stddev" : 0.000000,
        "iops_samples" : 0
      },
      "sync" : {
        "lat_ns" : {
          "min" : 0,
          "max" : 0,
          "mean" : 0.000000,
          "stddev" : 0.000000,
          "percentile" : {
            "1.000000" : 0,
            "5.000000" : 0,
            "10.000000" : 0,
            "20.000000" : 0,
            "30.000000" : 0,
            "40.000000" : 0,
            "50.000000" : 0,
            "60.000000" : 0,
            "70.000000" : 0,
            "80.000000" : 0,
            "90.000000" : 0,
            "95.000000" : 0,
            "99.000000" : 0,
            "99.500000" : 0,
            "99.900000" : 0,
            "99.950000" : 0,
            "99.990000" : 0
          }
        },
        "total_ios" : 0
      },
      "usr_cpu" : 0.532956,
      "sys_cpu" : 2.534038,
      "ctx" : 8251,
      "majf" : 0,
      "minf" : 1500,
      "iodepth_level" : {
        "1" : 0.100000,
        "2" : 0.100000,
        "4" : 99.964089,
        "8" : 0.000000,
        "16" : 0.000000,
        "32" : 0.000000,
        ">=64" : 0.000000
      },
      "latency_ns" : {
        "2" : 0.000000,
        "4" : 0.000000,
        "10" : 0.000000,
        "20" : 0.000000,
        "50" : 0.000000,
        "100" : 0.000000,
        "250" : 0.000000,
        "500" : 0.000000,
        "750" : 0.000000,
        "1000" : 0.000000
      },
      "latency_us" : {
        "2" : 0.000000,
        "4" : 0.000000,
        "10" : 0.000000,
        "20" : 0.000000,
        "50" : 0.000000,
        "100" : 0.000000,
        "250" : 0.000000,
        "500" : 0.000000,
        "750" : 0.000000,
        "1000" : 0.000000
      },
      "latency_ms" : {
        "2" : 0.000000,
        "4" : 0.000000,
        "10" : 0.011970,
        "20" : 6.691405,
        "50" : 54.189610,
        "100" : 29.782140,
        "250" : 7.601149,
        "500" : 1.532200,
        "750" : 0.143644,
        "1000" : 0.047881,
        "2000" : 0.000000,
        ">=2000" : 0.000000
      },
      "latency_depth" : 4,
      "latency_target" : 0,
      "latency_percentile" : 100.000000,
      "latency_window" : 0
    }
  ]
}
