{
  "fio version" : "fio-3.7",
  "timestamp" : 1590205110,
  "timestamp_ms" : 1590205110233,
  "time" : "Fri May 22 21:38:30 2020",
  "global options" : {
    "filename" : "/dev/sgt_vg_data_008/MACH2_data_008_1048576k",
    "rw" : "randrw",
    "ioengine" : "libaio",
    "iodepth" : "4",
    "numjobs" : "1",
    "direct" : "1",
    "random_generator" : "tausworthe64",
    "runtime" : "120"
  },
  "jobs" : [
    {
      "jobname" : "randrw-2048k",
      "groupid" : 0,
      "error" : 0,
      "eta" : 0,
      "elapsed" : 121,
      "job options" : {
        "name" : "randrw-2048k",
        "bs" : "2048k"
      },
      "read" : {
        "io_bytes" : 8560574464,
        "io_kbytes" : 8359936,
        "bw_bytes" : 71277534,
        "bw" : 69606,
        "iops" : 33.987777,
        "runtime" : 120102,
        "total_ios" : 4082,
        "short_ios" : 0,
        "drop_ios" : 0,
        "slat_ns" : {
          "min" : 117597,
          "max" : 696122,
          "mean" : 374663.381431,
          "stddev" : 161362.657296
        },
        "clat_ns" : {
          "min" : 12036570,
          "max" : 151778272,
          "mean" : 41038578.962029,
          "stddev" : 17150777.999669,
          "percentile" : {
            "1.000000" : 16318464,
            "5.000000" : 19529728,
            "10.000000" : 22151168,
            "20.000000" : 26345472,
            "30.000000" : 30539776,
            "40.000000" : 34865152,
            "50.000000" : 38535168,
            "60.000000" : 42729472,
            "70.000000" : 46923776,
            "80.000000" : 52690944,
            "90.000000" : 61603840,
            "95.000000" : 70778880,
            "99.000000" : 99090432,
            "99.500000" : 113770496,
            "99.900000" : 135266304,
            "99.950000" : 145752064,
            "99.990000" : 152043520
          }
        },
        "lat_ns" : {
          "min" : 12591921,
          "max" : 152373886,
          "mean" : 41413657.795198,
          "stddev" : 17146424.907105
        },
        "bw_min" : 32768,
        "bw_max" : 102400,
        "bw_agg" : 100.000000,
        "bw_mean" : 69635.741667,
        "bw_dev" : 13274.238970,
        "bw_samples" : 240,
        "iops_min" : 16,
        "iops_max" : 50,
        "iops_mean" : 33.904167,
        "iops_stddev" : 6.532441,
        "iops_samples" : 240
      },
      "write" : {
        "io_bytes" : 8772386816,
        "io_kbytes" : 8566784,
        "bw_bytes" : 73041138,
        "bw" : 71329,
        "iops" : 34.828729,
        "runtime" : 120102,
        "total_ios" : 4183,
        "short_ios" : 0,
        "drop_ios" : 0,
        "slat_ns" : {
          "min" : 142741,
          "max" : 4001692,
          "mean" : 444382.566579,
          "stddev" : 179124.385009
        },
        "clat_ns" : {
          "min" : 7865030,
          "max" : 1058857652,
          "mean" : 73953711.410471,
          "stddev" : 77654570.640208,
          "percentile" : {
            "1.000000" : 13959168,
            "5.000000" : 17956864,
            "10.000000" : 21102592,
            "20.000000" : 27394048,
            "30.000000" : 35913728,
            "40.000000" : 43778048,
            "50.000000" : 51118080,
            "60.000000" : 59506688,
            "70.000000" : 71827456,
            "80.000000" : 96993280,
            "90.000000" : 147849216,
            "95.000000" : 212860928,
            "99.000000" : 413138944,
            "99.500000" : 549453824,
            "99.900000" : 650117120,
            "99.950000" : 700448768,
            "99.990000" : 1061158912
          }
        },
        "lat_ns" : {
          "min" : 8128809,
          "max" : 1059161240,
          "mean" : 74398464.463065,
          "stddev" : 77654993.423785
        },
        "bw_min" : 36790,
        "bw_max" : 98304,
        "bw_agg" : 99.991997,
        "bw_mean" : 71323.291667,
        "bw_dev" : 12216.844308,
        "bw_samples" : 240,
        "iops_min" : 17,
        "iops_max" : 48,
        "iops_mean" : 34.729167,
        "iops_stddev" : 5.955693,
        "iops_samples" : 240
      },
      "trim" : {
        "io_bytes" : 0,
        "io_kbytes" : 0,
        "bw_bytes" : 0,
        "bw" : 0,
        "iops" : 0.000000,
        "runtime" : 0,
        "total_ios" : 0,
        "short_ios" : 0,
        "drop_ios" : 0,
        "slat_ns" : {
          "min" : 0,
          "max" : 0,
          "mean" : 0.000000,
          "stddev" : 0.000000
        },
        "clat_ns" : {
          "min" : 0,
          "max" : 0,
          "mean" : 0.000000,
          "stddev" : 0.000000,
          "percentile" : {
            "1.000000" : 0,
            "5.000000" : 0,
            "10.000000" : 0,
            "20.000000" : 0,
            "30.000000" : 0,
            "40.000000" : 0,
            "50.000000" : 0,
            "60.000000" : 0,
            "70.000000" : 0,
            "80.000000" : 0,
            "90.000000" : 0,
            "95.000000" : 0,
            "99.000000" : 0,
            "99.500000" : 0,
            "99.900000" : 0,
            "99.950000" : 0,
            "99.990000" : 0
          }
        },
        "lat_ns" : {
          "min" : 0,
          "max" : 0,
          "mean" : 0.000000,
          "stddev" : 0.000000
        },
        "bw_min" : 0,
        "bw_max" : 0,
        "bw_agg" : 0.000000,
        "bw_mean" : 0.000000,
        "bw_dev" : 0.000000,
        "bw_samples" : 0,
        "iops_min" : 0,
        "iops_max" : 0,
        "iops_mean" : 0.000000,
        "iops_stddev" : 0.000000,
        "iops_samples" : 0
      },
      "sync" : {
        "lat_ns" : {
          "min" : 0,
          "max" : 0,
          "mean" : 0.000000,
          "stddev" : 0.000000,
          "percentile" : {
            "1.000000" : 0,
            "5.000000" : 0,
            "10.000000" : 0,
            "20.000000" : 0,
            "30.000000" : 0,
            "40.000000" : 0,
            "50.000000" : 0,
            "60.000000" : 0,
            "70.000000" : 0,
            "80.000000" : 0,
            "90.000000" : 0,
            "95.000000" : 0,
            "99.000000" : 0,
            "99.500000" : 0,
            "99.900000" : 0,
            "99.950000" : 0,
            "99.990000" : 0
          }
        },
        "total_ios" : 0
      },
      "usr_cpu" : 0.512902,
      "sys_cpu" : 2.501228,
      "ctx" : 8163,
      "majf" : 0,
      "minf" : 1498,
      "iodepth_level" : {
        "1" : 0.100000,
        "2" : 0.100000,
        "4" : 99.963702,
        "8" : 0.000000,
        "16" : 0.000000,
        "32" : 0.000000,
        ">=64" : 0.000000
      },
      "latency_ns" : {
        "2" : 0.000000,
        "4" : 0.000000,
        "10" : 0.000000,
        "20" : 0.000000,
        "50" : 0.000000,
        "100" : 0.000000,
        "250" : 0.000000,
        "500" : 0.000000,
        "750" : 0.000000,
        "1000" : 0.000000
      },
      "latency_us" : {
        "2" : 0.000000,
        "4" : 0.000000,
        "10" : 0.000000,
        "20" : 0.000000,
        "50" : 0.000000,
        "100" : 0.000000,
        "250" : 0.000000,
        "500" : 0.000000,
        "750" : 0.000000,
        "1000" : 0.000000
      },
      "latency_ms" : {
        "2" : 0.000000,
        "4" : 0.000000,
        "10" : 0.072595,
        "20" : 7.174834,
        "50" : 54.531155,
        "100" : 28.058076,
        "250" : 8.372656,
        "500" : 1.451906,
        "750" : 0.326679,
        "1000" : 0.000000,
        "2000" : 0.000000,
        ">=2000" : 0.000000
      },
      "latency_depth" : 4,
      "latency_target" : 0,
      "latency_percentile" : 100.000000,
      "latency_window" : 0
    }
  ]
}
