{
  "fio version" : "fio-3.7",
  "timestamp" : 1590202801,
  "timestamp_ms" : 1590202801707,
  "time" : "Fri May 22 21:00:01 2020",
  "global options" : {
    "filename" : "/dev/sgt_vg_data_006/MACH2_data_006_262144k",
    "rw" : "randrw",
    "ioengine" : "libaio",
    "iodepth" : "8",
    "numjobs" : "1",
    "direct" : "1",
    "random_generator" : "tausworthe64",
    "runtime" : "120"
  },
  "jobs" : [
    {
      "jobname" : "randrw-512k",
      "groupid" : 0,
      "error" : 0,
      "eta" : 0,
      "elapsed" : 121,
      "job options" : {
        "name" : "randrw-512k",
        "bs" : "512k"
      },
      "read" : {
        "io_bytes" : 5783420928,
        "io_kbytes" : 5647872,
        "bw_bytes" : 48170286,
        "bw" : 47041,
        "iops" : 91.877530,
        "runtime" : 120062,
        "total_ios" : 11031,
        "short_ios" : 0,
        "drop_ios" : 0,
        "slat_ns" : {
          "min" : 25265,
          "max" : 737875,
          "mean" : 115155.727586,
          "stddev" : 45945.531145
        },
        "clat_ns" : {
          "min" : 4291252,
          "max" : 786626195,
          "mean" : 62466239.202701,
          "stddev" : 59246290.019208,
          "percentile" : {
            "1.000000" : 8454144,
            "5.000000" : 11599872,
            "10.000000" : 14745600,
            "20.000000" : 20316160,
            "30.000000" : 26345472,
            "40.000000" : 33816576,
            "50.000000" : 42729472,
            "60.000000" : 54263808,
            "70.000000" : 70778880,
            "80.000000" : 94896128,
            "90.000000" : 135266304,
            "95.000000" : 177209344,
            "99.000000" : 283115520,
            "99.500000" : 341835776,
            "99.900000" : 467664896,
            "99.950000" : 522190848,
            "99.990000" : 725614592
          }
        },
        "lat_ns" : {
          "min" : 4458649,
          "max" : 786732415,
          "mean" : 62581900.555163,
          "stddev" : 59245521.133987
        },
        "bw_min" : 34816,
        "bw_max" : 61440,
        "bw_agg" : 99.954162,
        "bw_mean" : 47019.437500,
        "bw_dev" : 5196.718609,
        "bw_samples" : 240,
        "iops_min" : 68,
        "iops_max" : 120,
        "iops_mean" : 91.733333,
        "iops_stddev" : 10.140629,
        "iops_samples" : 240
      },
      "write" : {
        "io_bytes" : 5745147904,
        "io_kbytes" : 5610496,
        "bw_bytes" : 47851509,
        "bw" : 46729,
        "iops" : 91.269511,
        "runtime" : 120062,
        "total_ios" : 10958,
        "short_ios" : 0,
        "drop_ios" : 0,
        "slat_ns" : {
          "min" : 25377,
          "max" : 734610,
          "mean" : 139081.420332,
          "stddev" : 54001.773738
        },
        "clat_ns" : {
          "min" : 598759,
          "max" : 317641019,
          "mean" : 24494934.879084,
          "stddev" : 23176480.025835,
          "percentile" : {
            "1.000000" : 659456,
            "5.000000" : 749568,
            "10.000000" : 905216,
            "20.000000" : 1236992,
            "30.000000" : 6324224,
            "40.000000" : 15269888,
            "50.000000" : 21102592,
            "60.000000" : 27131904,
            "70.000000" : 33161216,
            "80.000000" : 40632320,
            "90.000000" : 53739520,
            "95.000000" : 67633152,
            "99.000000" : 96993280,
            "99.500000" : 108527616,
            "99.900000" : 145752064,
            "99.950000" : 156237824,
            "99.990000" : 267386880
          }
        },
        "lat_ns" : {
          "min" : 630242,
          "max" : 317845876,
          "mean" : 24634529.581128,
          "stddev" : 23176246.120577
        },
        "bw_min" : 32702,
        "bw_max" : 60416,
        "bw_agg" : 100.000000,
        "bw_mean" : 46742.404167,
        "bw_dev" : 5836.915728,
        "bw_samples" : 240,
        "iops_min" : 63,
        "iops_max" : 118,
        "iops_mean" : 91.191667,
        "iops_stddev" : 11.408208,
        "iops_samples" : 240
      },
      "trim" : {
        "io_bytes" : 0,
        "io_kbytes" : 0,
        "bw_bytes" : 0,
        "bw" : 0,
        "iops" : 0.000000,
        "runtime" : 0,
        "total_ios" : 0,
        "short_ios" : 0,
        "drop_ios" : 0,
        "slat_ns" : {
          "min" : 0,
          "max" : 0,
          "mean" : 0.000000,
          "stddev" : 0.000000
        },
        "clat_ns" : {
          "min" : 0,
          "max" : 0,
          "mean" : 0.000000,
          "stddev" : 0.000000,
          "percentile" : {
            "1.000000" : 0,
            "5.000000" : 0,
            "10.000000" : 0,
            "20.000000" : 0,
            "30.000000" : 0,
            "40.000000" : 0,
            "50.000000" : 0,
            "60.000000" : 0,
            "70.000000" : 0,
            "80.000000" : 0,
            "90.000000" : 0,
            "95.000000" : 0,
            "99.000000" : 0,
            "99.500000" : 0,
            "99.900000" : 0,
            "99.950000" : 0,
            "99.990000" : 0
          }
        },
        "lat_ns" : {
          "min" : 0,
          "max" : 0,
          "mean" : 0.000000,
          "stddev" : 0.000000
        },
        "bw_min" : 0,
        "bw_max" : 0,
        "bw_agg" : 0.000000,
        "bw_mean" : 0.000000,
        "bw_dev" : 0.000000,
        "bw_samples" : 0,
        "iops_min" : 0,
        "iops_max" : 0,
        "iops_mean" : 0.000000,
        "iops_stddev" : 0.000000,
        "iops_samples" : 0
      },
      "sync" : {
        "lat_ns" : {
          "min" : 0,
          "max" : 0,
          "mean" : 0.000000,
          "stddev" : 0.000000,
          "percentile" : {
            "1.000000" : 0,
            "5.000000" : 0,
            "10.000000" : 0,
            "20.000000" : 0,
            "30.000000" : 0,
            "40.000000" : 0,
            "50.000000" : 0,
            "60.000000" : 0,
            "70.000000" : 0,
            "80.000000" : 0,
            "90.000000" : 0,
            "95.000000" : 0,
            "99.000000" : 0,
            "99.500000" : 0,
            "99.900000" : 0,
            "99.950000" : 0,
            "99.990000" : 0
          }
        },
        "total_ios" : 0
      },
      "usr_cpu" : 0.570543,
      "sys_cpu" : 2.318821,
      "ctx" : 21564,
      "majf" : 0,
      "minf" : 2717,
      "iodepth_level" : {
        "1" : 0.100000,
        "2" : 0.100000,
        "4" : 0.100000,
        "8" : 99.968166,
        "16" : 0.000000,
        "32" : 0.000000,
        ">=64" : 0.000000
      },
      "latency_ns" : {
        "2" : 0.000000,
        "4" : 0.000000,
        "10" : 0.000000,
        "20" : 0.000000,
        "50" : 0.000000,
        "100" : 0.000000,
        "250" : 0.000000,
        "500" : 0.000000,
        "750" : 0.000000,
        "1000" : 0.000000
      },
      "latency_us" : {
        "2" : 0.000000,
        "4" : 0.000000,
        "10" : 0.000000,
        "20" : 0.000000,
        "50" : 0.000000,
        "100" : 0.000000,
        "250" : 0.000000,
        "500" : 0.000000,
        "750" : 2.546728,
        "1000" : 4.215744
      },
      "latency_ms" : {
        "2" : 5.743781,
        "4" : 1.400700,
        "10" : 4.406749,
        "20" : 15.321297,
        "50" : 38.396471,
        "100" : 18.413752,
        "250" : 8.713448,
        "500" : 0.804948,
        "750" : 0.031834,
        "1000" : 0.010000,
        "2000" : 0.000000,
        ">=2000" : 0.000000
      },
      "latency_depth" : 8,
      "latency_target" : 0,
      "latency_percentile" : 100.000000,
      "latency_window" : 0
    }
  ]
}
