{
  "fio version" : "fio-3.7",
  "timestamp" : 1590215774,
  "timestamp_ms" : 1590215774058,
  "time" : "Sat May 23 00:36:14 2020",
  "global options" : {
    "filename" : "/dev/sgt_vg_data_004/MACH2_data_004_65536k",
    "rw" : "randread",
    "ioengine" : "libaio",
    "iodepth" : "1024",
    "numjobs" : "1",
    "direct" : "1",
    "random_generator" : "tausworthe64",
    "runtime" : "120"
  },
  "jobs" : [
    {
      "jobname" : "randread-512k",
      "groupid" : 0,
      "error" : 0,
      "eta" : 0,
      "elapsed" : 122,
      "job options" : {
        "name" : "randread-512k",
        "bs" : "512k"
      },
      "read" : {
        "io_bytes" : 15405678592,
        "io_kbytes" : 15044608,
        "bw_bytes" : 127187214,
        "bw" : 124206,
        "iops" : 242.590360,
        "runtime" : 121126,
        "total_ios" : 29384,
        "short_ios" : 0,
        "drop_ios" : 0,
        "slat_ns" : {
          "min" : 26786,
          "max" : 389558561,
          "mean" : 4083418.148822,
          "stddev" : 24680424.567654
        },
        "clat_ns" : {
          "min" : 1087630456,
          "max" : 7432854268,
          "mean" : 4173335345.650588,
          "stddev" : 471593737.414972,
          "percentile" : {
            "1.000000" : 2298478592,
            "5.000000" : 3607101440,
            "10.000000" : 3707764736,
            "20.000000" : 3875536896,
            "30.000000" : 3976200192,
            "40.000000" : 4076863488,
            "50.000000" : 4177526784,
            "60.000000" : 4278190080,
            "70.000000" : 4328521728,
            "80.000000" : 4462739456,
            "90.000000" : 4664066048,
            "95.000000" : 4865392640,
            "99.000000" : 5402263552,
            "99.500000" : 5670699008,
            "99.900000" : 6207569920,
            "99.950000" : 6274678784,
            "99.990000" : 7281311744
          }
        },
        "lat_ns" : {
          "min" : 1191728430,
          "max" : 7432899215,
          "mean" : 4177418822.880274,
          "stddev" : 471872202.041621
        },
        "bw_min" : 1024,
        "bw_max" : 196608,
        "bw_agg" : 99.473455,
        "bw_mean" : 123552.000000,
        "bw_dev" : 26909.926952,
        "bw_samples" : 235,
        "iops_min" : 2,
        "iops_max" : 384,
        "iops_mean" : 241.251064,
        "iops_stddev" : 52.568563,
        "iops_samples" : 235
      },
      "write" : {
        "io_bytes" : 0,
        "io_kbytes" : 0,
        "bw_bytes" : 0,
        "bw" : 0,
        "iops" : 0.000000,
        "runtime" : 0,
        "total_ios" : 0,
        "short_ios" : 0,
        "drop_ios" : 0,
        "slat_ns" : {
          "min" : 0,
          "max" : 0,
          "mean" : 0.000000,
          "stddev" : 0.000000
        },
        "clat_ns" : {
          "min" : 0,
          "max" : 0,
          "mean" : 0.000000,
          "stddev" : 0.000000,
          "percentile" : {
            "1.000000" : 0,
            "5.000000" : 0,
            "10.000000" : 0,
            "20.000000" : 0,
            "30.000000" : 0,
            "40.000000" : 0,
            "50.000000" : 0,
            "60.000000" : 0,
            "70.000000" : 0,
            "80.000000" : 0,
            "90.000000" : 0,
            "95.000000" : 0,
            "99.000000" : 0,
            "99.500000" : 0,
            "99.900000" : 0,
            "99.950000" : 0,
            "99.990000" : 0
          }
        },
        "lat_ns" : {
          "min" : 0,
          "max" : 0,
          "mean" : 0.000000,
          "stddev" : 0.000000
        },
        "bw_min" : 0,
        "bw_max" : 0,
        "bw_agg" : 0.000000,
        "bw_mean" : 0.000000,
        "bw_dev" : 0.000000,
        "bw_samples" : 0,
        "iops_min" : 0,
        "iops_max" : 0,
        "iops_mean" : 0.000000,
        "iops_stddev" : 0.000000,
        "iops_samples" : 0
      },
      "trim" : {
        "io_bytes" : 0,
        "io_kbytes" : 0,
        "bw_bytes" : 0,
        "bw" : 0,
        "iops" : 0.000000,
        "runtime" : 0,
        "total_ios" : 0,
        "short_ios" : 0,
        "drop_ios" : 0,
        "slat_ns" : {
          "min" : 0,
          "max" : 0,
          "mean" : 0.000000,
          "stddev" : 0.000000
        },
        "clat_ns" : {
          "min" : 0,
          "max" : 0,
          "mean" : 0.000000,
          "stddev" : 0.000000,
          "percentile" : {
            "1.000000" : 0,
            "5.000000" : 0,
            "10.000000" : 0,
            "20.000000" : 0,
            "30.000000" : 0,
            "40.000000" : 0,
            "50.000000" : 0,
            "60.000000" : 0,
            "70.000000" : 0,
            "80.000000" : 0,
            "90.000000" : 0,
            "95.000000" : 0,
            "99.000000" : 0,
            "99.500000" : 0,
            "99.900000" : 0,
            "99.950000" : 0,
            "99.990000" : 0
          }
        },
        "lat_ns" : {
          "min" : 0,
          "max" : 0,
          "mean" : 0.000000,
          "stddev" : 0.000000
        },
        "bw_min" : 0,
        "bw_max" : 0,
        "bw_agg" : 0.000000,
        "bw_mean" : 0.000000,
        "bw_dev" : 0.000000,
        "bw_samples" : 0,
        "iops_min" : 0,
        "iops_max" : 0,
        "iops_mean" : 0.000000,
        "iops_stddev" : 0.000000,
        "iops_samples" : 0
      },
      "sync" : {
        "lat_ns" : {
          "min" : 0,
          "max" : 0,
          "mean" : 0.000000,
          "stddev" : 0.000000,
          "percentile" : {
            "1.000000" : 0,
            "5.000000" : 0,
            "10.000000" : 0,
            "20.000000" : 0,
            "30.000000" : 0,
            "40.000000" : 0,
            "50.000000" : 0,
            "60.000000" : 0,
            "70.000000" : 0,
            "80.000000" : 0,
            "90.000000" : 0,
            "95.000000" : 0,
            "99.000000" : 0,
            "99.500000" : 0,
            "99.900000" : 0,
            "99.950000" : 0,
            "99.990000" : 0
          }
        },
        "total_ios" : 0
      },
      "usr_cpu" : 0.037977,
      "sys_cpu" : 1.391125,
      "ctx" : 1113,
      "majf" : 0,
      "minf" : 2305,
      "iodepth_level" : {
        "1" : 0.100000,
        "2" : 0.100000,
        "4" : 0.100000,
        "8" : 0.100000,
        "16" : 0.100000,
        "32" : 0.108903,
        ">=64" : 99.785598
      },
      "latency_ns" : {
        "2" : 0.000000,
        "4" : 0.000000,
        "10" : 0.000000,
        "20" : 0.000000,
        "50" : 0.000000,
        "100" : 0.000000,
        "250" : 0.000000,
        "500" : 0.000000,
        "750" : 0.000000,
        "1000" : 0.000000
      },
      "latency_us" : {
        "2" : 0.000000,
        "4" : 0.000000,
        "10" : 0.000000,
        "20" : 0.000000,
        "50" : 0.000000,
        "100" : 0.000000,
        "250" : 0.000000,
        "500" : 0.000000,
        "750" : 0.000000,
        "1000" : 0.000000
      },
      "latency_ms" : {
        "2" : 0.000000,
        "4" : 0.000000,
        "10" : 0.000000,
        "20" : 0.000000,
        "50" : 0.000000,
        "100" : 0.000000,
        "250" : 0.000000,
        "500" : 0.000000,
        "750" : 0.000000,
        "1000" : 0.000000,
        "2000" : 0.000000,
        ">=2000" : 0.000000
      },
      "latency_depth" : 1024,
      "latency_target" : 0,
      "latency_percentile" : 100.000000,
      "latency_window" : 0
    }
  ]
}
