{
  "fio version" : "fio-3.7",
  "timestamp" : 1590197236,
  "timestamp_ms" : 1590197236984,
  "time" : "Fri May 22 19:27:16 2020",
  "global options" : {
    "filename" : "/dev/sgt_vg_data_008/MACH2_data_008_1048576k",
    "rw" : "randrw",
    "ioengine" : "libaio",
    "iodepth" : "128",
    "numjobs" : "1",
    "direct" : "1",
    "random_generator" : "tausworthe64",
    "runtime" : "120"
  },
  "jobs" : [
    {
      "jobname" : "randrw-8k",
      "groupid" : 0,
      "error" : 0,
      "eta" : 0,
      "elapsed" : 121,
      "job options" : {
        "name" : "randrw-8k",
        "bs" : "8k"
      },
      "read" : {
        "io_bytes" : 206929920,
        "io_kbytes" : 202080,
        "bw_bytes" : 1717517,
        "bw" : 1677,
        "iops" : 209.657874,
        "runtime" : 120482,
        "total_ios" : 25260,
        "short_ios" : 0,
        "drop_ios" : 0,
        "slat_ns" : {
          "min" : 3719,
          "max" : 287863,
          "mean" : 27371.922961,
          "stddev" : 9203.215148
        },
        "clat_ns" : {
          "min" : 8196012,
          "max" : 2696135804,
          "mean" : 489733366.971021,
          "stddev" : 366957566.991016,
          "percentile" : {
            "1.000000" : 40108032,
            "5.000000" : 95944704,
            "10.000000" : 137363456,
            "20.000000" : 198180864,
            "30.000000" : 254803968,
            "40.000000" : 320864256,
            "50.000000" : 392167424,
            "60.000000" : 480247808,
            "70.000000" : 583008256,
            "80.000000" : 734003200,
            "90.000000" : 960495616,
            "95.000000" : 1199570944,
            "99.000000" : 1803550720,
            "99.500000" : 2071986176,
            "99.900000" : 2432696320,
            "99.950000" : 2533359616,
            "99.990000" : 2600468480
          }
        },
        "lat_ns" : {
          "min" : 8200381,
          "max" : 2696168140,
          "mean" : 489761293.925376,
          "stddev" : 366957675.551717
        },
        "bw_min" : 1184,
        "bw_max" : 2288,
        "bw_agg" : 99.964967,
        "bw_mean" : 1676.412500,
        "bw_dev" : 179.687830,
        "bw_samples" : 240,
        "iops_min" : 148,
        "iops_max" : 286,
        "iops_mean" : 209.491667,
        "iops_stddev" : 22.466152,
        "iops_samples" : 240
      },
      "write" : {
        "io_bytes" : 206618624,
        "io_kbytes" : 201776,
        "bw_bytes" : 1714933,
        "bw" : 1674,
        "iops" : 209.342474,
        "runtime" : 120482,
        "total_ios" : 25222,
        "short_ios" : 0,
        "drop_ios" : 0,
        "slat_ns" : {
          "min" : 4043,
          "max" : 70966,
          "mean" : 28000.154944,
          "stddev" : 9416.506998
        },
        "clat_ns" : {
          "min" : 136924,
          "max" : 1673538635,
          "mean" : 120776088.325351,
          "stddev" : 75357862.441541,
          "percentile" : {
            "1.000000" : 872448,
            "5.000000" : 7700480,
            "10.000000" : 25034752,
            "20.000000" : 56885248,
            "30.000000" : 78118912,
            "40.000000" : 96993280,
            "50.000000" : 113770496,
            "60.000000" : 132644864,
            "70.000000" : 152043520,
            "80.000000" : 179306496,
            "90.000000" : 219152384,
            "95.000000" : 256901120,
            "99.000000" : 325058560,
            "99.500000" : 346030080,
            "99.900000" : 387973120,
            "99.950000" : 608174080,
            "99.990000" : 775946240
          }
        },
        "lat_ns" : {
          "min" : 159217,
          "max" : 1673550809,
          "mean" : 120804657.489374,
          "stddev" : 75357869.136176
        },
        "bw_min" : 1328,
        "bw_max" : 3264,
        "bw_agg" : 100.000000,
        "bw_mean" : 1679.608333,
        "bw_dev" : 167.108378,
        "bw_samples" : 240,
        "iops_min" : 166,
        "iops_max" : 408,
        "iops_mean" : 209.891667,
        "iops_stddev" : 20.895154,
        "iops_samples" : 240
      },
      "trim" : {
        "io_bytes" : 0,
        "io_kbytes" : 0,
        "bw_bytes" : 0,
        "bw" : 0,
        "iops" : 0.000000,
        "runtime" : 0,
        "total_ios" : 0,
        "short_ios" : 0,
        "drop_ios" : 0,
        "slat_ns" : {
          "min" : 0,
          "max" : 0,
          "mean" : 0.000000,
          "stddev" : 0.000000
        },
        "clat_ns" : {
          "min" : 0,
          "max" : 0,
          "mean" : 0.000000,
          "stddev" : 0.000000,
          "percentile" : {
            "1.000000" : 0,
            "5.000000" : 0,
            "10.000000" : 0,
            "20.000000" : 0,
            "30.000000" : 0,
            "40.000000" : 0,
            "50.000000" : 0,
            "60.000000" : 0,
            "70.000000" : 0,
            "80.000000" : 0,
            "90.000000" : 0,
            "95.000000" : 0,
            "99.000000" : 0,
            "99.500000" : 0,
            "99.900000" : 0,
            "99.950000" : 0,
            "99.990000" : 0
          }
        },
        "lat_ns" : {
          "min" : 0,
          "max" : 0,
          "mean" : 0.000000,
          "stddev" : 0.000000
        },
        "bw_min" : 0,
        "bw_max" : 0,
        "bw_agg" : 0.000000,
        "bw_mean" : 0.000000,
        "bw_dev" : 0.000000,
        "bw_samples" : 0,
        "iops_min" : 0,
        "iops_max" : 0,
        "iops_mean" : 0.000000,
        "iops_stddev" : 0.000000,
        "iops_samples" : 0
      },
      "sync" : {
        "lat_ns" : {
          "min" : 0,
          "max" : 0,
          "mean" : 0.000000,
          "stddev" : 0.000000,
          "percentile" : {
            "1.000000" : 0,
            "5.000000" : 0,
            "10.000000" : 0,
            "20.000000" : 0,
            "30.000000" : 0,
            "40.000000" : 0,
            "50.000000" : 0,
            "60.000000" : 0,
            "70.000000" : 0,
            "80.000000" : 0,
            "90.000000" : 0,
            "95.000000" : 0,
            "99.000000" : 0,
            "99.500000" : 0,
            "99.900000" : 0,
            "99.950000" : 0,
            "99.990000" : 0
          }
        },
        "total_ios" : 0
      },
      "usr_cpu" : 0.636615,
      "sys_cpu" : 1.853404,
      "ctx" : 49874,
      "majf" : 0,
      "minf" : 1449,
      "iodepth_level" : {
        "1" : 0.100000,
        "2" : 0.100000,
        "4" : 0.100000,
        "8" : 0.100000,
        "16" : 0.100000,
        "32" : 0.100000,
        ">=64" : 99.875203
      },
      "latency_ns" : {
        "2" : 0.000000,
        "4" : 0.000000,
        "10" : 0.000000,
        "20" : 0.000000,
        "50" : 0.000000,
        "100" : 0.000000,
        "250" : 0.000000,
        "500" : 0.000000,
        "750" : 0.000000,
        "1000" : 0.000000
      },
      "latency_us" : {
        "2" : 0.000000,
        "4" : 0.000000,
        "10" : 0.000000,
        "20" : 0.000000,
        "50" : 0.000000,
        "100" : 0.000000,
        "250" : 0.124797,
        "500" : 0.255537,
        "750" : 0.079236,
        "1000" : 0.140644
      },
      "latency_ms" : {
        "2" : 0.471455,
        "4" : 0.758686,
        "10" : 0.998376,
        "20" : 1.515392,
        "50" : 5.138465,
        "100" : 14.104037,
        "250" : 38.221544,
        "500" : 19.058278,
        "750" : 9.583614,
        "1000" : 5.104790,
        "2000" : 0.000000,
        ">=2000" : 0.000000
      },
      "latency_depth" : 128,
      "latency_target" : 0,
      "latency_percentile" : 100.000000,
      "latency_window" : 0
    }
  ]
}
