{
  "fio version" : "fio-3.7",
  "timestamp" : 1589232521,
  "timestamp_ms" : 1589232521485,
  "time" : "Mon May 11 15:28:41 2020",
  "global options" : {
    "filename" : "/dev/sgt_vg_data_011/MACH2_data_011_8192k",
    "rw" : "randrw",
    "ioengine" : "libaio",
    "iodepth" : "64",
    "numjobs" : "1",
    "direct" : "1",
    "runtime" : "120"
  },
  "jobs" : [
    {
      "jobname" : "randrw-4096k",
      "groupid" : 0,
      "error" : 0,
      "eta" : 0,
      "elapsed" : 121,
      "job options" : {
        "name" : "randrw-4096k",
        "bs" : "4096k"
      },
      "read" : {
        "io_bytes" : 13887340544,
        "io_kbytes" : 13561856,
        "bw_bytes" : 115144439,
        "bw" : 112445,
        "iops" : 27.452574,
        "runtime" : 120608,
        "total_ios" : 3311,
        "short_ios" : 0,
        "drop_ios" : 0,
        "slat_ns" : {
          "min" : 310278,
          "max" : 287209270,
          "mean" : 17970088.793114,
          "stddev" : 40578407.770308
        },
        "clat_ns" : {
          "min" : 490772510,
          "max" : 2136863487,
          "mean" : 1025034946.267896,
          "stddev" : 168979075.252863,
          "percentile" : {
            "1.000000" : 641728512,
            "5.000000" : 750780416,
            "10.000000" : 817889280,
            "20.000000" : 884998144,
            "30.000000" : 943718400,
            "40.000000" : 985661440,
            "50.000000" : 1019215872,
            "60.000000" : 1061158912,
            "70.000000" : 1098907648,
            "80.000000" : 1149239296,
            "90.000000" : 1216348160,
            "95.000000" : 1283457024,
            "99.000000" : 1501560832,
            "99.500000" : 1602224128,
            "99.900000" : 1769996288,
            "99.950000" : 2071986176,
            "99.990000" : 2139095040
          }
        },
        "lat_ns" : {
          "min" : 491125325,
          "max" : 2213479648,
          "mean" : 1043005185.196315,
          "stddev" : 171924634.131772
        },
        "bw_min" : 32768,
        "bw_max" : 221184,
        "bw_agg" : 99.873162,
        "bw_mean" : 112302.376569,
        "bw_dev" : 31118.756489,
        "bw_samples" : 239,
        "iops_min" : 8,
        "iops_max" : 54,
        "iops_mean" : 27.338912,
        "iops_stddev" : 7.576930,
        "iops_samples" : 239
      },
      "write" : {
        "io_bytes" : 14407434240,
        "io_kbytes" : 14069760,
        "bw_bytes" : 119456704,
        "bw" : 116656,
        "iops" : 28.480698,
        "runtime" : 120608,
        "total_ios" : 3435,
        "short_ios" : 0,
        "drop_ios" : 0,
        "slat_ns" : {
          "min" : 439178,
          "max" : 259187063,
          "mean" : 17610397.724309,
          "stddev" : 38307874.076430
        },
        "clat_ns" : {
          "min" : 574324916,
          "max" : 3593926351,
          "mean" : 1221602068.355169,
          "stddev" : 355809469.821494,
          "percentile" : {
            "1.000000" : 708837376,
            "5.000000" : 826277888,
            "10.000000" : 893386752,
            "20.000000" : 968884224,
            "30.000000" : 1027604480,
            "40.000000" : 1082130432,
            "50.000000" : 1149239296,
            "60.000000" : 1199570944,
            "70.000000" : 1283457024,
            "80.000000" : 1400897536,
            "90.000000" : 1652555776,
            "95.000000" : 1904214016,
            "99.000000" : 2600468480,
            "99.500000" : 2936012800,
            "99.900000" : 3372220416,
            "99.950000" : 3372220416,
            "99.990000" : 3607101440
          }
        },
        "lat_ns" : {
          "min" : 574800435,
          "max" : 3594517344,
          "mean" : 1239212656.971179,
          "stddev" : 357365144.410581
        },
        "bw_min" : 8192,
        "bw_max" : 196608,
        "bw_agg" : 99.640810,
        "bw_mean" : 116236.983333,
        "bw_dev" : 30993.103966,
        "bw_samples" : 240,
        "iops_min" : 2,
        "iops_max" : 48,
        "iops_mean" : 28.300000,
        "iops_stddev" : 7.545233,
        "iops_samples" : 240
      },
      "trim" : {
        "io_bytes" : 0,
        "io_kbytes" : 0,
        "bw_bytes" : 0,
        "bw" : 0,
        "iops" : 0.000000,
        "runtime" : 0,
        "total_ios" : 0,
        "short_ios" : 0,
        "drop_ios" : 0,
        "slat_ns" : {
          "min" : 0,
          "max" : 0,
          "mean" : 0.000000,
          "stddev" : 0.000000
        },
        "clat_ns" : {
          "min" : 0,
          "max" : 0,
          "mean" : 0.000000,
          "stddev" : 0.000000,
          "percentile" : {
            "1.000000" : 0,
            "5.000000" : 0,
            "10.000000" : 0,
            "20.000000" : 0,
            "30.000000" : 0,
            "40.000000" : 0,
            "50.000000" : 0,
            "60.000000" : 0,
            "70.000000" : 0,
            "80.000000" : 0,
            "90.000000" : 0,
            "95.000000" : 0,
            "99.000000" : 0,
            "99.500000" : 0,
            "99.900000" : 0,
            "99.950000" : 0,
            "99.990000" : 0
          }
        },
        "lat_ns" : {
          "min" : 0,
          "max" : 0,
          "mean" : 0.000000,
          "stddev" : 0.000000
        },
        "bw_min" : 0,
        "bw_max" : 0,
        "bw_agg" : 0.000000,
        "bw_mean" : 0.000000,
        "bw_dev" : 0.000000,
        "bw_samples" : 0,
        "iops_min" : 0,
        "iops_max" : 0,
        "iops_mean" : 0.000000,
        "iops_stddev" : 0.000000,
        "iops_samples" : 0
      },
      "sync" : {
        "lat_ns" : {
          "min" : 0,
          "max" : 0,
          "mean" : 0.000000,
          "stddev" : 0.000000,
          "percentile" : {
            "1.000000" : 0,
            "5.000000" : 0,
            "10.000000" : 0,
            "20.000000" : 0,
            "30.000000" : 0,
            "40.000000" : 0,
            "50.000000" : 0,
            "60.000000" : 0,
            "70.000000" : 0,
            "80.000000" : 0,
            "90.000000" : 0,
            "95.000000" : 0,
            "99.000000" : 0,
            "99.500000" : 0,
            "99.900000" : 0,
            "99.950000" : 0,
            "99.990000" : 0
          }
        },
        "total_ios" : 0
      },
      "usr_cpu" : 0.655020,
      "sys_cpu" : 2.332369,
      "ctx" : 1425,
      "majf" : 0,
      "minf" : 1552,
      "iodepth_level" : {
        "1" : 0.100000,
        "2" : 0.100000,
        "4" : 0.100000,
        "8" : 0.118589,
        "16" : 0.237178,
        "32" : 0.474355,
        ">=64" : 99.066113
      },
      "latency_ns" : {
        "2" : 0.000000,
        "4" : 0.000000,
        "10" : 0.000000,
        "20" : 0.000000,
        "50" : 0.000000,
        "100" : 0.000000,
        "250" : 0.000000,
        "500" : 0.000000,
        "750" : 0.000000,
        "1000" : 0.000000
      },
      "latency_us" : {
        "2" : 0.000000,
        "4" : 0.000000,
        "10" : 0.000000,
        "20" : 0.000000,
        "50" : 0.000000,
        "100" : 0.000000,
        "250" : 0.000000,
        "500" : 0.000000,
        "750" : 0.000000,
        "1000" : 0.000000
      },
      "latency_ms" : {
        "2" : 0.000000,
        "4" : 0.000000,
        "10" : 0.000000,
        "20" : 0.000000,
        "50" : 0.000000,
        "100" : 0.000000,
        "250" : 0.000000,
        "500" : 0.029647,
        "750" : 3.409428,
        "1000" : 30.388378,
        "2000" : 0.000000,
        ">=2000" : 0.000000
      },
      "latency_depth" : 64,
      "latency_target" : 0,
      "latency_percentile" : 100.000000,
      "latency_window" : 0
    }
  ]
}
