{
  "fio version" : "fio-3.7",
  "timestamp" : 1589229246,
  "timestamp_ms" : 1589229246595,
  "time" : "Mon May 11 14:34:06 2020",
  "global options" : {
    "filename" : "/dev/sgt_vg_data_011/MACH2_data_011_8192k",
    "rw" : "randrw",
    "ioengine" : "libaio",
    "iodepth" : "512",
    "numjobs" : "1",
    "direct" : "1",
    "runtime" : "120"
  },
  "jobs" : [
    {
      "jobname" : "randrw-512k",
      "groupid" : 0,
      "error" : 0,
      "eta" : 0,
      "elapsed" : 122,
      "job options" : {
        "name" : "randrw-512k",
        "bs" : "512k"
      },
      "read" : {
        "io_bytes" : 7453802496,
        "io_kbytes" : 7279104,
        "bw_bytes" : 61419951,
        "bw" : 59980,
        "iops" : 117.149261,
        "runtime" : 121358,
        "total_ios" : 14217,
        "short_ios" : 0,
        "drop_ios" : 0,
        "slat_ns" : {
          "min" : 28558,
          "max" : 581999139,
          "mean" : 4093295.043258,
          "stddev" : 25755076.826626
        },
        "clat_ns" : {
          "min" : 1141483333,
          "max" : 4301205504,
          "mean" : 2134484606.773158,
          "stddev" : 330554708.416493,
          "percentile" : {
            "1.000000" : 1434451968,
            "5.000000" : 1635778560,
            "10.000000" : 1736441856,
            "20.000000" : 1870659584,
            "30.000000" : 1971322880,
            "40.000000" : 2038431744,
            "50.000000" : 2122317824,
            "60.000000" : 2197815296,
            "70.000000" : 2264924160,
            "80.000000" : 2365587456,
            "90.000000" : 2533359616,
            "95.000000" : 2701131776,
            "99.000000" : 3170893824,
            "99.500000" : 3305111552,
            "99.900000" : 3707764736,
            "99.950000" : 3841982464,
            "99.990000" : 4043309056
          }
        },
        "lat_ns" : {
          "min" : 1190487679,
          "max" : 4301251765,
          "mean" : 2138577973.554544,
          "stddev" : 331032551.867935
        },
        "bw_min" : 19456,
        "bw_max" : 101376,
        "bw_agg" : 100.000000,
        "bw_mean" : 60018.777311,
        "bw_dev" : 13853.363408,
        "bw_samples" : 238,
        "iops_min" : 38,
        "iops_max" : 198,
        "iops_mean" : 117.126050,
        "iops_stddev" : 27.088246,
        "iops_samples" : 238
      },
      "write" : {
        "io_bytes" : 7452753920,
        "io_kbytes" : 7278080,
        "bw_bytes" : 61411311,
        "bw" : 59971,
        "iops" : 117.132781,
        "runtime" : 121358,
        "total_ios" : 14215,
        "short_ios" : 0,
        "drop_ios" : 0,
        "slat_ns" : {
          "min" : 38484,
          "max" : 374893337,
          "mean" : 4359072.255857,
          "stddev" : 25503937.236031
        },
        "clat_ns" : {
          "min" : 1079414842,
          "max" : 3835747267,
          "mean" : 2218615264.971503,
          "stddev" : 316235830.008540,
          "percentile" : {
            "1.000000" : 1484783616,
            "5.000000" : 1719664640,
            "10.000000" : 1837105152,
            "20.000000" : 1971322880,
            "30.000000" : 2055208960,
            "40.000000" : 2164260864,
            "50.000000" : 2231369728,
            "60.000000" : 2298478592,
            "70.000000" : 2365587456,
            "80.000000" : 2466250752,
            "90.000000" : 2600468480,
            "95.000000" : 2734686208,
            "99.000000" : 3137339392,
            "99.500000" : 3238002688,
            "99.900000" : 3539992576,
            "99.950000" : 3674210304,
            "99.990000" : 3741319168
          }
        },
        "lat_ns" : {
          "min" : 1079473600,
          "max" : 3835821201,
          "mean" : 2222974416.394515,
          "stddev" : 316929879.005555
        },
        "bw_min" : 1024,
        "bw_max" : 96256,
        "bw_agg" : 99.766393,
        "bw_mean" : 59830.903766,
        "bw_dev" : 13633.188534,
        "bw_samples" : 239,
        "iops_min" : 2,
        "iops_max" : 188,
        "iops_mean" : 116.761506,
        "iops_stddev" : 26.630005,
        "iops_samples" : 239
      },
      "trim" : {
        "io_bytes" : 0,
        "io_kbytes" : 0,
        "bw_bytes" : 0,
        "bw" : 0,
        "iops" : 0.000000,
        "runtime" : 0,
        "total_ios" : 0,
        "short_ios" : 0,
        "drop_ios" : 0,
        "slat_ns" : {
          "min" : 0,
          "max" : 0,
          "mean" : 0.000000,
          "stddev" : 0.000000
        },
        "clat_ns" : {
          "min" : 0,
          "max" : 0,
          "mean" : 0.000000,
          "stddev" : 0.000000,
          "percentile" : {
            "1.000000" : 0,
            "5.000000" : 0,
            "10.000000" : 0,
            "20.000000" : 0,
            "30.000000" : 0,
            "40.000000" : 0,
            "50.000000" : 0,
            "60.000000" : 0,
            "70.000000" : 0,
            "80.000000" : 0,
            "90.000000" : 0,
            "95.000000" : 0,
            "99.000000" : 0,
            "99.500000" : 0,
            "99.900000" : 0,
            "99.950000" : 0,
            "99.990000" : 0
          }
        },
        "lat_ns" : {
          "min" : 0,
          "max" : 0,
          "mean" : 0.000000,
          "stddev" : 0.000000
        },
        "bw_min" : 0,
        "bw_max" : 0,
        "bw_agg" : 0.000000,
        "bw_mean" : 0.000000,
        "bw_dev" : 0.000000,
        "bw_samples" : 0,
        "iops_min" : 0,
        "iops_max" : 0,
        "iops_mean" : 0.000000,
        "iops_stddev" : 0.000000,
        "iops_samples" : 0
      },
      "sync" : {
        "lat_ns" : {
          "min" : 0,
          "max" : 0,
          "mean" : 0.000000,
          "stddev" : 0.000000,
          "percentile" : {
            "1.000000" : 0,
            "5.000000" : 0,
            "10.000000" : 0,
            "20.000000" : 0,
            "30.000000" : 0,
            "40.000000" : 0,
            "50.000000" : 0,
            "60.000000" : 0,
            "70.000000" : 0,
            "80.000000" : 0,
            "90.000000" : 0,
            "95.000000" : 0,
            "99.000000" : 0,
            "99.500000" : 0,
            "99.900000" : 0,
            "99.950000" : 0,
            "99.990000" : 0
          }
        },
        "total_ios" : 0
      },
      "usr_cpu" : 0.389759,
      "sys_cpu" : 1.265687,
      "ctx" : 1086,
      "majf" : 0,
      "minf" : 1058,
      "iodepth_level" : {
        "1" : 0.100000,
        "2" : 0.100000,
        "4" : 0.100000,
        "8" : 0.100000,
        "16" : 0.100000,
        "32" : 0.112549,
        ">=64" : 99.778419
      },
      "latency_ns" : {
        "2" : 0.000000,
        "4" : 0.000000,
        "10" : 0.000000,
        "20" : 0.000000,
        "50" : 0.000000,
        "100" : 0.000000,
        "250" : 0.000000,
        "500" : 0.000000,
        "750" : 0.000000,
        "1000" : 0.000000
      },
      "latency_us" : {
        "2" : 0.000000,
        "4" : 0.000000,
        "10" : 0.000000,
        "20" : 0.000000,
        "50" : 0.000000,
        "100" : 0.000000,
        "250" : 0.000000,
        "500" : 0.000000,
        "750" : 0.000000,
        "1000" : 0.000000
      },
      "latency_ms" : {
        "2" : 0.000000,
        "4" : 0.000000,
        "10" : 0.000000,
        "20" : 0.000000,
        "50" : 0.000000,
        "100" : 0.000000,
        "250" : 0.000000,
        "500" : 0.000000,
        "750" : 0.000000,
        "1000" : 0.000000,
        "2000" : 0.000000,
        ">=2000" : 0.000000
      },
      "latency_depth" : 512,
      "latency_target" : 0,
      "latency_percentile" : 100.000000,
      "latency_window" : 0
    }
  ]
}
