{
  "fio version" : "fio-3.7",
  "timestamp" : 1589232766,
  "timestamp_ms" : 1589232766113,
  "time" : "Mon May 11 15:32:46 2020",
  "global options" : {
    "filename" : "/dev/sgt_vg_data_009/MACH2_data_009_2048k",
    "rw" : "randrw",
    "ioengine" : "libaio",
    "iodepth" : "256",
    "numjobs" : "1",
    "direct" : "1",
    "runtime" : "120"
  },
  "jobs" : [
    {
      "jobname" : "randrw-4096k",
      "groupid" : 0,
      "error" : 0,
      "eta" : 0,
      "elapsed" : 122,
      "job options" : {
        "name" : "randrw-4096k",
        "bs" : "4096k"
      },
      "read" : {
        "io_bytes" : 11534336000,
        "io_kbytes" : 11264000,
        "bw_bytes" : 95400780,
        "bw" : 93164,
        "iops" : 22.745319,
        "runtime" : 120904,
        "total_ios" : 2750,
        "short_ios" : 0,
        "drop_ios" : 0,
        "slat_ns" : {
          "min" : 319898,
          "max" : 166322244,
          "mean" : 21866385.865455,
          "stddev" : 37503422.663458
        },
        "clat_ns" : {
          "min" : 893078123,
          "max" : 7786517290,
          "mean" : 5247157319.516733,
          "stddev" : 572643806.677308,
          "percentile" : {
            "1.000000" : 1988100096,
            "5.000000" : 4798283776,
            "10.000000" : 4932501504,
            "20.000000" : 5066719232,
            "30.000000" : 5133828096,
            "40.000000" : 5268045824,
            "50.000000" : 5335154688,
            "60.000000" : 5402263552,
            "70.000000" : 5469372416,
            "80.000000" : 5536481280,
            "90.000000" : 5670699008,
            "95.000000" : 5737807872,
            "99.000000" : 6073352192,
            "99.500000" : 6341787648,
            "99.900000" : 7079985152,
            "99.950000" : 7415529472,
            "99.990000" : 7818182656
          }
        },
        "lat_ns" : {
          "min" : 996359816,
          "max" : 7786870262,
          "mean" : 5269023925.699993,
          "stddev" : 572989189.681451
        },
        "bw_min" : 8192,
        "bw_max" : 163840,
        "bw_agg" : 100.000000,
        "bw_mean" : 93172.614719,
        "bw_dev" : 24811.926667,
        "bw_samples" : 231,
        "iops_min" : 2,
        "iops_max" : 40,
        "iops_mean" : 22.632035,
        "iops_stddev" : 6.027373,
        "iops_samples" : 231
      },
      "write" : {
        "io_bytes" : 12012486656,
        "io_kbytes" : 11730944,
        "bw_bytes" : 99355576,
        "bw" : 97026,
        "iops" : 23.688215,
        "runtime" : 120904,
        "total_ios" : 2864,
        "short_ios" : 0,
        "drop_ios" : 0,
        "slat_ns" : {
          "min" : 469651,
          "max" : 216805925,
          "mean" : 20900630.629539,
          "stddev" : 37375264.590736
        },
        "clat_ns" : {
          "min" : 996714487,
          "max" : 7760527214,
          "mean" : 5532404442.477294,
          "stddev" : 670467016.461016,
          "percentile" : {
            "1.000000" : 2164260864,
            "5.000000" : 4932501504,
            "10.000000" : 5066719232,
            "20.000000" : 5268045824,
            "30.000000" : 5335154688,
            "40.000000" : 5469372416,
            "50.000000" : 5536481280,
            "60.000000" : 5670699008,
            "70.000000" : 5737807872,
            "80.000000" : 5872025600,
            "90.000000" : 6140461056,
            "95.000000" : 6408896512,
            "99.000000" : 7012876288,
            "99.500000" : 7281311744,
            "99.900000" : 7683964928,
            "99.950000" : 7751073792,
            "99.990000" : 7751073792
          }
        },
        "lat_ns" : {
          "min" : 997378271,
          "max" : 7866814616,
          "mean" : 5553305301.136534,
          "stddev" : 670551543.241491
        },
        "bw_min" : 24576,
        "bw_max" : 163840,
        "bw_agg" : 100.000000,
        "bw_mean" : 97248.921739,
        "bw_dev" : 25014.668759,
        "bw_samples" : 230,
        "iops_min" : 6,
        "iops_max" : 40,
        "iops_mean" : 23.626087,
        "iops_stddev" : 6.146623,
        "iops_samples" : 230
      },
      "trim" : {
        "io_bytes" : 0,
        "io_kbytes" : 0,
        "bw_bytes" : 0,
        "bw" : 0,
        "iops" : 0.000000,
        "runtime" : 0,
        "total_ios" : 0,
        "short_ios" : 0,
        "drop_ios" : 0,
        "slat_ns" : {
          "min" : 0,
          "max" : 0,
          "mean" : 0.000000,
          "stddev" : 0.000000
        },
        "clat_ns" : {
          "min" : 0,
          "max" : 0,
          "mean" : 0.000000,
          "stddev" : 0.000000,
          "percentile" : {
            "1.000000" : 0,
            "5.000000" : 0,
            "10.000000" : 0,
            "20.000000" : 0,
            "30.000000" : 0,
            "40.000000" : 0,
            "50.000000" : 0,
            "60.000000" : 0,
            "70.000000" : 0,
            "80.000000" : 0,
            "90.000000" : 0,
            "95.000000" : 0,
            "99.000000" : 0,
            "99.500000" : 0,
            "99.900000" : 0,
            "99.950000" : 0,
            "99.990000" : 0
          }
        },
        "lat_ns" : {
          "min" : 0,
          "max" : 0,
          "mean" : 0.000000,
          "stddev" : 0.000000
        },
        "bw_min" : 0,
        "bw_max" : 0,
        "bw_agg" : 0.000000,
        "bw_mean" : 0.000000,
        "bw_dev" : 0.000000,
        "bw_samples" : 0,
        "iops_min" : 0,
        "iops_max" : 0,
        "iops_mean" : 0.000000,
        "iops_stddev" : 0.000000,
        "iops_samples" : 0
      },
      "sync" : {
        "lat_ns" : {
          "min" : 0,
          "max" : 0,
          "mean" : 0.000000,
          "stddev" : 0.000000,
          "percentile" : {
            "1.000000" : 0,
            "5.000000" : 0,
            "10.000000" : 0,
            "20.000000" : 0,
            "30.000000" : 0,
            "40.000000" : 0,
            "50.000000" : 0,
            "60.000000" : 0,
            "70.000000" : 0,
            "80.000000" : 0,
            "90.000000" : 0,
            "95.000000" : 0,
            "99.000000" : 0,
            "99.500000" : 0,
            "99.900000" : 0,
            "99.950000" : 0,
            "99.990000" : 0
          }
        },
        "total_ios" : 0
      },
      "usr_cpu" : 0.550855,
      "sys_cpu" : 1.990025,
      "ctx" : 1435,
      "majf" : 0,
      "minf" : 2046,
      "iodepth_level" : {
        "1" : 0.100000,
        "2" : 0.100000,
        "4" : 0.100000,
        "8" : 0.142501,
        "16" : 0.285002,
        "32" : 0.570004,
        ">=64" : 98.877805
      },
      "latency_ns" : {
        "2" : 0.000000,
        "4" : 0.000000,
        "10" : 0.000000,
        "20" : 0.000000,
        "50" : 0.000000,
        "100" : 0.000000,
        "250" : 0.000000,
        "500" : 0.000000,
        "750" : 0.000000,
        "1000" : 0.000000
      },
      "latency_us" : {
        "2" : 0.000000,
        "4" : 0.000000,
        "10" : 0.000000,
        "20" : 0.000000,
        "50" : 0.000000,
        "100" : 0.000000,
        "250" : 0.000000,
        "500" : 0.000000,
        "750" : 0.000000,
        "1000" : 0.000000
      },
      "latency_ms" : {
        "2" : 0.000000,
        "4" : 0.000000,
        "10" : 0.000000,
        "20" : 0.000000,
        "50" : 0.000000,
        "100" : 0.000000,
        "250" : 0.000000,
        "500" : 0.000000,
        "750" : 0.000000,
        "1000" : 0.089063,
        "2000" : 0.000000,
        ">=2000" : 0.000000
      },
      "latency_depth" : 256,
      "latency_target" : 0,
      "latency_percentile" : 100.000000,
      "latency_window" : 0
    }
  ]
}
