{
  "fio version" : "fio-3.7",
  "timestamp" : 1589221854,
  "timestamp_ms" : 1589221854498,
  "time" : "Mon May 11 12:30:54 2020",
  "global options" : {
    "filename" : "/dev/sgt_vg_data_000/MACH2_data_000_4k",
    "rw" : "randrw",
    "ioengine" : "libaio",
    "iodepth" : "256",
    "numjobs" : "1",
    "direct" : "1",
    "runtime" : "120"
  },
  "jobs" : [
    {
      "jobname" : "randrw-4k",
      "groupid" : 0,
      "error" : 0,
      "eta" : 0,
      "elapsed" : 122,
      "job options" : {
        "name" : "randrw-4k",
        "bs" : "4k"
      },
      "read" : {
        "io_bytes" : 98361344,
        "io_kbytes" : 96056,
        "bw_bytes" : 814182,
        "bw" : 795,
        "iops" : 198.774936,
        "runtime" : 120810,
        "total_ios" : 24014,
        "short_ios" : 0,
        "drop_ios" : 0,
        "slat_ns" : {
          "min" : 2943,
          "max" : 180984596,
          "mean" : 1648266.037853,
          "stddev" : 10062463.252901
        },
        "clat_ns" : {
          "min" : 15990492,
          "max" : 3038113990,
          "mean" : 788852014.286332,
          "stddev" : 308439067.446744,
          "percentile" : {
            "1.000000" : 362807296,
            "5.000000" : 455081984,
            "10.000000" : 501219328,
            "20.000000" : 566231040,
            "30.000000" : 608174080,
            "40.000000" : 658505728,
            "50.000000" : 708837376,
            "60.000000" : 775946240,
            "70.000000" : 859832320,
            "80.000000" : 977272832,
            "90.000000" : 1182793728,
            "95.000000" : 1384120320,
            "99.000000" : 1887436800,
            "99.500000" : 2105540608,
            "99.900000" : 2701131776,
            "99.950000" : 2835349504,
            "99.990000" : 2936012800
          }
        },
        "lat_ns" : {
          "min" : 16016627,
          "max" : 3038124703,
          "mean" : 790500491.033317,
          "stddev" : 308586561.890415
        },
        "bw_min" : 8,
        "bw_max" : 1176,
        "bw_agg" : 99.665962,
        "bw_mean" : 792.344398,
        "bw_dev" : 122.520754,
        "bw_samples" : 241,
        "iops_min" : 2,
        "iops_max" : 294,
        "iops_mean" : 198.008299,
        "iops_stddev" : 30.633178,
        "iops_samples" : 241
      },
      "write" : {
        "io_bytes" : 97959936,
        "io_kbytes" : 95664,
        "bw_bytes" : 810859,
        "bw" : 791,
        "iops" : 197.963745,
        "runtime" : 120810,
        "total_ios" : 23916,
        "short_ios" : 0,
        "drop_ios" : 0,
        "slat_ns" : {
          "min" : 3034,
          "max" : 146106485,
          "mean" : 1545830.398394,
          "stddev" : 9449764.564224
        },
        "clat_ns" : {
          "min" : 4365138,
          "max" : 1560255217,
          "mean" : 497403067.755893,
          "stddev" : 104167694.396410,
          "percentile" : {
            "1.000000" : 258998272,
            "5.000000" : 350224384,
            "10.000000" : 379584512,
            "20.000000" : 421527552,
            "30.000000" : 446693376,
            "40.000000" : 471859200,
            "50.000000" : 497025024,
            "60.000000" : 522190848,
            "70.000000" : 549453824,
            "80.000000" : 583008256,
            "90.000000" : 608174080,
            "95.000000" : 641728512,
            "99.000000" : 717225984,
            "99.500000" : 817889280,
            "99.900000" : 1182793728,
            "99.950000" : 1300234240,
            "99.990000" : 1551892480
          }
        },
        "lat_ns" : {
          "min" : 4370193,
          "max" : 1593261386,
          "mean" : 498949088.898478,
          "stddev" : 104355190.460131
        },
        "bw_min" : 472,
        "bw_max" : 1760,
        "bw_agg" : 100.000000,
        "bw_mean" : 792.875000,
        "bw_dev" : 123.640359,
        "bw_samples" : 240,
        "iops_min" : 118,
        "iops_max" : 440,
        "iops_mean" : 198.141667,
        "iops_stddev" : 30.902816,
        "iops_samples" : 240
      },
      "trim" : {
        "io_bytes" : 0,
        "io_kbytes" : 0,
        "bw_bytes" : 0,
        "bw" : 0,
        "iops" : 0.000000,
        "runtime" : 0,
        "total_ios" : 0,
        "short_ios" : 0,
        "drop_ios" : 0,
        "slat_ns" : {
          "min" : 0,
          "max" : 0,
          "mean" : 0.000000,
          "stddev" : 0.000000
        },
        "clat_ns" : {
          "min" : 0,
          "max" : 0,
          "mean" : 0.000000,
          "stddev" : 0.000000,
          "percentile" : {
            "1.000000" : 0,
            "5.000000" : 0,
            "10.000000" : 0,
            "20.000000" : 0,
            "30.000000" : 0,
            "40.000000" : 0,
            "50.000000" : 0,
            "60.000000" : 0,
            "70.000000" : 0,
            "80.000000" : 0,
            "90.000000" : 0,
            "95.000000" : 0,
            "99.000000" : 0,
            "99.500000" : 0,
            "99.900000" : 0,
            "99.950000" : 0,
            "99.990000" : 0
          }
        },
        "lat_ns" : {
          "min" : 0,
          "max" : 0,
          "mean" : 0.000000,
          "stddev" : 0.000000
        },
        "bw_min" : 0,
        "bw_max" : 0,
        "bw_agg" : 0.000000,
        "bw_mean" : 0.000000,
        "bw_dev" : 0.000000,
        "bw_samples" : 0,
        "iops_min" : 0,
        "iops_max" : 0,
        "iops_mean" : 0.000000,
        "iops_stddev" : 0.000000,
        "iops_samples" : 0
      },
      "sync" : {
        "lat_ns" : {
          "min" : 0,
          "max" : 0,
          "mean" : 0.000000,
          "stddev" : 0.000000,
          "percentile" : {
            "1.000000" : 0,
            "5.000000" : 0,
            "10.000000" : 0,
            "20.000000" : 0,
            "30.000000" : 0,
            "40.000000" : 0,
            "50.000000" : 0,
            "60.000000" : 0,
            "70.000000" : 0,
            "80.000000" : 0,
            "90.000000" : 0,
            "95.000000" : 0,
            "99.000000" : 0,
            "99.500000" : 0,
            "99.900000" : 0,
            "99.950000" : 0,
            "99.990000" : 0
          }
        },
        "total_ios" : 0
      },
      "usr_cpu" : 0.283919,
      "sys_cpu" : 0.689518,
      "ctx" : 19464,
      "majf" : 0,
      "minf" : 1073,
      "iodepth_level" : {
        "1" : 0.100000,
        "2" : 0.100000,
        "4" : 0.100000,
        "8" : 0.100000,
        "16" : 0.100000,
        "32" : 0.100000,
        ">=64" : 99.868558
      },
      "latency_ns" : {
        "2" : 0.000000,
        "4" : 0.000000,
        "10" : 0.000000,
        "20" : 0.000000,
        "50" : 0.000000,
        "100" : 0.000000,
        "250" : 0.000000,
        "500" : 0.000000,
        "750" : 0.000000,
        "1000" : 0.000000
      },
      "latency_us" : {
        "2" : 0.000000,
        "4" : 0.000000,
        "10" : 0.000000,
        "20" : 0.000000,
        "50" : 0.000000,
        "100" : 0.000000,
        "250" : 0.000000,
        "500" : 0.000000,
        "750" : 0.000000,
        "1000" : 0.000000
      },
      "latency_ms" : {
        "2" : 0.000000,
        "4" : 0.000000,
        "10" : 0.116837,
        "20" : 0.137701,
        "50" : 0.012518,
        "100" : 0.064678,
        "250" : 0.250365,
        "500" : 29.482579,
        "750" : 47.907365,
        "1000" : 12.620488,
        "2000" : 0.000000,
        ">=2000" : 0.000000
      },
      "latency_depth" : 256,
      "latency_target" : 0,
      "latency_percentile" : 100.000000,
      "latency_window" : 0
    }
  ]
}
