{
  "fio version" : "fio-3.7",
  "timestamp" : 1589213024,
  "timestamp_ms" : 1589213024518,
  "time" : "Mon May 11 10:03:44 2020",
  "global options" : {
    "filename" : "/dev/sgt_vg_data_007/MACH2_data_007_512k",
    "rw" : "write",
    "ioengine" : "libaio",
    "iodepth" : "32",
    "numjobs" : "1",
    "direct" : "1",
    "runtime" : "120"
  },
  "jobs" : [
    {
      "jobname" : "write-32k",
      "groupid" : 0,
      "error" : 0,
      "eta" : 0,
      "elapsed" : 121,
      "job options" : {
        "name" : "write-32k",
        "bs" : "32k"
      },
      "read" : {
        "io_bytes" : 0,
        "io_kbytes" : 0,
        "bw_bytes" : 0,
        "bw" : 0,
        "iops" : 0.000000,
        "runtime" : 0,
        "total_ios" : 0,
        "short_ios" : 0,
        "drop_ios" : 0,
        "slat_ns" : {
          "min" : 0,
          "max" : 0,
          "mean" : 0.000000,
          "stddev" : 0.000000
        },
        "clat_ns" : {
          "min" : 0,
          "max" : 0,
          "mean" : 0.000000,
          "stddev" : 0.000000,
          "percentile" : {
            "1.000000" : 0,
            "5.000000" : 0,
            "10.000000" : 0,
            "20.000000" : 0,
            "30.000000" : 0,
            "40.000000" : 0,
            "50.000000" : 0,
            "60.000000" : 0,
            "70.000000" : 0,
            "80.000000" : 0,
            "90.000000" : 0,
            "95.000000" : 0,
            "99.000000" : 0,
            "99.500000" : 0,
            "99.900000" : 0,
            "99.950000" : 0,
            "99.990000" : 0
          }
        },
        "lat_ns" : {
          "min" : 0,
          "max" : 0,
          "mean" : 0.000000,
          "stddev" : 0.000000
        },
        "bw_min" : 0,
        "bw_max" : 0,
        "bw_agg" : 0.000000,
        "bw_mean" : 0.000000,
        "bw_dev" : 0.000000,
        "bw_samples" : 0,
        "iops_min" : 0,
        "iops_max" : 0,
        "iops_mean" : 0.000000,
        "iops_stddev" : 0.000000,
        "iops_samples" : 0
      },
      "write" : {
        "io_bytes" : 19131957248,
        "io_kbytes" : 18683552,
        "bw_bytes" : 159425005,
        "bw" : 155688,
        "iops" : 4865.265070,
        "runtime" : 120006,
        "total_ios" : 583861,
        "short_ios" : 0,
        "drop_ios" : 0,
        "slat_ns" : {
          "min" : 4106,
          "max" : 2304432,
          "mean" : 10647.407934,
          "stddev" : 7848.923179
        },
        "clat_ns" : {
          "min" : 425490,
          "max" : 67994262,
          "mean" : 6565542.252697,
          "stddev" : 3275812.289233,
          "percentile" : {
            "1.000000" : 1253376,
            "5.000000" : 1859584,
            "10.000000" : 2244608,
            "20.000000" : 3129344,
            "30.000000" : 3981312,
            "40.000000" : 5275648,
            "50.000000" : 6914048,
            "60.000000" : 8224768,
            "70.000000" : 8978432,
            "80.000000" : 9633792,
            "90.000000" : 10420224,
            "95.000000" : 10813440,
            "99.000000" : 12779520,
            "99.500000" : 16449536,
            "99.900000" : 19267584,
            "99.950000" : 20316160,
            "99.990000" : 42205184
          }
        },
        "lat_ns" : {
          "min" : 432723,
          "max" : 68001189,
          "mean" : 6576286.858795,
          "stddev" : 3275839.679633
        },
        "bw_min" : 118400,
        "bw_max" : 182848,
        "bw_agg" : 99.989241,
        "bw_mean" : 155671.250000,
        "bw_dev" : 11115.152290,
        "bw_samples" : 240,
        "iops_min" : 3700,
        "iops_max" : 5714,
        "iops_mean" : 4864.695833,
        "iops_stddev" : 347.386168,
        "iops_samples" : 240
      },
      "trim" : {
        "io_bytes" : 0,
        "io_kbytes" : 0,
        "bw_bytes" : 0,
        "bw" : 0,
        "iops" : 0.000000,
        "runtime" : 0,
        "total_ios" : 0,
        "short_ios" : 0,
        "drop_ios" : 0,
        "slat_ns" : {
          "min" : 0,
          "max" : 0,
          "mean" : 0.000000,
          "stddev" : 0.000000
        },
        "clat_ns" : {
          "min" : 0,
          "max" : 0,
          "mean" : 0.000000,
          "stddev" : 0.000000,
          "percentile" : {
            "1.000000" : 0,
            "5.000000" : 0,
            "10.000000" : 0,
            "20.000000" : 0,
            "30.000000" : 0,
            "40.000000" : 0,
            "50.000000" : 0,
            "60.000000" : 0,
            "70.000000" : 0,
            "80.000000" : 0,
            "90.000000" : 0,
            "95.000000" : 0,
            "99.000000" : 0,
            "99.500000" : 0,
            "99.900000" : 0,
            "99.950000" : 0,
            "99.990000" : 0
          }
        },
        "lat_ns" : {
          "min" : 0,
          "max" : 0,
          "mean" : 0.000000,
          "stddev" : 0.000000
        },
        "bw_min" : 0,
        "bw_max" : 0,
        "bw_agg" : 0.000000,
        "bw_mean" : 0.000000,
        "bw_dev" : 0.000000,
        "bw_samples" : 0,
        "iops_min" : 0,
        "iops_max" : 0,
        "iops_mean" : 0.000000,
        "iops_stddev" : 0.000000,
        "iops_samples" : 0
      },
      "sync" : {
        "lat_ns" : {
          "min" : 0,
          "max" : 0,
          "mean" : 0.000000,
          "stddev" : 0.000000,
          "percentile" : {
            "1.000000" : 0,
            "5.000000" : 0,
            "10.000000" : 0,
            "20.000000" : 0,
            "30.000000" : 0,
            "40.000000" : 0,
            "50.000000" : 0,
            "60.000000" : 0,
            "70.000000" : 0,
            "80.000000" : 0,
            "90.000000" : 0,
            "95.000000" : 0,
            "99.000000" : 0,
            "99.500000" : 0,
            "99.900000" : 0,
            "99.950000" : 0,
            "99.990000" : 0
          }
        },
        "total_ios" : 0
      },
      "usr_cpu" : 2.391567,
      "sys_cpu" : 6.478063,
      "ctx" : 534943,
      "majf" : 0,
      "minf" : 837,
      "iodepth_level" : {
        "1" : 0.100000,
        "2" : 0.100000,
        "4" : 0.100000,
        "8" : 0.100000,
        "16" : 0.100000,
        "32" : 99.994691,
        ">=64" : 0.000000
      },
      "latency_ns" : {
        "2" : 0.000000,
        "4" : 0.000000,
        "10" : 0.000000,
        "20" : 0.000000,
        "50" : 0.000000,
        "100" : 0.000000,
        "250" : 0.000000,
        "500" : 0.000000,
        "750" : 0.000000,
        "1000" : 0.000000
      },
      "latency_us" : {
        "2" : 0.000000,
        "4" : 0.000000,
        "10" : 0.000000,
        "20" : 0.000000,
        "50" : 0.000000,
        "100" : 0.000000,
        "250" : 0.000000,
        "500" : 0.010000,
        "750" : 0.092145,
        "1000" : 0.301099
      },
      "latency_ms" : {
        "2" : 6.334898,
        "4" : 23.451815,
        "10" : 54.316695,
        "20" : 15.444772,
        "50" : 0.052410,
        "100" : 0.010000,
        "250" : 0.000000,
        "500" : 0.000000,
        "750" : 0.000000,
        "1000" : 0.000000,
        "2000" : 0.000000,
        ">=2000" : 0.000000
      },
      "latency_depth" : 32,
      "latency_target" : 0,
      "latency_percentile" : 100.000000,
      "latency_window" : 0
    }
  ]
}
