{
  "fio version" : "fio-3.7",
  "timestamp" : 1589232278,
  "timestamp_ms" : 1589232278687,
  "time" : "Mon May 11 15:24:38 2020",
  "global options" : {
    "filename" : "/dev/sgt_vg_data_011/MACH2_data_011_8192k",
    "rw" : "randrw",
    "ioengine" : "libaio",
    "iodepth" : "16",
    "numjobs" : "1",
    "direct" : "1",
    "runtime" : "120"
  },
  "jobs" : [
    {
      "jobname" : "randrw-4096k",
      "groupid" : 0,
      "error" : 0,
      "eta" : 0,
      "elapsed" : 121,
      "job options" : {
        "name" : "randrw-4096k",
        "bs" : "4096k"
      },
      "read" : {
        "io_bytes" : 14671675392,
        "io_kbytes" : 14327808,
        "bw_bytes" : 121937778,
        "bw" : 119079,
        "iops" : 29.072232,
        "runtime" : 120321,
        "total_ios" : 3498,
        "short_ios" : 0,
        "drop_ios" : 0,
        "slat_ns" : {
          "min" : 271457,
          "max" : 3845568,
          "mean" : 565183.004860,
          "stddev" : 262266.018889
        },
        "clat_ns" : {
          "min" : 22042852,
          "max" : 1708404706,
          "mean" : 151547098.619211,
          "stddev" : 148818769.824082,
          "percentile" : {
            "1.000000" : 28704768,
            "5.000000" : 37486592,
            "10.000000" : 44826624,
            "20.000000" : 54263808,
            "30.000000" : 64749568,
            "40.000000" : 77070336,
            "50.000000" : 93847552,
            "60.000000" : 119013376,
            "70.000000" : 158334976,
            "80.000000" : 225443840,
            "90.000000" : 333447168,
            "95.000000" : 450887680,
            "99.000000" : 734003200,
            "99.500000" : 809500672,
            "99.900000" : 1132462080,
            "99.950000" : 1518338048,
            "99.990000" : 1702887424
          }
        },
        "lat_ns" : {
          "min" : 22417719,
          "max" : 1708846900,
          "mean" : 152112557.353059,
          "stddev" : 148816880.933098
        },
        "bw_min" : 49152,
        "bw_max" : 180224,
        "bw_agg" : 100.000000,
        "bw_mean" : 119206.212500,
        "bw_dev" : 25196.891479,
        "bw_samples" : 240,
        "iops_min" : 12,
        "iops_max" : 44,
        "iops_mean" : 28.900000,
        "iops_stddev" : 6.169706,
        "iops_samples" : 240
      },
      "write" : {
        "io_bytes" : 15174991872,
        "io_kbytes" : 14819328,
        "bw_bytes" : 126120892,
        "bw" : 123164,
        "iops" : 30.069564,
        "runtime" : 120321,
        "total_ios" : 3618,
        "short_ios" : 0,
        "drop_ios" : 0,
        "slat_ns" : {
          "min" : 386892,
          "max" : 3855725,
          "mean" : 746629.168601,
          "stddev" : 220760.308772
        },
        "clat_ns" : {
          "min" : 18302348,
          "max" : 2513165721,
          "mean" : 384171109.991708,
          "stddev" : 382068022.818635,
          "percentile" : {
            "1.000000" : 33423360,
            "5.000000" : 52166656,
            "10.000000" : 66846720,
            "20.000000" : 93847552,
            "30.000000" : 135266304,
            "40.000000" : 187695104,
            "50.000000" : 258998272,
            "60.000000" : 337641472,
            "70.000000" : 450887680,
            "80.000000" : 608174080,
            "90.000000" : 876609536,
            "95.000000" : 1149239296,
            "99.000000" : 1837105152,
            "99.500000" : 2055208960,
            "99.900000" : 2466250752,
            "99.950000" : 2466250752,
            "99.990000" : 2499805184
          }
        },
        "lat_ns" : {
          "min" : 19546104,
          "max" : 2513779091,
          "mean" : 384918027.111111,
          "stddev" : 382065973.686963
        },
        "bw_min" : 57344,
        "bw_max" : 188416,
        "bw_agg" : 99.889784,
        "bw_mean" : 123028.254167,
        "bw_dev" : 23188.215573,
        "bw_samples" : 240,
        "iops_min" : 14,
        "iops_max" : 46,
        "iops_mean" : 29.833333,
        "iops_stddev" : 5.683910,
        "iops_samples" : 240
      },
      "trim" : {
        "io_bytes" : 0,
        "io_kbytes" : 0,
        "bw_bytes" : 0,
        "bw" : 0,
        "iops" : 0.000000,
        "runtime" : 0,
        "total_ios" : 0,
        "short_ios" : 0,
        "drop_ios" : 0,
        "slat_ns" : {
          "min" : 0,
          "max" : 0,
          "mean" : 0.000000,
          "stddev" : 0.000000
        },
        "clat_ns" : {
          "min" : 0,
          "max" : 0,
          "mean" : 0.000000,
          "stddev" : 0.000000,
          "percentile" : {
            "1.000000" : 0,
            "5.000000" : 0,
            "10.000000" : 0,
            "20.000000" : 0,
            "30.000000" : 0,
            "40.000000" : 0,
            "50.000000" : 0,
            "60.000000" : 0,
            "70.000000" : 0,
            "80.000000" : 0,
            "90.000000" : 0,
            "95.000000" : 0,
            "99.000000" : 0,
            "99.500000" : 0,
            "99.900000" : 0,
            "99.950000" : 0,
            "99.990000" : 0
          }
        },
        "lat_ns" : {
          "min" : 0,
          "max" : 0,
          "mean" : 0.000000,
          "stddev" : 0.000000
        },
        "bw_min" : 0,
        "bw_max" : 0,
        "bw_agg" : 0.000000,
        "bw_mean" : 0.000000,
        "bw_dev" : 0.000000,
        "bw_samples" : 0,
        "iops_min" : 0,
        "iops_max" : 0,
        "iops_mean" : 0.000000,
        "iops_stddev" : 0.000000,
        "iops_samples" : 0
      },
      "sync" : {
        "lat_ns" : {
          "min" : 0,
          "max" : 0,
          "mean" : 0.000000,
          "stddev" : 0.000000,
          "percentile" : {
            "1.000000" : 0,
            "5.000000" : 0,
            "10.000000" : 0,
            "20.000000" : 0,
            "30.000000" : 0,
            "40.000000" : 0,
            "50.000000" : 0,
            "60.000000" : 0,
            "70.000000" : 0,
            "80.000000" : 0,
            "90.000000" : 0,
            "95.000000" : 0,
            "99.000000" : 0,
            "99.500000" : 0,
            "99.900000" : 0,
            "99.950000" : 0,
            "99.990000" : 0
          }
        },
        "total_ios" : 0
      },
      "usr_cpu" : 0.876828,
      "sys_cpu" : 3.140791,
      "ctx" : 7008,
      "majf" : 0,
      "minf" : 1351,
      "iodepth_level" : {
        "1" : 0.100000,
        "2" : 0.100000,
        "4" : 0.100000,
        "8" : 0.112423,
        "16" : 99.789207,
        "32" : 0.000000,
        ">=64" : 0.000000
      },
      "latency_ns" : {
        "2" : 0.000000,
        "4" : 0.000000,
        "10" : 0.000000,
        "20" : 0.000000,
        "50" : 0.000000,
        "100" : 0.000000,
        "250" : 0.000000,
        "500" : 0.000000,
        "750" : 0.000000,
        "1000" : 0.000000
      },
      "latency_us" : {
        "2" : 0.000000,
        "4" : 0.000000,
        "10" : 0.000000,
        "20" : 0.000000,
        "50" : 0.000000,
        "100" : 0.000000,
        "250" : 0.000000,
        "500" : 0.000000,
        "750" : 0.000000,
        "1000" : 0.000000
      },
      "latency_ms" : {
        "2" : 0.000000,
        "4" : 0.000000,
        "10" : 0.000000,
        "20" : 0.028106,
        "50" : 9.836987,
        "100" : 26.925239,
        "250" : 28.709949,
        "500" : 19.154019,
        "750" : 8.038224,
        "1000" : 3.428893,
        "2000" : 0.000000,
        ">=2000" : 0.000000
      },
      "latency_depth" : 16,
      "latency_target" : 0,
      "latency_percentile" : 100.000000,
      "latency_window" : 0
    }
  ]
}
