{
  "fio version" : "fio-3.7",
  "timestamp" : 1589226824,
  "timestamp_ms" : 1589226824199,
  "time" : "Mon May 11 13:53:44 2020",
  "global options" : {
    "filename" : "/dev/sgt_vg_data_003/MACH2_data_003_32k",
    "rw" : "randrw",
    "ioengine" : "libaio",
    "iodepth" : "512",
    "numjobs" : "1",
    "direct" : "1",
    "runtime" : "120"
  },
  "jobs" : [
    {
      "jobname" : "randrw-128k",
      "groupid" : 0,
      "error" : 0,
      "eta" : 0,
      "elapsed" : 122,
      "job options" : {
        "name" : "randrw-128k",
        "bs" : "128k"
      },
      "read" : {
        "io_bytes" : 1464991744,
        "io_kbytes" : 1430656,
        "bw_bytes" : 12118787,
        "bw" : 11834,
        "iops" : 92.459011,
        "runtime" : 120886,
        "total_ios" : 11177,
        "short_ios" : 0,
        "drop_ios" : 0,
        "slat_ns" : {
          "min" : 14437,
          "max" : 183701209,
          "mean" : 5518208.002952,
          "stddev" : 21638137.853679
        },
        "clat_ns" : {
          "min" : 905541733,
          "max" : 5122562230,
          "mean" : 2930219704.011898,
          "stddev" : 416954507.352152,
          "percentile" : {
            "1.000000" : 2088763392,
            "5.000000" : 2399141888,
            "10.000000" : 2499805184,
            "20.000000" : 2634022912,
            "30.000000" : 2734686208,
            "40.000000" : 2801795072,
            "50.000000" : 2902458368,
            "60.000000" : 2969567232,
            "70.000000" : 3070230528,
            "80.000000" : 3170893824,
            "90.000000" : 3405774848,
            "95.000000" : 3674210304,
            "99.000000" : 4244635648,
            "99.500000" : 4529848320,
            "99.900000" : 4932501504,
            "99.950000" : 4999610368,
            "99.990000" : 5066719232
          }
        },
        "lat_ns" : {
          "min" : 905564124,
          "max" : 5122580791,
          "mean" : 2935738026.130258,
          "stddev" : 417099562.594785
        },
        "bw_min" : 255,
        "bw_max" : 18944,
        "bw_agg" : 99.015655,
        "bw_mean" : 11717.512605,
        "bw_dev" : 2132.669601,
        "bw_samples" : 238,
        "iops_min" : 1,
        "iops_max" : 148,
        "iops_mean" : 91.382353,
        "iops_stddev" : 16.677660,
        "iops_samples" : 238
      },
      "write" : {
        "io_bytes" : 1456734208,
        "io_kbytes" : 1422592,
        "bw_bytes" : 12050479,
        "bw" : 11768,
        "iops" : 91.937859,
        "runtime" : 120886,
        "total_ios" : 11114,
        "short_ios" : 0,
        "drop_ios" : 0,
        "slat_ns" : {
          "min" : 17416,
          "max" : 289557344,
          "mean" : 5250430.339572,
          "stddev" : 20924549.295913
        },
        "clat_ns" : {
          "min" : 793647574,
          "max" : 4264653016,
          "mean" : 2582077690.380604,
          "stddev" : 222226098.080223,
          "percentile" : {
            "1.000000" : 1920991232,
            "5.000000" : 2298478592,
            "10.000000" : 2365587456,
            "20.000000" : 2432696320,
            "30.000000" : 2499805184,
            "40.000000" : 2533359616,
            "50.000000" : 2600468480,
            "60.000000" : 2634022912,
            "70.000000" : 2667577344,
            "80.000000" : 2734686208,
            "90.000000" : 2835349504,
            "95.000000" : 2902458368,
            "99.000000" : 3070230528,
            "99.500000" : 3204448256,
            "99.900000" : 3707764736,
            "99.950000" : 3808428032,
            "99.990000" : 4278190080
          }
        },
        "lat_ns" : {
          "min" : 905469553,
          "max" : 4264684337,
          "mean" : 2587328232.615616,
          "stddev" : 222183023.013136
        },
        "bw_min" : 4864,
        "bw_max" : 17920,
        "bw_agg" : 99.843672,
        "bw_mean" : 11749.603376,
        "bw_dev" : 2008.975427,
        "bw_samples" : 237,
        "iops_min" : 38,
        "iops_max" : 140,
        "iops_mean" : 91.637131,
        "iops_stddev" : 15.676658,
        "iops_samples" : 237
      },
      "trim" : {
        "io_bytes" : 0,
        "io_kbytes" : 0,
        "bw_bytes" : 0,
        "bw" : 0,
        "iops" : 0.000000,
        "runtime" : 0,
        "total_ios" : 0,
        "short_ios" : 0,
        "drop_ios" : 0,
        "slat_ns" : {
          "min" : 0,
          "max" : 0,
          "mean" : 0.000000,
          "stddev" : 0.000000
        },
        "clat_ns" : {
          "min" : 0,
          "max" : 0,
          "mean" : 0.000000,
          "stddev" : 0.000000,
          "percentile" : {
            "1.000000" : 0,
            "5.000000" : 0,
            "10.000000" : 0,
            "20.000000" : 0,
            "30.000000" : 0,
            "40.000000" : 0,
            "50.000000" : 0,
            "60.000000" : 0,
            "70.000000" : 0,
            "80.000000" : 0,
            "90.000000" : 0,
            "95.000000" : 0,
            "99.000000" : 0,
            "99.500000" : 0,
            "99.900000" : 0,
            "99.950000" : 0,
            "99.990000" : 0
          }
        },
        "lat_ns" : {
          "min" : 0,
          "max" : 0,
          "mean" : 0.000000,
          "stddev" : 0.000000
        },
        "bw_min" : 0,
        "bw_max" : 0,
        "bw_agg" : 0.000000,
        "bw_mean" : 0.000000,
        "bw_dev" : 0.000000,
        "bw_samples" : 0,
        "iops_min" : 0,
        "iops_max" : 0,
        "iops_mean" : 0.000000,
        "iops_stddev" : 0.000000,
        "iops_samples" : 0
      },
      "sync" : {
        "lat_ns" : {
          "min" : 0,
          "max" : 0,
          "mean" : 0.000000,
          "stddev" : 0.000000,
          "percentile" : {
            "1.000000" : 0,
            "5.000000" : 0,
            "10.000000" : 0,
            "20.000000" : 0,
            "30.000000" : 0,
            "40.000000" : 0,
            "50.000000" : 0,
            "60.000000" : 0,
            "70.000000" : 0,
            "80.000000" : 0,
            "90.000000" : 0,
            "95.000000" : 0,
            "99.000000" : 0,
            "99.500000" : 0,
            "99.900000" : 0,
            "99.950000" : 0,
            "99.990000" : 0
          }
        },
        "total_ios" : 0
      },
      "usr_cpu" : 0.106713,
      "sys_cpu" : 0.653514,
      "ctx" : 1525,
      "majf" : 0,
      "minf" : 29,
      "iodepth_level" : {
        "1" : 0.100000,
        "2" : 0.100000,
        "4" : 0.100000,
        "8" : 0.100000,
        "16" : 0.100000,
        "32" : 0.143556,
        ">=64" : 99.717375
      },
      "latency_ns" : {
        "2" : 0.000000,
        "4" : 0.000000,
        "10" : 0.000000,
        "20" : 0.000000,
        "50" : 0.000000,
        "100" : 0.000000,
        "250" : 0.000000,
        "500" : 0.000000,
        "750" : 0.000000,
        "1000" : 0.000000
      },
      "latency_us" : {
        "2" : 0.000000,
        "4" : 0.000000,
        "10" : 0.000000,
        "20" : 0.000000,
        "50" : 0.000000,
        "100" : 0.000000,
        "250" : 0.000000,
        "500" : 0.000000,
        "750" : 0.000000,
        "1000" : 0.000000
      },
      "latency_ms" : {
        "2" : 0.000000,
        "4" : 0.000000,
        "10" : 0.000000,
        "20" : 0.000000,
        "50" : 0.000000,
        "100" : 0.000000,
        "250" : 0.000000,
        "500" : 0.000000,
        "750" : 0.000000,
        "1000" : 0.148042,
        "2000" : 0.000000,
        ">=2000" : 0.000000
      },
      "latency_depth" : 512,
      "latency_target" : 0,
      "latency_percentile" : 100.000000,
      "latency_window" : 0
    }
  ]
}
