{
  "fio version" : "fio-3.7",
  "timestamp" : 1589231185,
  "timestamp_ms" : 1589231185102,
  "time" : "Mon May 11 15:06:25 2020",
  "global options" : {
    "filename" : "/dev/sgt_vg_data_000/MACH2_data_000_4k",
    "rw" : "randrw",
    "ioengine" : "libaio",
    "iodepth" : "32",
    "numjobs" : "1",
    "direct" : "1",
    "runtime" : "120"
  },
  "jobs" : [
    {
      "jobname" : "randrw-2048k",
      "groupid" : 0,
      "error" : 0,
      "eta" : 0,
      "elapsed" : 121,
      "job options" : {
        "name" : "randrw-2048k",
        "bs" : "2048k"
      },
      "read" : {
        "io_bytes" : 10578034688,
        "io_kbytes" : 10330112,
        "bw_bytes" : 87872027,
        "bw" : 85812,
        "iops" : 41.900648,
        "runtime" : 120380,
        "total_ios" : 5044,
        "short_ios" : 0,
        "drop_ios" : 0,
        "slat_ns" : {
          "min" : 721891,
          "max" : 6449765,
          "mean" : 982122.663957,
          "stddev" : 249054.888373
        },
        "clat_ns" : {
          "min" : 16924324,
          "max" : 2428971101,
          "mean" : 317307323.835249,
          "stddev" : 233691928.915198,
          "percentile" : {
            "1.000000" : 28966912,
            "5.000000" : 51642368,
            "10.000000" : 77070336,
            "20.000000" : 126353408,
            "30.000000" : 173015040,
            "40.000000" : 219152384,
            "50.000000" : 270532608,
            "60.000000" : 325058560,
            "70.000000" : 387973120,
            "80.000000" : 471859200,
            "90.000000" : 599785472,
            "95.000000" : 742391808,
            "99.000000" : 1132462080,
            "99.500000" : 1300234240,
            "99.900000" : 1837105152,
            "99.950000" : 2164260864,
            "99.990000" : 2432696320
          }
        },
        "lat_ns" : {
          "min" : 17730540,
          "max" : 2429816280,
          "mean" : 318289812.042626,
          "stddev" : 233692788.887750
        },
        "bw_min" : 44966,
        "bw_max" : 143360,
        "bw_agg" : 100.000000,
        "bw_mean" : 85827.925000,
        "bw_dev" : 16955.352606,
        "bw_samples" : 240,
        "iops_min" : 21,
        "iops_max" : 70,
        "iops_mean" : 41.787500,
        "iops_stddev" : 8.294315,
        "iops_samples" : 240
      },
      "write" : {
        "io_bytes" : 10703863808,
        "io_kbytes" : 10452992,
        "bw_bytes" : 88917293,
        "bw" : 86833,
        "iops" : 42.399070,
        "runtime" : 120380,
        "total_ios" : 5104,
        "short_ios" : 0,
        "drop_ios" : 0,
        "slat_ns" : {
          "min" : 811807,
          "max" : 4945668,
          "mean" : 1075880.229624,
          "stddev" : 200626.405452
        },
        "clat_ns" : {
          "min" : 18671114,
          "max" : 1614921191,
          "mean" : 438928498.010385,
          "stddev" : 216975373.931279,
          "percentile" : {
            "1.000000" : 53215232,
            "5.000000" : 107479040,
            "10.000000" : 156237824,
            "20.000000" : 244318208,
            "30.000000" : 312475648,
            "40.000000" : 375390208,
            "50.000000" : 434110464,
            "60.000000" : 488636416,
            "70.000000" : 541065216,
            "80.000000" : 616562688,
            "90.000000" : 708837376,
            "95.000000" : 801112064,
            "99.000000" : 1010827264,
            "99.500000" : 1182793728,
            "99.900000" : 1501560832,
            "99.950000" : 1568669696,
            "99.990000" : 1619001344
          }
        },
        "lat_ns" : {
          "min" : 19581309,
          "max" : 1615879269,
          "mean" : 440004745.743534,
          "stddev" : 216977836.659037
        },
        "bw_min" : 36864,
        "bw_max" : 126976,
        "bw_agg" : 99.904606,
        "bw_mean" : 86750.166667,
        "bw_dev" : 15861.462281,
        "bw_samples" : 240,
        "iops_min" : 18,
        "iops_max" : 62,
        "iops_mean" : 42.237500,
        "iops_stddev" : 7.780316,
        "iops_samples" : 240
      },
      "trim" : {
        "io_bytes" : 0,
        "io_kbytes" : 0,
        "bw_bytes" : 0,
        "bw" : 0,
        "iops" : 0.000000,
        "runtime" : 0,
        "total_ios" : 0,
        "short_ios" : 0,
        "drop_ios" : 0,
        "slat_ns" : {
          "min" : 0,
          "max" : 0,
          "mean" : 0.000000,
          "stddev" : 0.000000
        },
        "clat_ns" : {
          "min" : 0,
          "max" : 0,
          "mean" : 0.000000,
          "stddev" : 0.000000,
          "percentile" : {
            "1.000000" : 0,
            "5.000000" : 0,
            "10.000000" : 0,
            "20.000000" : 0,
            "30.000000" : 0,
            "40.000000" : 0,
            "50.000000" : 0,
            "60.000000" : 0,
            "70.000000" : 0,
            "80.000000" : 0,
            "90.000000" : 0,
            "95.000000" : 0,
            "99.000000" : 0,
            "99.500000" : 0,
            "99.900000" : 0,
            "99.950000" : 0,
            "99.990000" : 0
          }
        },
        "lat_ns" : {
          "min" : 0,
          "max" : 0,
          "mean" : 0.000000,
          "stddev" : 0.000000
        },
        "bw_min" : 0,
        "bw_max" : 0,
        "bw_agg" : 0.000000,
        "bw_mean" : 0.000000,
        "bw_dev" : 0.000000,
        "bw_samples" : 0,
        "iops_min" : 0,
        "iops_max" : 0,
        "iops_mean" : 0.000000,
        "iops_stddev" : 0.000000,
        "iops_samples" : 0
      },
      "sync" : {
        "lat_ns" : {
          "min" : 0,
          "max" : 0,
          "mean" : 0.000000,
          "stddev" : 0.000000,
          "percentile" : {
            "1.000000" : 0,
            "5.000000" : 0,
            "10.000000" : 0,
            "20.000000" : 0,
            "30.000000" : 0,
            "40.000000" : 0,
            "50.000000" : 0,
            "60.000000" : 0,
            "70.000000" : 0,
            "80.000000" : 0,
            "90.000000" : 0,
            "95.000000" : 0,
            "99.000000" : 0,
            "99.500000" : 0,
            "99.900000" : 0,
            "99.950000" : 0,
            "99.990000" : 0
          }
        },
        "total_ios" : 0
      },
      "usr_cpu" : 0.685335,
      "sys_cpu" : 8.199104,
      "ctx" : 9492,
      "majf" : 0,
      "minf" : 3859,
      "iodepth_level" : {
        "1" : 0.100000,
        "2" : 0.100000,
        "4" : 0.100000,
        "8" : 0.100000,
        "16" : 0.157667,
        "32" : 99.694521,
        ">=64" : 0.000000
      },
      "latency_ns" : {
        "2" : 0.000000,
        "4" : 0.000000,
        "10" : 0.000000,
        "20" : 0.000000,
        "50" : 0.000000,
        "100" : 0.000000,
        "250" : 0.000000,
        "500" : 0.000000,
        "750" : 0.000000,
        "1000" : 0.000000
      },
      "latency_us" : {
        "2" : 0.000000,
        "4" : 0.000000,
        "10" : 0.000000,
        "20" : 0.000000,
        "50" : 0.000000,
        "100" : 0.000000,
        "250" : 0.000000,
        "500" : 0.000000,
        "750" : 0.000000,
        "1000" : 0.000000
      },
      "latency_ms" : {
        "2" : 0.000000,
        "4" : 0.000000,
        "10" : 0.000000,
        "20" : 0.068979,
        "50" : 2.640914,
        "100" : 6.799369,
        "250" : 24.014584,
        "500" : 38.874655,
        "750" : 21.472211,
        "1000" : 4.720142,
        "2000" : 0.000000,
        ">=2000" : 0.000000
      },
      "latency_depth" : 32,
      "latency_target" : 0,
      "latency_percentile" : 100.000000,
      "latency_window" : 0
    }
  ]
}
