{
  "fio version" : "fio-3.7",
  "timestamp" : 1590218477,
  "timestamp_ms" : 1590218477688,
  "time" : "Sat May 23 01:21:17 2020",
  "global options" : {
    "filename" : "/dev/sgt_vg_data_007/MACH2_data_007_524288k",
    "rw" : "randwrite",
    "ioengine" : "libaio",
    "iodepth" : "1",
    "numjobs" : "1",
    "direct" : "1",
    "random_generator" : "tausworthe64",
    "runtime" : "120"
  },
  "jobs" : [
    {
      "jobname" : "randwrite-4k",
      "groupid" : 0,
      "error" : 0,
      "eta" : 0,
      "elapsed" : 121,
      "job options" : {
        "name" : "randwrite-4k",
        "bs" : "4k"
      },
      "read" : {
        "io_bytes" : 0,
        "io_kbytes" : 0,
        "bw_bytes" : 0,
        "bw" : 0,
        "iops" : 0.000000,
        "runtime" : 0,
        "total_ios" : 0,
        "short_ios" : 0,
        "drop_ios" : 0,
        "slat_ns" : {
          "min" : 0,
          "max" : 0,
          "mean" : 0.000000,
          "stddev" : 0.000000
        },
        "clat_ns" : {
          "min" : 0,
          "max" : 0,
          "mean" : 0.000000,
          "stddev" : 0.000000,
          "percentile" : {
            "1.000000" : 0,
            "5.000000" : 0,
            "10.000000" : 0,
            "20.000000" : 0,
            "30.000000" : 0,
            "40.000000" : 0,
            "50.000000" : 0,
            "60.000000" : 0,
            "70.000000" : 0,
            "80.000000" : 0,
            "90.000000" : 0,
            "95.000000" : 0,
            "99.000000" : 0,
            "99.500000" : 0,
            "99.900000" : 0,
            "99.950000" : 0,
            "99.990000" : 0
          }
        },
        "lat_ns" : {
          "min" : 0,
          "max" : 0,
          "mean" : 0.000000,
          "stddev" : 0.000000
        },
        "bw_min" : 0,
        "bw_max" : 0,
        "bw_agg" : 0.000000,
        "bw_mean" : 0.000000,
        "bw_dev" : 0.000000,
        "bw_samples" : 0,
        "iops_min" : 0,
        "iops_max" : 0,
        "iops_mean" : 0.000000,
        "iops_stddev" : 0.000000,
        "iops_samples" : 0
      },
      "write" : {
        "io_bytes" : 187764736,
        "io_kbytes" : 183364,
        "bw_bytes" : 1564640,
        "bw" : 1527,
        "iops" : 381.992417,
        "runtime" : 120005,
        "total_ios" : 45841,
        "short_ios" : 0,
        "drop_ios" : 0,
        "slat_ns" : {
          "min" : 3245,
          "max" : 188787,
          "mean" : 18853.027181,
          "stddev" : 10255.595523
        },
        "clat_ns" : {
          "min" : 15364,
          "max" : 54848675,
          "mean" : 2593946.463428,
          "stddev" : 2802933.670677,
          "percentile" : {
            "1.000000" : 81408,
            "5.000000" : 96768,
            "10.000000" : 119296,
            "20.000000" : 148480,
            "30.000000" : 173056,
            "40.000000" : 207872,
            "50.000000" : 2039808,
            "60.000000" : 3620864,
            "70.000000" : 4358144,
            "80.000000" : 5079040,
            "90.000000" : 6062080,
            "95.000000" : 7045120,
            "99.000000" : 8716288,
            "99.500000" : 9371648,
            "99.900000" : 13434880,
            "99.950000" : 39059456,
            "99.990000" : 51642368
          }
        },
        "lat_ns" : {
          "min" : 70208,
          "max" : 54862572,
          "mean" : 2613124.566240,
          "stddev" : 2803298.879821
        },
        "bw_min" : 1008,
        "bw_max" : 3160,
        "bw_agg" : 100.000000,
        "bw_mean" : 1527.587500,
        "bw_dev" : 178.517467,
        "bw_samples" : 240,
        "iops_min" : 252,
        "iops_max" : 790,
        "iops_mean" : 381.887500,
        "iops_stddev" : 44.638762,
        "iops_samples" : 240
      },
      "trim" : {
        "io_bytes" : 0,
        "io_kbytes" : 0,
        "bw_bytes" : 0,
        "bw" : 0,
        "iops" : 0.000000,
        "runtime" : 0,
        "total_ios" : 0,
        "short_ios" : 0,
        "drop_ios" : 0,
        "slat_ns" : {
          "min" : 0,
          "max" : 0,
          "mean" : 0.000000,
          "stddev" : 0.000000
        },
        "clat_ns" : {
          "min" : 0,
          "max" : 0,
          "mean" : 0.000000,
          "stddev" : 0.000000,
          "percentile" : {
            "1.000000" : 0,
            "5.000000" : 0,
            "10.000000" : 0,
            "20.000000" : 0,
            "30.000000" : 0,
            "40.000000" : 0,
            "50.000000" : 0,
            "60.000000" : 0,
            "70.000000" : 0,
            "80.000000" : 0,
            "90.000000" : 0,
            "95.000000" : 0,
            "99.000000" : 0,
            "99.500000" : 0,
            "99.900000" : 0,
            "99.950000" : 0,
            "99.990000" : 0
          }
        },
        "lat_ns" : {
          "min" : 0,
          "max" : 0,
          "mean" : 0.000000,
          "stddev" : 0.000000
        },
        "bw_min" : 0,
        "bw_max" : 0,
        "bw_agg" : 0.000000,
        "bw_mean" : 0.000000,
        "bw_dev" : 0.000000,
        "bw_samples" : 0,
        "iops_min" : 0,
        "iops_max" : 0,
        "iops_mean" : 0.000000,
        "iops_stddev" : 0.000000,
        "iops_samples" : 0
      },
      "sync" : {
        "lat_ns" : {
          "min" : 0,
          "max" : 0,
          "mean" : 0.000000,
          "stddev" : 0.000000,
          "percentile" : {
            "1.000000" : 0,
            "5.000000" : 0,
            "10.000000" : 0,
            "20.000000" : 0,
            "30.000000" : 0,
            "40.000000" : 0,
            "50.000000" : 0,
            "60.000000" : 0,
            "70.000000" : 0,
            "80.000000" : 0,
            "90.000000" : 0,
            "95.000000" : 0,
            "99.000000" : 0,
            "99.500000" : 0,
            "99.900000" : 0,
            "99.950000" : 0,
            "99.990000" : 0
          }
        },
        "total_ios" : 0
      },
      "usr_cpu" : 0.421653,
      "sys_cpu" : 1.169128,
      "ctx" : 45843,
      "majf" : 0,
      "minf" : 941,
      "iodepth_level" : {
        "1" : 100.000000,
        "2" : 0.000000,
        "4" : 0.000000,
        "8" : 0.000000,
        "16" : 0.000000,
        "32" : 0.000000,
        ">=64" : 0.000000
      },
      "latency_ns" : {
        "2" : 0.000000,
        "4" : 0.000000,
        "10" : 0.000000,
        "20" : 0.000000,
        "50" : 0.000000,
        "100" : 0.000000,
        "250" : 0.000000,
        "500" : 0.000000,
        "750" : 0.000000,
        "1000" : 0.000000
      },
      "latency_us" : {
        "2" : 0.000000,
        "4" : 0.000000,
        "10" : 0.000000,
        "20" : 0.010000,
        "50" : 0.000000,
        "100" : 5.809210,
        "250" : 39.209441,
        "500" : 2.654829,
        "750" : 0.157065,
        "1000" : 0.844222
      },
      "latency_ms" : {
        "2" : 1.265243,
        "4" : 14.637552,
        "10" : 35.088676,
        "20" : 0.274863,
        "50" : 0.045811,
        "100" : 0.010907,
        "250" : 0.000000,
        "500" : 0.000000,
        "750" : 0.000000,
        "1000" : 0.000000,
        "2000" : 0.000000,
        ">=2000" : 0.000000
      },
      "latency_depth" : 1,
      "latency_target" : 0,
      "latency_percentile" : 100.000000,
      "latency_window" : 0
    }
  ]
}
