{
  "fio version" : "fio-3.7",
  "timestamp" : 1590219328,
  "timestamp_ms" : 1590219328602,
  "time" : "Sat May 23 01:35:28 2020",
  "global options" : {
    "filename" : "/dev/sgt_vg_data_009/MACH2_data_009_2097152k",
    "rw" : "randwrite",
    "ioengine" : "libaio",
    "iodepth" : "256",
    "numjobs" : "1",
    "direct" : "1",
    "random_generator" : "tausworthe64",
    "runtime" : "120"
  },
  "jobs" : [
    {
      "jobname" : "randwrite-4k",
      "groupid" : 0,
      "error" : 0,
      "eta" : 0,
      "elapsed" : 122,
      "job options" : {
        "name" : "randwrite-4k",
        "bs" : "4k"
      },
      "read" : {
        "io_bytes" : 0,
        "io_kbytes" : 0,
        "bw_bytes" : 0,
        "bw" : 0,
        "iops" : 0.000000,
        "runtime" : 0,
        "total_ios" : 0,
        "short_ios" : 0,
        "drop_ios" : 0,
        "slat_ns" : {
          "min" : 0,
          "max" : 0,
          "mean" : 0.000000,
          "stddev" : 0.000000
        },
        "clat_ns" : {
          "min" : 0,
          "max" : 0,
          "mean" : 0.000000,
          "stddev" : 0.000000,
          "percentile" : {
            "1.000000" : 0,
            "5.000000" : 0,
            "10.000000" : 0,
            "20.000000" : 0,
            "30.000000" : 0,
            "40.000000" : 0,
            "50.000000" : 0,
            "60.000000" : 0,
            "70.000000" : 0,
            "80.000000" : 0,
            "90.000000" : 0,
            "95.000000" : 0,
            "99.000000" : 0,
            "99.500000" : 0,
            "99.900000" : 0,
            "99.950000" : 0,
            "99.990000" : 0
          }
        },
        "lat_ns" : {
          "min" : 0,
          "max" : 0,
          "mean" : 0.000000,
          "stddev" : 0.000000
        },
        "bw_min" : 0,
        "bw_max" : 0,
        "bw_agg" : 0.000000,
        "bw_mean" : 0.000000,
        "bw_dev" : 0.000000,
        "bw_samples" : 0,
        "iops_min" : 0,
        "iops_max" : 0,
        "iops_mean" : 0.000000,
        "iops_stddev" : 0.000000,
        "iops_samples" : 0
      },
      "write" : {
        "io_bytes" : 187965440,
        "io_kbytes" : 183560,
        "bw_bytes" : 1557023,
        "bw" : 1520,
        "iops" : 380.132703,
        "runtime" : 120721,
        "total_ios" : 45890,
        "short_ios" : 0,
        "drop_ios" : 0,
        "slat_ns" : {
          "min" : 3027,
          "max" : 213575019,
          "mean" : 2064509.997734,
          "stddev" : 12360616.910377
        },
        "clat_ns" : {
          "min" : 6026608,
          "max" : 3259427770,
          "mean" : 671055086.040299,
          "stddev" : 151211729.764143,
          "percentile" : {
            "1.000000" : 325058560,
            "5.000000" : 450887680,
            "10.000000" : 497025024,
            "20.000000" : 574619648,
            "30.000000" : 616562688,
            "40.000000" : 641728512,
            "50.000000" : 666894336,
            "60.000000" : 692060160,
            "70.000000" : 725614592,
            "80.000000" : 775946240,
            "90.000000" : 834666496,
            "95.000000" : 893386752,
            "99.000000" : 1044381696,
            "99.500000" : 1132462080,
            "99.900000" : 1736441856,
            "99.950000" : 2164260864,
            "99.990000" : 3103784960
          }
        },
        "lat_ns" : {
          "min" : 6058154,
          "max" : 3259439258,
          "mean" : 673119754.834426,
          "stddev" : 152602719.689065
        },
        "bw_min" : 8,
        "bw_max" : 3177,
        "bw_agg" : 99.627375,
        "bw_mean" : 1514.336100,
        "bw_dev" : 210.414569,
        "bw_samples" : 241,
        "iops_min" : 2,
        "iops_max" : 794,
        "iops_mean" : 378.572614,
        "iops_stddev" : 52.599389,
        "iops_samples" : 241
      },
      "trim" : {
        "io_bytes" : 0,
        "io_kbytes" : 0,
        "bw_bytes" : 0,
        "bw" : 0,
        "iops" : 0.000000,
        "runtime" : 0,
        "total_ios" : 0,
        "short_ios" : 0,
        "drop_ios" : 0,
        "slat_ns" : {
          "min" : 0,
          "max" : 0,
          "mean" : 0.000000,
          "stddev" : 0.000000
        },
        "clat_ns" : {
          "min" : 0,
          "max" : 0,
          "mean" : 0.000000,
          "stddev" : 0.000000,
          "percentile" : {
            "1.000000" : 0,
            "5.000000" : 0,
            "10.000000" : 0,
            "20.000000" : 0,
            "30.000000" : 0,
            "40.000000" : 0,
            "50.000000" : 0,
            "60.000000" : 0,
            "70.000000" : 0,
            "80.000000" : 0,
            "90.000000" : 0,
            "95.000000" : 0,
            "99.000000" : 0,
            "99.500000" : 0,
            "99.900000" : 0,
            "99.950000" : 0,
            "99.990000" : 0
          }
        },
        "lat_ns" : {
          "min" : 0,
          "max" : 0,
          "mean" : 0.000000,
          "stddev" : 0.000000
        },
        "bw_min" : 0,
        "bw_max" : 0,
        "bw_agg" : 0.000000,
        "bw_mean" : 0.000000,
        "bw_dev" : 0.000000,
        "bw_samples" : 0,
        "iops_min" : 0,
        "iops_max" : 0,
        "iops_mean" : 0.000000,
        "iops_stddev" : 0.000000,
        "iops_samples" : 0
      },
      "sync" : {
        "lat_ns" : {
          "min" : 0,
          "max" : 0,
          "mean" : 0.000000,
          "stddev" : 0.000000,
          "percentile" : {
            "1.000000" : 0,
            "5.000000" : 0,
            "10.000000" : 0,
            "20.000000" : 0,
            "30.000000" : 0,
            "40.000000" : 0,
            "50.000000" : 0,
            "60.000000" : 0,
            "70.000000" : 0,
            "80.000000" : 0,
            "90.000000" : 0,
            "95.000000" : 0,
            "99.000000" : 0,
            "99.500000" : 0,
            "99.900000" : 0,
            "99.950000" : 0,
            "99.990000" : 0
          }
        },
        "total_ios" : 0
      },
      "usr_cpu" : 0.230285,
      "sys_cpu" : 0.534294,
      "ctx" : 11847,
      "majf" : 0,
      "minf" : 954,
      "iodepth_level" : {
        "1" : 0.100000,
        "2" : 0.100000,
        "4" : 0.100000,
        "8" : 0.100000,
        "16" : 0.100000,
        "32" : 0.100000,
        ">=64" : 99.862715
      },
      "latency_ns" : {
        "2" : 0.000000,
        "4" : 0.000000,
        "10" : 0.000000,
        "20" : 0.000000,
        "50" : 0.000000,
        "100" : 0.000000,
        "250" : 0.000000,
        "500" : 0.000000,
        "750" : 0.000000,
        "1000" : 0.000000
      },
      "latency_us" : {
        "2" : 0.000000,
        "4" : 0.000000,
        "10" : 0.000000,
        "20" : 0.000000,
        "50" : 0.000000,
        "100" : 0.000000,
        "250" : 0.000000,
        "500" : 0.000000,
        "750" : 0.000000,
        "1000" : 0.000000
      },
      "latency_ms" : {
        "2" : 0.000000,
        "4" : 0.000000,
        "10" : 0.010000,
        "20" : 0.292003,
        "50" : 0.213554,
        "100" : 0.069732,
        "250" : 0.146001,
        "500" : 9.485727,
        "750" : 64.709087,
        "1000" : 23.700153,
        "2000" : 0.000000,
        ">=2000" : 0.000000
      },
      "latency_depth" : 256,
      "latency_target" : 0,
      "latency_percentile" : 100.000000,
      "latency_window" : 0
    }
  ]
}
