{
  "fio version" : "fio-3.7",
  "timestamp" : 1590215570,
  "timestamp_ms" : 1590215570106,
  "time" : "Sat May 23 00:32:50 2020",
  "global options" : {
    "filename" : "/dev/sgt_vg_data_007/MACH2_data_007_524288k",
    "rw" : "randread",
    "ioengine" : "libaio",
    "iodepth" : "128",
    "numjobs" : "1",
    "direct" : "1",
    "random_generator" : "tausworthe64",
    "runtime" : "120"
  },
  "jobs" : [
    {
      "jobname" : "randread-1024k",
      "groupid" : 0,
      "error" : 0,
      "eta" : 0,
      "elapsed" : 122,
      "job options" : {
        "name" : "randread-1024k",
        "bs" : "1024k"
      },
      "read" : {
        "io_bytes" : 21183332352,
        "io_kbytes" : 20686848,
        "bw_bytes" : 175271656,
        "bw" : 171163,
        "iops" : 167.152077,
        "runtime" : 120860,
        "total_ios" : 20202,
        "short_ios" : 0,
        "drop_ios" : 0,
        "slat_ns" : {
          "min" : 48639,
          "max" : 166438661,
          "mean" : 3890487.699634,
          "stddev" : 16167799.425343
        },
        "clat_ns" : {
          "min" : 19521371,
          "max" : 2980965931,
          "mean" : 761709592.313979,
          "stddev" : 245912144.904728,
          "percentile" : {
            "1.000000" : 371195904,
            "5.000000" : 455081984,
            "10.000000" : 509607936,
            "20.000000" : 583008256,
            "30.000000" : 641728512,
            "40.000000" : 683671552,
            "50.000000" : 725614592,
            "60.000000" : 767557632,
            "70.000000" : 826277888,
            "80.000000" : 901775360,
            "90.000000" : 1044381696,
            "95.000000" : 1199570944,
            "99.000000" : 1652555776,
            "99.500000" : 1870659584,
            "99.900000" : 2399141888,
            "99.950000" : 2734686208,
            "99.990000" : 2835349504
          }
        },
        "lat_ns" : {
          "min" : 20008172,
          "max" : 2981256044,
          "mean" : 765600302.505689,
          "stddev" : 246407846.306416
        },
        "bw_min" : 2048,
        "bw_max" : 225280,
        "bw_agg" : 99.619074,
        "bw_mean" : 170510.995851,
        "bw_dev" : 22008.388723,
        "bw_samples" : 241,
        "iops_min" : 2,
        "iops_max" : 220,
        "iops_mean" : 166.356846,
        "iops_stddev" : 21.461915,
        "iops_samples" : 241
      },
      "write" : {
        "io_bytes" : 0,
        "io_kbytes" : 0,
        "bw_bytes" : 0,
        "bw" : 0,
        "iops" : 0.000000,
        "runtime" : 0,
        "total_ios" : 0,
        "short_ios" : 0,
        "drop_ios" : 0,
        "slat_ns" : {
          "min" : 0,
          "max" : 0,
          "mean" : 0.000000,
          "stddev" : 0.000000
        },
        "clat_ns" : {
          "min" : 0,
          "max" : 0,
          "mean" : 0.000000,
          "stddev" : 0.000000,
          "percentile" : {
            "1.000000" : 0,
            "5.000000" : 0,
            "10.000000" : 0,
            "20.000000" : 0,
            "30.000000" : 0,
            "40.000000" : 0,
            "50.000000" : 0,
            "60.000000" : 0,
            "70.000000" : 0,
            "80.000000" : 0,
            "90.000000" : 0,
            "95.000000" : 0,
            "99.000000" : 0,
            "99.500000" : 0,
            "99.900000" : 0,
            "99.950000" : 0,
            "99.990000" : 0
          }
        },
        "lat_ns" : {
          "min" : 0,
          "max" : 0,
          "mean" : 0.000000,
          "stddev" : 0.000000
        },
        "bw_min" : 0,
        "bw_max" : 0,
        "bw_agg" : 0.000000,
        "bw_mean" : 0.000000,
        "bw_dev" : 0.000000,
        "bw_samples" : 0,
        "iops_min" : 0,
        "iops_max" : 0,
        "iops_mean" : 0.000000,
        "iops_stddev" : 0.000000,
        "iops_samples" : 0
      },
      "trim" : {
        "io_bytes" : 0,
        "io_kbytes" : 0,
        "bw_bytes" : 0,
        "bw" : 0,
        "iops" : 0.000000,
        "runtime" : 0,
        "total_ios" : 0,
        "short_ios" : 0,
        "drop_ios" : 0,
        "slat_ns" : {
          "min" : 0,
          "max" : 0,
          "mean" : 0.000000,
          "stddev" : 0.000000
        },
        "clat_ns" : {
          "min" : 0,
          "max" : 0,
          "mean" : 0.000000,
          "stddev" : 0.000000,
          "percentile" : {
            "1.000000" : 0,
            "5.000000" : 0,
            "10.000000" : 0,
            "20.000000" : 0,
            "30.000000" : 0,
            "40.000000" : 0,
            "50.000000" : 0,
            "60.000000" : 0,
            "70.000000" : 0,
            "80.000000" : 0,
            "90.000000" : 0,
            "95.000000" : 0,
            "99.000000" : 0,
            "99.500000" : 0,
            "99.900000" : 0,
            "99.950000" : 0,
            "99.990000" : 0
          }
        },
        "lat_ns" : {
          "min" : 0,
          "max" : 0,
          "mean" : 0.000000,
          "stddev" : 0.000000
        },
        "bw_min" : 0,
        "bw_max" : 0,
        "bw_agg" : 0.000000,
        "bw_mean" : 0.000000,
        "bw_dev" : 0.000000,
        "bw_samples" : 0,
        "iops_min" : 0,
        "iops_max" : 0,
        "iops_mean" : 0.000000,
        "iops_stddev" : 0.000000,
        "iops_samples" : 0
      },
      "sync" : {
        "lat_ns" : {
          "min" : 0,
          "max" : 0,
          "mean" : 0.000000,
          "stddev" : 0.000000,
          "percentile" : {
            "1.000000" : 0,
            "5.000000" : 0,
            "10.000000" : 0,
            "20.000000" : 0,
            "30.000000" : 0,
            "40.000000" : 0,
            "50.000000" : 0,
            "60.000000" : 0,
            "70.000000" : 0,
            "80.000000" : 0,
            "90.000000" : 0,
            "95.000000" : 0,
            "99.000000" : 0,
            "99.500000" : 0,
            "99.900000" : 0,
            "99.950000" : 0,
            "99.990000" : 0
          }
        },
        "total_ios" : 0
      },
      "usr_cpu" : 0.098462,
      "sys_cpu" : 2.871114,
      "ctx" : 9950,
      "majf" : 0,
      "minf" : 1625,
      "iodepth_level" : {
        "1" : 0.100000,
        "2" : 0.100000,
        "4" : 0.100000,
        "8" : 0.100000,
        "16" : 0.100000,
        "32" : 0.158400,
        ">=64" : 99.688150
      },
      "latency_ns" : {
        "2" : 0.000000,
        "4" : 0.000000,
        "10" : 0.000000,
        "20" : 0.000000,
        "50" : 0.000000,
        "100" : 0.000000,
        "250" : 0.000000,
        "500" : 0.000000,
        "750" : 0.000000,
        "1000" : 0.000000
      },
      "latency_us" : {
        "2" : 0.000000,
        "4" : 0.000000,
        "10" : 0.000000,
        "20" : 0.000000,
        "50" : 0.000000,
        "100" : 0.000000,
        "250" : 0.000000,
        "500" : 0.000000,
        "750" : 0.000000,
        "1000" : 0.000000
      },
      "latency_ms" : {
        "2" : 0.000000,
        "4" : 0.000000,
        "10" : 0.000000,
        "20" : 0.010000,
        "50" : 0.014850,
        "100" : 0.014850,
        "250" : 0.168300,
        "500" : 9.053559,
        "750" : 46.812197,
        "1000" : 31.798832,
        "2000" : 0.000000,
        ">=2000" : 0.000000
      },
      "latency_depth" : 128,
      "latency_target" : 0,
      "latency_percentile" : 100.000000,
      "latency_window" : 0
    }
  ]
}
