{
  "fio version" : "fio-3.7",
  "timestamp" : 1590171041,
  "timestamp_ms" : 1590171041148,
  "time" : "Fri May 22 12:10:41 2020",
  "global options" : {
    "filename" : "/dev/sgt_vg_data_007/MACH2_data_007_524288k",
    "rw" : "read",
    "ioengine" : "libaio",
    "iodepth" : "512",
    "numjobs" : "1",
    "direct" : "1",
    "random_generator" : "tausworthe64",
    "runtime" : "120"
  },
  "jobs" : [
    {
      "jobname" : "read-4k",
      "groupid" : 0,
      "error" : 0,
      "eta" : 0,
      "elapsed" : 121,
      "job options" : {
        "name" : "read-4k",
        "bs" : "4k"
      },
      "read" : {
        "io_bytes" : 5691277312,
        "io_kbytes" : 5557888,
        "bw_bytes" : 47424939,
        "bw" : 46313,
        "iops" : 11578.354416,
        "runtime" : 120006,
        "total_ios" : 1389472,
        "short_ios" : 0,
        "drop_ios" : 0,
        "slat_ns" : {
          "min" : 3005,
          "max" : 43534643,
          "mean" : 85243.405050,
          "stddev" : 540356.815124
        },
        "clat_ns" : {
          "min" : 4730416,
          "max" : 123090722,
          "mean" : 44127656.968036,
          "stddev" : 19850476.330577,
          "percentile" : {
            "1.000000" : 16318464,
            "5.000000" : 19005440,
            "10.000000" : 22675456,
            "20.000000" : 26345472,
            "30.000000" : 28180480,
            "40.000000" : 32112640,
            "50.000000" : 35389440,
            "60.000000" : 46923776,
            "70.000000" : 66846720,
            "80.000000" : 68681728,
            "90.000000" : 69730304,
            "95.000000" : 70778880,
            "99.000000" : 79167488,
            "99.500000" : 86507520,
            "99.900000" : 110624768,
            "99.950000" : 114819072,
            "99.990000" : 117964800
          }
        },
        "lat_ns" : {
          "min" : 5749266,
          "max" : 123094809,
          "mean" : 44212934.706832,
          "stddev" : 19880329.290924
        },
        "bw_min" : 32768,
        "bw_max" : 56143,
        "bw_agg" : 99.941170,
        "bw_mean" : 46285.754167,
        "bw_dev" : 6606.488110,
        "bw_samples" : 240,
        "iops_min" : 8192,
        "iops_max" : 14035,
        "iops_mean" : 11571.391667,
        "iops_stddev" : 1651.597732,
        "iops_samples" : 240
      },
      "write" : {
        "io_bytes" : 0,
        "io_kbytes" : 0,
        "bw_bytes" : 0,
        "bw" : 0,
        "iops" : 0.000000,
        "runtime" : 0,
        "total_ios" : 0,
        "short_ios" : 0,
        "drop_ios" : 0,
        "slat_ns" : {
          "min" : 0,
          "max" : 0,
          "mean" : 0.000000,
          "stddev" : 0.000000
        },
        "clat_ns" : {
          "min" : 0,
          "max" : 0,
          "mean" : 0.000000,
          "stddev" : 0.000000,
          "percentile" : {
            "1.000000" : 0,
            "5.000000" : 0,
            "10.000000" : 0,
            "20.000000" : 0,
            "30.000000" : 0,
            "40.000000" : 0,
            "50.000000" : 0,
            "60.000000" : 0,
            "70.000000" : 0,
            "80.000000" : 0,
            "90.000000" : 0,
            "95.000000" : 0,
            "99.000000" : 0,
            "99.500000" : 0,
            "99.900000" : 0,
            "99.950000" : 0,
            "99.990000" : 0
          }
        },
        "lat_ns" : {
          "min" : 0,
          "max" : 0,
          "mean" : 0.000000,
          "stddev" : 0.000000
        },
        "bw_min" : 0,
        "bw_max" : 0,
        "bw_agg" : 0.000000,
        "bw_mean" : 0.000000,
        "bw_dev" : 0.000000,
        "bw_samples" : 0,
        "iops_min" : 0,
        "iops_max" : 0,
        "iops_mean" : 0.000000,
        "iops_stddev" : 0.000000,
        "iops_samples" : 0
      },
      "trim" : {
        "io_bytes" : 0,
        "io_kbytes" : 0,
        "bw_bytes" : 0,
        "bw" : 0,
        "iops" : 0.000000,
        "runtime" : 0,
        "total_ios" : 0,
        "short_ios" : 0,
        "drop_ios" : 0,
        "slat_ns" : {
          "min" : 0,
          "max" : 0,
          "mean" : 0.000000,
          "stddev" : 0.000000
        },
        "clat_ns" : {
          "min" : 0,
          "max" : 0,
          "mean" : 0.000000,
          "stddev" : 0.000000,
          "percentile" : {
            "1.000000" : 0,
            "5.000000" : 0,
            "10.000000" : 0,
            "20.000000" : 0,
            "30.000000" : 0,
            "40.000000" : 0,
            "50.000000" : 0,
            "60.000000" : 0,
            "70.000000" : 0,
            "80.000000" : 0,
            "90.000000" : 0,
            "95.000000" : 0,
            "99.000000" : 0,
            "99.500000" : 0,
            "99.900000" : 0,
            "99.950000" : 0,
            "99.990000" : 0
          }
        },
        "lat_ns" : {
          "min" : 0,
          "max" : 0,
          "mean" : 0.000000,
          "stddev" : 0.000000
        },
        "bw_min" : 0,
        "bw_max" : 0,
        "bw_agg" : 0.000000,
        "bw_mean" : 0.000000,
        "bw_dev" : 0.000000,
        "bw_samples" : 0,
        "iops_min" : 0,
        "iops_max" : 0,
        "iops_mean" : 0.000000,
        "iops_stddev" : 0.000000,
        "iops_samples" : 0
      },
      "sync" : {
        "lat_ns" : {
          "min" : 0,
          "max" : 0,
          "mean" : 0.000000,
          "stddev" : 0.000000,
          "percentile" : {
            "1.000000" : 0,
            "5.000000" : 0,
            "10.000000" : 0,
            "20.000000" : 0,
            "30.000000" : 0,
            "40.000000" : 0,
            "50.000000" : 0,
            "60.000000" : 0,
            "70.000000" : 0,
            "80.000000" : 0,
            "90.000000" : 0,
            "95.000000" : 0,
            "99.000000" : 0,
            "99.500000" : 0,
            "99.900000" : 0,
            "99.950000" : 0,
            "99.990000" : 0
          }
        },
        "total_ios" : 0
      },
      "usr_cpu" : 1.229949,
      "sys_cpu" : 4.664806,
      "ctx" : 42149,
      "majf" : 0,
      "minf" : 2284,
      "iodepth_level" : {
        "1" : 0.100000,
        "2" : 0.100000,
        "4" : 0.100000,
        "8" : 0.100000,
        "16" : 0.100000,
        "32" : 0.100000,
        ">=64" : 99.995466
      },
      "latency_ns" : {
        "2" : 0.000000,
        "4" : 0.000000,
        "10" : 0.000000,
        "20" : 0.000000,
        "50" : 0.000000,
        "100" : 0.000000,
        "250" : 0.000000,
        "500" : 0.000000,
        "750" : 0.000000,
        "1000" : 0.000000
      },
      "latency_us" : {
        "2" : 0.000000,
        "4" : 0.000000,
        "10" : 0.000000,
        "20" : 0.000000,
        "50" : 0.000000,
        "100" : 0.000000,
        "250" : 0.000000,
        "500" : 0.000000,
        "750" : 0.000000,
        "1000" : 0.000000
      },
      "latency_ms" : {
        "2" : 0.000000,
        "4" : 0.000000,
        "10" : 0.010867,
        "20" : 6.767103,
        "50" : 54.634782,
        "100" : 38.206743,
        "250" : 0.380504,
        "500" : 0.000000,
        "750" : 0.000000,
        "1000" : 0.000000,
        "2000" : 0.000000,
        ">=2000" : 0.000000
      },
      "latency_depth" : 512,
      "latency_target" : 0,
      "latency_percentile" : 100.000000,
      "latency_window" : 0
    }
  ]
}
