{
  "fio version" : "fio-3.7",
  "timestamp" : 1590202968,
  "timestamp_ms" : 1590202968010,
  "time" : "Fri May 22 21:02:48 2020",
  "global options" : {
    "filename" : "/dev/sgt_vg_data_010/MACH2_data_010_4194304k",
    "rw" : "randrw",
    "ioengine" : "libaio",
    "iodepth" : "8",
    "numjobs" : "1",
    "direct" : "1",
    "random_generator" : "tausworthe64",
    "runtime" : "120"
  },
  "jobs" : [
    {
      "jobname" : "randrw-1024k",
      "groupid" : 0,
      "error" : 0,
      "eta" : 0,
      "elapsed" : 121,
      "job options" : {
        "name" : "randrw-1024k",
        "bs" : "1024k"
      },
      "read" : {
        "io_bytes" : 8662286336,
        "io_kbytes" : 8459264,
        "bw_bytes" : 72137627,
        "bw" : 70446,
        "iops" : 68.795803,
        "runtime" : 120080,
        "total_ios" : 8261,
        "short_ios" : 0,
        "drop_ios" : 0,
        "slat_ns" : {
          "min" : 46282,
          "max" : 1623256,
          "mean" : 211398.068878,
          "stddev" : 102796.322881
        },
        "clat_ns" : {
          "min" : 7973410,
          "max" : 1225899121,
          "mean" : 71385877.236896,
          "stddev" : 65625582.528749,
          "percentile" : {
            "1.000000" : 13041664,
            "5.000000" : 17694720,
            "10.000000" : 21364736,
            "20.000000" : 26607616,
            "30.000000" : 32112640,
            "40.000000" : 39059456,
            "50.000000" : 48496640,
            "60.000000" : 61603840,
            "70.000000" : 79167488,
            "80.000000" : 104333312,
            "90.000000" : 149946368,
            "95.000000" : 198180864,
            "99.000000" : 312475648,
            "99.500000" : 371195904,
            "99.900000" : 530579456,
            "99.950000" : 549453824,
            "99.990000" : 1233125376
          }
        },
        "lat_ns" : {
          "min" : 8030793,
          "max" : 1225996121,
          "mean" : 71597709.956179,
          "stddev" : 65624847.203518
        },
        "bw_min" : 38912,
        "bw_max" : 94208,
        "bw_agg" : 99.978246,
        "bw_mean" : 70430.675000,
        "bw_dev" : 9598.583440,
        "bw_samples" : 240,
        "iops_min" : 38,
        "iops_max" : 92,
        "iops_mean" : 68.708333,
        "iops_stddev" : 9.393219,
        "iops_samples" : 240
      },
      "write" : {
        "io_bytes" : 8709472256,
        "io_kbytes" : 8505344,
        "bw_bytes" : 72530581,
        "bw" : 70830,
        "iops" : 69.170553,
        "runtime" : 120080,
        "total_ios" : 8306,
        "short_ios" : 0,
        "drop_ios" : 0,
        "slat_ns" : {
          "min" : 59261,
          "max" : 1758296,
          "mean" : 258745.346497,
          "stddev" : 108242.041045
        },
        "clat_ns" : {
          "min" : 1254082,
          "max" : 281104037,
          "mean" : 44165955.797014,
          "stddev" : 34866528.196082,
          "percentile" : {
            "1.000000" : 1400832,
            "5.000000" : 1892352,
            "10.000000" : 2277376,
            "20.000000" : 14352384,
            "30.000000" : 24510464,
            "40.000000" : 30801920,
            "50.000000" : 37486592,
            "60.000000" : 45350912,
            "70.000000" : 55312384,
            "80.000000" : 68681728,
            "90.000000" : 90701824,
            "95.000000" : 111673344,
            "99.000000" : 154140672,
            "99.500000" : 173015040,
            "99.900000" : 221249536,
            "99.950000" : 235929600,
            "99.990000" : 283115520
          }
        },
        "lat_ns" : {
          "min" : 1374901,
          "max" : 281262520,
          "mean" : 44425168.586684,
          "stddev" : 34865058.036510
        },
        "bw_min" : 32768,
        "bw_max" : 94208,
        "bw_agg" : 100.000000,
        "bw_mean" : 70848.691667,
        "bw_dev" : 9989.729117,
        "bw_samples" : 240,
        "iops_min" : 32,
        "iops_max" : 92,
        "iops_mean" : 69.116667,
        "iops_stddev" : 9.769034,
        "iops_samples" : 240
      },
      "trim" : {
        "io_bytes" : 0,
        "io_kbytes" : 0,
        "bw_bytes" : 0,
        "bw" : 0,
        "iops" : 0.000000,
        "runtime" : 0,
        "total_ios" : 0,
        "short_ios" : 0,
        "drop_ios" : 0,
        "slat_ns" : {
          "min" : 0,
          "max" : 0,
          "mean" : 0.000000,
          "stddev" : 0.000000
        },
        "clat_ns" : {
          "min" : 0,
          "max" : 0,
          "mean" : 0.000000,
          "stddev" : 0.000000,
          "percentile" : {
            "1.000000" : 0,
            "5.000000" : 0,
            "10.000000" : 0,
            "20.000000" : 0,
            "30.000000" : 0,
            "40.000000" : 0,
            "50.000000" : 0,
            "60.000000" : 0,
            "70.000000" : 0,
            "80.000000" : 0,
            "90.000000" : 0,
            "95.000000" : 0,
            "99.000000" : 0,
            "99.500000" : 0,
            "99.900000" : 0,
            "99.950000" : 0,
            "99.990000" : 0
          }
        },
        "lat_ns" : {
          "min" : 0,
          "max" : 0,
          "mean" : 0.000000,
          "stddev" : 0.000000
        },
        "bw_min" : 0,
        "bw_max" : 0,
        "bw_agg" : 0.000000,
        "bw_mean" : 0.000000,
        "bw_dev" : 0.000000,
        "bw_samples" : 0,
        "iops_min" : 0,
        "iops_max" : 0,
        "iops_mean" : 0.000000,
        "iops_stddev" : 0.000000,
        "iops_samples" : 0
      },
      "sync" : {
        "lat_ns" : {
          "min" : 0,
          "max" : 0,
          "mean" : 0.000000,
          "stddev" : 0.000000,
          "percentile" : {
            "1.000000" : 0,
            "5.000000" : 0,
            "10.000000" : 0,
            "20.000000" : 0,
            "30.000000" : 0,
            "40.000000" : 0,
            "50.000000" : 0,
            "60.000000" : 0,
            "70.000000" : 0,
            "80.000000" : 0,
            "90.000000" : 0,
            "95.000000" : 0,
            "99.000000" : 0,
            "99.500000" : 0,
            "99.900000" : 0,
            "99.950000" : 0,
            "99.990000" : 0
          }
        },
        "total_ios" : 0
      },
      "usr_cpu" : 0.579618,
      "sys_cpu" : 3.042997,
      "ctx" : 16070,
      "majf" : 0,
      "minf" : 1914,
      "iodepth_level" : {
        "1" : 0.100000,
        "2" : 0.100000,
        "4" : 0.100000,
        "8" : 99.957747,
        "16" : 0.000000,
        "32" : 0.000000,
        ">=64" : 0.000000
      },
      "latency_ns" : {
        "2" : 0.000000,
        "4" : 0.000000,
        "10" : 0.000000,
        "20" : 0.000000,
        "50" : 0.000000,
        "100" : 0.000000,
        "250" : 0.000000,
        "500" : 0.000000,
        "750" : 0.000000,
        "1000" : 0.000000
      },
      "latency_us" : {
        "2" : 0.000000,
        "4" : 0.000000,
        "10" : 0.000000,
        "20" : 0.000000,
        "50" : 0.000000,
        "100" : 0.000000,
        "250" : 0.000000,
        "500" : 0.000000,
        "750" : 0.000000,
        "1000" : 0.000000
      },
      "latency_ms" : {
        "2" : 3.187059,
        "4" : 3.500936,
        "10" : 2.022092,
        "20" : 7.750347,
        "50" : 41.655097,
        "100" : 27.307298,
        "250" : 13.333736,
        "500" : 1.183075,
        "750" : 0.048289,
        "1000" : 0.000000,
        "2000" : 0.000000,
        ">=2000" : 0.000000
      },
      "latency_depth" : 8,
      "latency_target" : 0,
      "latency_percentile" : 100.000000,
      "latency_window" : 0
    }
  ]
}
