{
  "fio version" : "fio-3.7",
  "timestamp" : 1589158717,
  "timestamp_ms" : 1589158717761,
  "time" : "Sun May 10 18:58:37 2020",
  "global options" : {
    "filename" : "/dev/sgt_vg_data_000_001/EVANS_data_000_001_4k",
    "rw" : "randrw",
    "ioengine" : "libaio",
    "iodepth" : "128",
    "numjobs" : "1",
    "direct" : "1",
    "runtime" : "120"
  },
  "jobs" : [
    {
      "jobname" : "randrw-2048k",
      "groupid" : 0,
      "error" : 0,
      "eta" : 0,
      "elapsed" : 121,
      "job options" : {
        "name" : "randrw-2048k",
        "bs" : "2048k"
      },
      "read" : {
        "io_bytes" : 13316915200,
        "io_kbytes" : 13004800,
        "bw_bytes" : 110310591,
        "bw" : 107725,
        "iops" : 52.600189,
        "runtime" : 120722,
        "total_ios" : 6350,
        "short_ios" : 0,
        "drop_ios" : 0,
        "slat_ns" : {
          "min" : 711743,
          "max" : 132506861,
          "mean" : 9368677.696850,
          "stddev" : 23216899.444807
        },
        "clat_ns" : {
          "min" : 198733057,
          "max" : 3270990439,
          "mean" : 1580082959.774168,
          "stddev" : 534193837.151230,
          "percentile" : {
            "1.000000" : 675282944,
            "5.000000" : 859832320,
            "10.000000" : 960495616,
            "20.000000" : 1098907648,
            "30.000000" : 1216348160,
            "40.000000" : 1350565888,
            "50.000000" : 1484783616,
            "60.000000" : 1635778560,
            "70.000000" : 1837105152,
            "80.000000" : 2071986176,
            "90.000000" : 2365587456,
            "95.000000" : 2566914048,
            "99.000000" : 2936012800,
            "99.500000" : 3003121664,
            "99.900000" : 3238002688,
            "99.950000" : 3238002688,
            "99.990000" : 3271557120
          }
        },
        "lat_ns" : {
          "min" : 199803054,
          "max" : 3335090138,
          "mean" : 1589451925.702207,
          "stddev" : 534560003.588476
        },
        "bw_min" : 4096,
        "bw_max" : 208896,
        "bw_agg" : 98.601017,
        "bw_mean" : 106217.946058,
        "bw_dev" : 25047.306647,
        "bw_samples" : 241,
        "iops_min" : 2,
        "iops_max" : 102,
        "iops_mean" : 51.763485,
        "iops_stddev" : 12.250428,
        "iops_samples" : 241
      },
      "write" : {
        "io_bytes" : 13392412672,
        "io_kbytes" : 13078528,
        "bw_bytes" : 110935974,
        "bw" : 108335,
        "iops" : 52.898395,
        "runtime" : 120722,
        "total_ios" : 6386,
        "short_ios" : 0,
        "drop_ios" : 0,
        "slat_ns" : {
          "min" : 794688,
          "max" : 125606853,
          "mean" : 9471820.014250,
          "stddev" : 23264939.414700
        },
        "clat_ns" : {
          "min" : 118881225,
          "max" : 2870588732,
          "mean" : 828251688.950673,
          "stddev" : 194131193.240384,
          "percentile" : {
            "1.000000" : 408944640,
            "5.000000" : 557842432,
            "10.000000" : 608174080,
            "20.000000" : 675282944,
            "30.000000" : 734003200,
            "40.000000" : 784334848,
            "50.000000" : 826277888,
            "60.000000" : 868220928,
            "70.000000" : 918552576,
            "80.000000" : 977272832,
            "90.000000" : 1035993088,
            "95.000000" : 1082130432,
            "99.000000" : 1216348160,
            "99.500000" : 1585446912,
            "99.900000" : 2600468480,
            "99.950000" : 2768240640,
            "99.990000" : 2868903936
          }
        },
        "lat_ns" : {
          "min" : 120300844,
          "max" : 2871679902,
          "mean" : 837723753.841842,
          "stddev" : 194186692.762726
        },
        "bw_min" : 20480,
        "bw_max" : 183952,
        "bw_agg" : 100.000000,
        "bw_mean" : 108485.320833,
        "bw_dev" : 23651.776264,
        "bw_samples" : 240,
        "iops_min" : 10,
        "iops_max" : 89,
        "iops_mean" : 52.870833,
        "iops_stddev" : 11.553948,
        "iops_samples" : 240
      },
      "trim" : {
        "io_bytes" : 0,
        "io_kbytes" : 0,
        "bw_bytes" : 0,
        "bw" : 0,
        "iops" : 0.000000,
        "runtime" : 0,
        "total_ios" : 0,
        "short_ios" : 0,
        "drop_ios" : 0,
        "slat_ns" : {
          "min" : 0,
          "max" : 0,
          "mean" : 0.000000,
          "stddev" : 0.000000
        },
        "clat_ns" : {
          "min" : 0,
          "max" : 0,
          "mean" : 0.000000,
          "stddev" : 0.000000,
          "percentile" : {
            "1.000000" : 0,
            "5.000000" : 0,
            "10.000000" : 0,
            "20.000000" : 0,
            "30.000000" : 0,
            "40.000000" : 0,
            "50.000000" : 0,
            "60.000000" : 0,
            "70.000000" : 0,
            "80.000000" : 0,
            "90.000000" : 0,
            "95.000000" : 0,
            "99.000000" : 0,
            "99.500000" : 0,
            "99.900000" : 0,
            "99.950000" : 0,
            "99.990000" : 0
          }
        },
        "lat_ns" : {
          "min" : 0,
          "max" : 0,
          "mean" : 0.000000,
          "stddev" : 0.000000
        },
        "bw_min" : 0,
        "bw_max" : 0,
        "bw_agg" : 0.000000,
        "bw_mean" : 0.000000,
        "bw_dev" : 0.000000,
        "bw_samples" : 0,
        "iops_min" : 0,
        "iops_max" : 0,
        "iops_mean" : 0.000000,
        "iops_stddev" : 0.000000,
        "iops_samples" : 0
      },
      "sync" : {
        "lat_ns" : {
          "min" : 0,
          "max" : 0,
          "mean" : 0.000000,
          "stddev" : 0.000000,
          "percentile" : {
            "1.000000" : 0,
            "5.000000" : 0,
            "10.000000" : 0,
            "20.000000" : 0,
            "30.000000" : 0,
            "40.000000" : 0,
            "50.000000" : 0,
            "60.000000" : 0,
            "70.000000" : 0,
            "80.000000" : 0,
            "90.000000" : 0,
            "95.000000" : 0,
            "99.000000" : 0,
            "99.500000" : 0,
            "99.900000" : 0,
            "99.950000" : 0,
            "99.990000" : 0
          }
        },
        "total_ios" : 0
      },
      "usr_cpu" : 0.645290,
      "sys_cpu" : 9.235344,
      "ctx" : 1738,
      "majf" : 0,
      "minf" : 4335,
      "iodepth_level" : {
        "1" : 0.100000,
        "2" : 0.100000,
        "4" : 0.100000,
        "8" : 0.100000,
        "16" : 0.125628,
        "32" : 0.251256,
        ">=64" : 99.505339
      },
      "latency_ns" : {
        "2" : 0.000000,
        "4" : 0.000000,
        "10" : 0.000000,
        "20" : 0.000000,
        "50" : 0.000000,
        "100" : 0.000000,
        "250" : 0.000000,
        "500" : 0.000000,
        "750" : 0.000000,
        "1000" : 0.000000
      },
      "latency_us" : {
        "2" : 0.000000,
        "4" : 0.000000,
        "10" : 0.000000,
        "20" : 0.000000,
        "50" : 0.000000,
        "100" : 0.000000,
        "250" : 0.000000,
        "500" : 0.000000,
        "750" : 0.000000,
        "1000" : 0.000000
      },
      "latency_ms" : {
        "2" : 0.000000,
        "4" : 0.000000,
        "10" : 0.000000,
        "20" : 0.000000,
        "50" : 0.000000,
        "100" : 0.000000,
        "250" : 0.243405,
        "500" : 0.808731,
        "750" : 16.166771,
        "1000" : 31.210741,
        "2000" : 0.000000,
        ">=2000" : 0.000000
      },
      "latency_depth" : 128,
      "latency_target" : 0,
      "latency_percentile" : 100.000000,
      "latency_window" : 0
    }
  ]
}
