{
  "fio version" : "fio-3.7",
  "timestamp" : 1589148544,
  "timestamp_ms" : 1589148544754,
  "time" : "Sun May 10 16:09:04 2020",
  "global options" : {
    "filename" : "/dev/sgt_vg_data_004_005/EVANS_data_004_005_16k",
    "rw" : "randrw",
    "ioengine" : "libaio",
    "iodepth" : "8",
    "numjobs" : "1",
    "direct" : "1",
    "runtime" : "120"
  },
  "jobs" : [
    {
      "jobname" : "randrw-4k",
      "groupid" : 0,
      "error" : 0,
      "eta" : 0,
      "elapsed" : 121,
      "job options" : {
        "name" : "randrw-4k",
        "bs" : "4k"
      },
      "read" : {
        "io_bytes" : 110358528,
        "io_kbytes" : 107772,
        "bw_bytes" : 919363,
        "bw" : 897,
        "iops" : 224.453923,
        "runtime" : 120038,
        "total_ios" : 26943,
        "short_ios" : 0,
        "drop_ios" : 0,
        "slat_ns" : {
          "min" : 3192,
          "max" : 92397,
          "mean" : 20134.635081,
          "stddev" : 8857.004481
        },
        "clat_ns" : {
          "min" : 1534069,
          "max" : 220539878,
          "mean" : 34973240.006644,
          "stddev" : 25898398.757594,
          "percentile" : {
            "1.000000" : 5013504,
            "5.000000" : 7831552,
            "10.000000" : 10027008,
            "20.000000" : 13959168,
            "30.000000" : 17694720,
            "40.000000" : 21889024,
            "50.000000" : 27131904,
            "60.000000" : 33816576,
            "70.000000" : 42205184,
            "80.000000" : 53739520,
            "90.000000" : 71827456,
            "95.000000" : 87556096,
            "99.000000" : 117964800,
            "99.500000" : 131596288,
            "99.900000" : 173015040,
            "99.950000" : 189792256,
            "99.990000" : 210763776
          }
        },
        "lat_ns" : {
          "min" : 1545788,
          "max" : 220551999,
          "mean" : 34993688.915822,
          "stddev" : 25898241.091204
        },
        "bw_min" : 704,
        "bw_max" : 1000,
        "bw_agg" : 100.000000,
        "bw_mean" : 897.433333,
        "bw_dev" : 42.128461,
        "bw_samples" : 240,
        "iops_min" : 176,
        "iops_max" : 250,
        "iops_mean" : 224.258333,
        "iops_stddev" : 10.517963,
        "iops_samples" : 240
      },
      "write" : {
        "io_bytes" : 110280704,
        "io_kbytes" : 107696,
        "bw_bytes" : 918714,
        "bw" : 897,
        "iops" : 224.295640,
        "runtime" : 120038,
        "total_ios" : 26924,
        "short_ios" : 0,
        "drop_ios" : 0,
        "slat_ns" : {
          "min" : 3129,
          "max" : 311999,
          "mean" : 19901.372047,
          "stddev" : 9860.699654
        },
        "clat_ns" : {
          "min" : 8074,
          "max" : 125649741,
          "mean" : 595754.950342,
          "stddev" : 3284874.012354,
          "percentile" : {
            "1.000000" : 164864,
            "5.000000" : 191488,
            "10.000000" : 209920,
            "20.000000" : 236544,
            "30.000000" : 257024,
            "40.000000" : 276480,
            "50.000000" : 296960,
            "60.000000" : 325632,
            "70.000000" : 370688,
            "80.000000" : 481280,
            "90.000000" : 831488,
            "95.000000" : 962560,
            "99.000000" : 1318912,
            "99.500000" : 8159232,
            "99.900000" : 63700992,
            "99.950000" : 73924608,
            "99.990000" : 98041856
          }
        },
        "lat_ns" : {
          "min" : 130950,
          "max" : 125661715,
          "mean" : 615972.324469,
          "stddev" : 3285011.811670
        },
        "bw_min" : 568,
        "bw_max" : 1232,
        "bw_agg" : 100.000000,
        "bw_mean" : 897.041667,
        "bw_dev" : 123.196370,
        "bw_samples" : 240,
        "iops_min" : 142,
        "iops_max" : 308,
        "iops_mean" : 224.166667,
        "iops_stddev" : 30.808447,
        "iops_samples" : 240
      },
      "trim" : {
        "io_bytes" : 0,
        "io_kbytes" : 0,
        "bw_bytes" : 0,
        "bw" : 0,
        "iops" : 0.000000,
        "runtime" : 0,
        "total_ios" : 0,
        "short_ios" : 0,
        "drop_ios" : 0,
        "slat_ns" : {
          "min" : 0,
          "max" : 0,
          "mean" : 0.000000,
          "stddev" : 0.000000
        },
        "clat_ns" : {
          "min" : 0,
          "max" : 0,
          "mean" : 0.000000,
          "stddev" : 0.000000,
          "percentile" : {
            "1.000000" : 0,
            "5.000000" : 0,
            "10.000000" : 0,
            "20.000000" : 0,
            "30.000000" : 0,
            "40.000000" : 0,
            "50.000000" : 0,
            "60.000000" : 0,
            "70.000000" : 0,
            "80.000000" : 0,
            "90.000000" : 0,
            "95.000000" : 0,
            "99.000000" : 0,
            "99.500000" : 0,
            "99.900000" : 0,
            "99.950000" : 0,
            "99.990000" : 0
          }
        },
        "lat_ns" : {
          "min" : 0,
          "max" : 0,
          "mean" : 0.000000,
          "stddev" : 0.000000
        },
        "bw_min" : 0,
        "bw_max" : 0,
        "bw_agg" : 0.000000,
        "bw_mean" : 0.000000,
        "bw_dev" : 0.000000,
        "bw_samples" : 0,
        "iops_min" : 0,
        "iops_max" : 0,
        "iops_mean" : 0.000000,
        "iops_stddev" : 0.000000,
        "iops_samples" : 0
      },
      "sync" : {
        "lat_ns" : {
          "min" : 0,
          "max" : 0,
          "mean" : 0.000000,
          "stddev" : 0.000000,
          "percentile" : {
            "1.000000" : 0,
            "5.000000" : 0,
            "10.000000" : 0,
            "20.000000" : 0,
            "30.000000" : 0,
            "40.000000" : 0,
            "50.000000" : 0,
            "60.000000" : 0,
            "70.000000" : 0,
            "80.000000" : 0,
            "90.000000" : 0,
            "95.000000" : 0,
            "99.000000" : 0,
            "99.500000" : 0,
            "99.900000" : 0,
            "99.950000" : 0,
            "99.990000" : 0
          }
        },
        "total_ios" : 0
      },
      "usr_cpu" : 0.524005,
      "sys_cpu" : 1.429559,
      "ctx" : 53097,
      "majf" : 0,
      "minf" : 1486,
      "iodepth_level" : {
        "1" : 0.100000,
        "2" : 0.100000,
        "4" : 0.100000,
        "8" : 99.987005,
        "16" : 0.000000,
        "32" : 0.000000,
        ">=64" : 0.000000
      },
      "latency_ns" : {
        "2" : 0.000000,
        "4" : 0.000000,
        "10" : 0.000000,
        "20" : 0.000000,
        "50" : 0.000000,
        "100" : 0.000000,
        "250" : 0.000000,
        "500" : 0.000000,
        "750" : 0.000000,
        "1000" : 0.000000
      },
      "latency_us" : {
        "2" : 0.000000,
        "4" : 0.000000,
        "10" : 0.010000,
        "20" : 0.000000,
        "50" : 0.000000,
        "100" : 0.000000,
        "250" : 13.330982,
        "500" : 26.977556,
        "750" : 3.324856,
        "1000" : 4.397869
      },
      "latency_ms" : {
        "2" : 1.553827,
        "4" : 0.187499,
        "10" : 4.925093,
        "20" : 12.954128,
        "50" : 20.879202,
        "100" : 10.189912,
        "250" : 1.277220,
        "500" : 0.000000,
        "750" : 0.000000,
        "1000" : 0.000000,
        "2000" : 0.000000,
        ">=2000" : 0.000000
      },
      "latency_depth" : 8,
      "latency_target" : 0,
      "latency_percentile" : 100.000000,
      "latency_window" : 0
    }
  ]
}
