{
  "fio version" : "fio-3.7",
  "timestamp" : 1589147537,
  "timestamp_ms" : 1589147537742,
  "time" : "Sun May 10 15:52:17 2020",
  "global options" : {
    "filename" : "/dev/sgt_vg_data_007/MACH2_data_007_512k",
    "rw" : "randrw",
    "ioengine" : "libaio",
    "iodepth" : "32",
    "numjobs" : "1",
    "direct" : "1",
    "runtime" : "120"
  },
  "jobs" : [
    {
      "jobname" : "randrw-4k",
      "groupid" : 0,
      "error" : 0,
      "eta" : 0,
      "elapsed" : 121,
      "job options" : {
        "name" : "randrw-4k",
        "bs" : "4k"
      },
      "read" : {
        "io_bytes" : 88051712,
        "io_kbytes" : 85988,
        "bw_bytes" : 732695,
        "bw" : 715,
        "iops" : 178.880799,
        "runtime" : 120175,
        "total_ios" : 21497,
        "short_ios" : 0,
        "drop_ios" : 0,
        "slat_ns" : {
          "min" : 3255,
          "max" : 85529,
          "mean" : 22626.221101,
          "stddev" : 9757.134272
        },
        "clat_ns" : {
          "min" : 2790379,
          "max" : 2413078829,
          "mean" : 171683503.145788,
          "stddev" : 169498214.711234,
          "percentile" : {
            "1.000000" : 8847360,
            "5.000000" : 16318464,
            "10.000000" : 24248320,
            "20.000000" : 41680896,
            "30.000000" : 62128128,
            "40.000000" : 88604672,
            "50.000000" : 119013376,
            "60.000000" : 158334976,
            "70.000000" : 208666624,
            "80.000000" : 274726912,
            "90.000000" : 387973120,
            "95.000000" : 497025024,
            "99.000000" : 759169024,
            "99.500000" : 926941184,
            "99.900000" : 1367343104,
            "99.950000" : 1669332992,
            "99.990000" : 2231369728
          }
        },
        "lat_ns" : {
          "min" : 2805573,
          "max" : 2413110210,
          "mean" : 171706585.341025,
          "stddev" : 169498130.946464
        },
        "bw_min" : 544,
        "bw_max" : 1144,
        "bw_agg" : 100.000000,
        "bw_mean" : 715.291667,
        "bw_dev" : 64.666883,
        "bw_samples" : 240,
        "iops_min" : 136,
        "iops_max" : 286,
        "iops_mean" : 178.770833,
        "iops_stddev" : 16.178191,
        "iops_samples" : 240
      },
      "write" : {
        "io_bytes" : 87904256,
        "io_kbytes" : 85844,
        "bw_bytes" : 731468,
        "bw" : 714,
        "iops" : 178.581236,
        "runtime" : 120175,
        "total_ios" : 21461,
        "short_ios" : 0,
        "drop_ios" : 0,
        "slat_ns" : {
          "min" : 3379,
          "max" : 131342,
          "mean" : 23057.621779,
          "stddev" : 10287.853517
        },
        "clat_ns" : {
          "min" : 68125,
          "max" : 153941974,
          "mean" : 7089250.704907,
          "stddev" : 10485198.903362,
          "percentile" : {
            "1.000000" : 98816,
            "5.000000" : 138240,
            "10.000000" : 164864,
            "20.000000" : 232448,
            "30.000000" : 643072,
            "40.000000" : 1187840,
            "50.000000" : 2736128,
            "60.000000" : 4554752,
            "70.000000" : 7372800,
            "80.000000" : 12124160,
            "90.000000" : 20316160,
            "95.000000" : 28966912,
            "99.000000" : 49020928,
            "99.500000" : 55312384,
            "99.900000" : 70778880,
            "99.950000" : 74973184,
            "99.990000" : 80216064
          }
        },
        "lat_ns" : {
          "min" : 79400,
          "max" : 153954307,
          "mean" : 7112766.679558,
          "stddev" : 10485868.440357
        },
        "bw_min" : 536,
        "bw_max" : 1448,
        "bw_agg" : 100.000000,
        "bw_mean" : 715.158333,
        "bw_dev" : 84.722782,
        "bw_samples" : 240,
        "iops_min" : 134,
        "iops_max" : 362,
        "iops_mean" : 178.737500,
        "iops_stddev" : 21.172579,
        "iops_samples" : 240
      },
      "trim" : {
        "io_bytes" : 0,
        "io_kbytes" : 0,
        "bw_bytes" : 0,
        "bw" : 0,
        "iops" : 0.000000,
        "runtime" : 0,
        "total_ios" : 0,
        "short_ios" : 0,
        "drop_ios" : 0,
        "slat_ns" : {
          "min" : 0,
          "max" : 0,
          "mean" : 0.000000,
          "stddev" : 0.000000
        },
        "clat_ns" : {
          "min" : 0,
          "max" : 0,
          "mean" : 0.000000,
          "stddev" : 0.000000,
          "percentile" : {
            "1.000000" : 0,
            "5.000000" : 0,
            "10.000000" : 0,
            "20.000000" : 0,
            "30.000000" : 0,
            "40.000000" : 0,
            "50.000000" : 0,
            "60.000000" : 0,
            "70.000000" : 0,
            "80.000000" : 0,
            "90.000000" : 0,
            "95.000000" : 0,
            "99.000000" : 0,
            "99.500000" : 0,
            "99.900000" : 0,
            "99.950000" : 0,
            "99.990000" : 0
          }
        },
        "lat_ns" : {
          "min" : 0,
          "max" : 0,
          "mean" : 0.000000,
          "stddev" : 0.000000
        },
        "bw_min" : 0,
        "bw_max" : 0,
        "bw_agg" : 0.000000,
        "bw_mean" : 0.000000,
        "bw_dev" : 0.000000,
        "bw_samples" : 0,
        "iops_min" : 0,
        "iops_max" : 0,
        "iops_mean" : 0.000000,
        "iops_stddev" : 0.000000,
        "iops_samples" : 0
      },
      "sync" : {
        "lat_ns" : {
          "min" : 0,
          "max" : 0,
          "mean" : 0.000000,
          "stddev" : 0.000000,
          "percentile" : {
            "1.000000" : 0,
            "5.000000" : 0,
            "10.000000" : 0,
            "20.000000" : 0,
            "30.000000" : 0,
            "40.000000" : 0,
            "50.000000" : 0,
            "60.000000" : 0,
            "70.000000" : 0,
            "80.000000" : 0,
            "90.000000" : 0,
            "95.000000" : 0,
            "99.000000" : 0,
            "99.500000" : 0,
            "99.900000" : 0,
            "99.950000" : 0,
            "99.990000" : 0
          }
        },
        "total_ios" : 0
      },
      "usr_cpu" : 0.501772,
      "sys_cpu" : 1.411287,
      "ctx" : 41821,
      "majf" : 0,
      "minf" : 972,
      "iodepth_level" : {
        "1" : 0.100000,
        "2" : 0.100000,
        "4" : 0.100000,
        "8" : 0.100000,
        "16" : 0.100000,
        "32" : 99.927836,
        ">=64" : 0.000000
      },
      "latency_ns" : {
        "2" : 0.000000,
        "4" : 0.000000,
        "10" : 0.000000,
        "20" : 0.000000,
        "50" : 0.000000,
        "100" : 0.000000,
        "250" : 0.000000,
        "500" : 0.000000,
        "750" : 0.000000,
        "1000" : 0.000000
      },
      "latency_us" : {
        "2" : 0.000000,
        "4" : 0.000000,
        "10" : 0.000000,
        "20" : 0.000000,
        "50" : 0.000000,
        "100" : 0.526095,
        "250" : 10.137809,
        "500" : 2.935425,
        "750" : 2.639788,
        "1000" : 2.374412
      },
      "latency_ms" : {
        "2" : 4.483449,
        "4" : 5.354067,
        "10" : 10.235579,
        "20" : 9.742074,
        "50" : 13.245496,
        "100" : 10.265841,
        "250" : 16.390428,
        "500" : 9.246241,
        "750" : 1.897202,
        "1000" : 0.367801,
        "2000" : 0.000000,
        ">=2000" : 0.000000
      },
      "latency_depth" : 32,
      "latency_target" : 0,
      "latency_percentile" : 100.000000,
      "latency_window" : 0
    }
  ]
}
