{
  "fio version" : "fio-3.7",
  "timestamp" : 1589148867,
  "timestamp_ms" : 1589148867331,
  "time" : "Sun May 10 16:14:27 2020",
  "global options" : {
    "filename" : "/dev/sgt_vg_data_009/MACH2_data_009_2048k",
    "rw" : "randrw",
    "ioengine" : "libaio",
    "iodepth" : "64",
    "numjobs" : "1",
    "direct" : "1",
    "runtime" : "120"
  },
  "jobs" : [
    {
      "jobname" : "randrw-8k",
      "groupid" : 0,
      "error" : 0,
      "eta" : 0,
      "elapsed" : 121,
      "job options" : {
        "name" : "randrw-8k",
        "bs" : "8k"
      },
      "read" : {
        "io_bytes" : 194666496,
        "io_kbytes" : 190104,
        "bw_bytes" : 1618659,
        "bw" : 1580,
        "iops" : 197.590301,
        "runtime" : 120264,
        "total_ios" : 23763,
        "short_ios" : 0,
        "drop_ios" : 0,
        "slat_ns" : {
          "min" : 3662,
          "max" : 2045884,
          "mean" : 24614.049194,
          "stddev" : 16945.776706
        },
        "clat_ns" : {
          "min" : 3434604,
          "max" : 2520432740,
          "mean" : 303308617.550096,
          "stddev" : 290729624.906117,
          "percentile" : {
            "1.000000" : 13959168,
            "5.000000" : 28704768,
            "10.000000" : 44826624,
            "20.000000" : 77070336,
            "30.000000" : 114819072,
            "40.000000" : 160432128,
            "50.000000" : 214958080,
            "60.000000" : 283115520,
            "70.000000" : 367001600,
            "80.000000" : 484442112,
            "90.000000" : 675282944,
            "95.000000" : 868220928,
            "99.000000" : 1384120320,
            "99.500000" : 1602224128,
            "99.900000" : 2197815296,
            "99.950000" : 2399141888,
            "99.990000" : 2466250752
          }
        },
        "lat_ns" : {
          "min" : 3467080,
          "max" : 2520465444,
          "mean" : 303333749.918527,
          "stddev" : 290730151.580244
        },
        "bw_min" : 1136,
        "bw_max" : 2192,
        "bw_agg" : 99.999473,
        "bw_mean" : 1579.991667,
        "bw_dev" : 145.849208,
        "bw_samples" : 240,
        "iops_min" : 142,
        "iops_max" : 274,
        "iops_mean" : 197.458333,
        "iops_stddev" : 18.234592,
        "iops_samples" : 240
      },
      "write" : {
        "io_bytes" : 193757184,
        "io_kbytes" : 189216,
        "bw_bytes" : 1611098,
        "bw" : 1573,
        "iops" : 196.667332,
        "runtime" : 120264,
        "total_ios" : 23652,
        "short_ios" : 0,
        "drop_ios" : 0,
        "slat_ns" : {
          "min" : 3743,
          "max" : 8866639,
          "mean" : 25415.365255,
          "stddev" : 58535.632266
        },
        "clat_ns" : {
          "min" : 80278,
          "max" : 1062489141,
          "mean" : 20560081.569127,
          "stddev" : 24018200.325779,
          "percentile" : {
            "1.000000" : 144384,
            "5.000000" : 242688,
            "10.000000" : 634880,
            "20.000000" : 1712128,
            "30.000000" : 3653632,
            "40.000000" : 6324224,
            "50.000000" : 11993088,
            "60.000000" : 18743296,
            "70.000000" : 26869760,
            "80.000000" : 37486592,
            "90.000000" : 53739520,
            "95.000000" : 67633152,
            "99.000000" : 92798976,
            "99.500000" : 100139008,
            "99.900000" : 116916224,
            "99.950000" : 123207680,
            "99.990000" : 283115520
          }
        },
        "lat_ns" : {
          "min" : 97858,
          "max" : 1062497260,
          "mean" : 20586019.756300,
          "stddev" : 24017897.735922
        },
        "bw_min" : 1168,
        "bw_max" : 3008,
        "bw_agg" : 100.000000,
        "bw_mean" : 1576.183333,
        "bw_dev" : 164.397670,
        "bw_samples" : 240,
        "iops_min" : 146,
        "iops_max" : 376,
        "iops_mean" : 196.983333,
        "iops_stddev" : 20.541002,
        "iops_samples" : 240
      },
      "trim" : {
        "io_bytes" : 0,
        "io_kbytes" : 0,
        "bw_bytes" : 0,
        "bw" : 0,
        "iops" : 0.000000,
        "runtime" : 0,
        "total_ios" : 0,
        "short_ios" : 0,
        "drop_ios" : 0,
        "slat_ns" : {
          "min" : 0,
          "max" : 0,
          "mean" : 0.000000,
          "stddev" : 0.000000
        },
        "clat_ns" : {
          "min" : 0,
          "max" : 0,
          "mean" : 0.000000,
          "stddev" : 0.000000,
          "percentile" : {
            "1.000000" : 0,
            "5.000000" : 0,
            "10.000000" : 0,
            "20.000000" : 0,
            "30.000000" : 0,
            "40.000000" : 0,
            "50.000000" : 0,
            "60.000000" : 0,
            "70.000000" : 0,
            "80.000000" : 0,
            "90.000000" : 0,
            "95.000000" : 0,
            "99.000000" : 0,
            "99.500000" : 0,
            "99.900000" : 0,
            "99.950000" : 0,
            "99.990000" : 0
          }
        },
        "lat_ns" : {
          "min" : 0,
          "max" : 0,
          "mean" : 0.000000,
          "stddev" : 0.000000
        },
        "bw_min" : 0,
        "bw_max" : 0,
        "bw_agg" : 0.000000,
        "bw_mean" : 0.000000,
        "bw_dev" : 0.000000,
        "bw_samples" : 0,
        "iops_min" : 0,
        "iops_max" : 0,
        "iops_mean" : 0.000000,
        "iops_stddev" : 0.000000,
        "iops_samples" : 0
      },
      "sync" : {
        "lat_ns" : {
          "min" : 0,
          "max" : 0,
          "mean" : 0.000000,
          "stddev" : 0.000000,
          "percentile" : {
            "1.000000" : 0,
            "5.000000" : 0,
            "10.000000" : 0,
            "20.000000" : 0,
            "30.000000" : 0,
            "40.000000" : 0,
            "50.000000" : 0,
            "60.000000" : 0,
            "70.000000" : 0,
            "80.000000" : 0,
            "90.000000" : 0,
            "95.000000" : 0,
            "99.000000" : 0,
            "99.500000" : 0,
            "99.900000" : 0,
            "99.950000" : 0,
            "99.990000" : 0
          }
        },
        "total_ios" : 0
      },
      "usr_cpu" : 0.577900,
      "sys_cpu" : 1.611468,
      "ctx" : 46501,
      "majf" : 0,
      "minf" : 781,
      "iodepth_level" : {
        "1" : 0.100000,
        "2" : 0.100000,
        "4" : 0.100000,
        "8" : 0.100000,
        "16" : 0.100000,
        "32" : 0.100000,
        ">=64" : 99.867131
      },
      "latency_ns" : {
        "2" : 0.000000,
        "4" : 0.000000,
        "10" : 0.000000,
        "20" : 0.000000,
        "50" : 0.000000,
        "100" : 0.000000,
        "250" : 0.000000,
        "500" : 0.000000,
        "750" : 0.000000,
        "1000" : 0.000000
      },
      "latency_us" : {
        "2" : 0.000000,
        "4" : 0.000000,
        "10" : 0.000000,
        "20" : 0.000000,
        "50" : 0.000000,
        "100" : 0.042181,
        "250" : 2.570916,
        "500" : 1.929769,
        "750" : 0.997575,
        "1000" : 1.368765
      },
      "latency_ms" : {
        "2" : 3.804703,
        "4" : 5.057471,
        "10" : 7.529263,
        "20" : 8.784140,
        "50" : 17.705367,
        "100" : 13.008542,
        "250" : 14.830750,
        "500" : 12.941052,
        "750" : 5.639566,
        "1000" : 2.237688,
        "2000" : 0.000000,
        ">=2000" : 0.000000
      },
      "latency_depth" : 64,
      "latency_target" : 0,
      "latency_percentile" : 100.000000,
      "latency_window" : 0
    }
  ]
}
