{
  "fio version" : "fio-3.7",
  "timestamp" : 1589147054,
  "timestamp_ms" : 1589147054207,
  "time" : "Sun May 10 15:44:14 2020",
  "global options" : {
    "filename" : "/dev/sgt_vg_data_007/MACH2_data_007_512k",
    "rw" : "randrw",
    "ioengine" : "libaio",
    "iodepth" : "1",
    "numjobs" : "1",
    "direct" : "1",
    "runtime" : "120"
  },
  "jobs" : [
    {
      "jobname" : "randrw-4k",
      "groupid" : 0,
      "error" : 0,
      "eta" : 0,
      "elapsed" : 121,
      "job options" : {
        "name" : "randrw-4k",
        "bs" : "4k"
      },
      "read" : {
        "io_bytes" : 32247808,
        "io_kbytes" : 31492,
        "bw_bytes" : 268713,
        "bw" : 262,
        "iops" : 65.603960,
        "runtime" : 120008,
        "total_ios" : 7873,
        "short_ios" : 0,
        "drop_ios" : 0,
        "slat_ns" : {
          "min" : 3375,
          "max" : 83485,
          "mean" : 22226.178839,
          "stddev" : 8825.195899
        },
        "clat_ns" : {
          "min" : 2264746,
          "max" : 51870652,
          "mean" : 15003105.328591,
          "stddev" : 6070407.219359,
          "percentile" : {
            "1.000000" : 4947968,
            "5.000000" : 7045120,
            "10.000000" : 8454144,
            "20.000000" : 10158080,
            "30.000000" : 11599872,
            "40.000000" : 12779520,
            "50.000000" : 13959168,
            "60.000000" : 15138816,
            "70.000000" : 16908288,
            "80.000000" : 19005440,
            "90.000000" : 23199744,
            "95.000000" : 27131904,
            "99.000000" : 33816576,
            "99.500000" : 36438016,
            "99.900000" : 43778048,
            "99.950000" : 46399488,
            "99.990000" : 51642368
          }
        },
        "lat_ns" : {
          "min" : 2280884,
          "max" : 51876947,
          "mean" : 15025746.846183,
          "stddev" : 6069142.954212
        },
        "bw_min" : 200,
        "bw_max" : 312,
        "bw_agg" : 100.000000,
        "bw_mean" : 262.241667,
        "bw_dev" : 18.743812,
        "bw_samples" : 240,
        "iops_min" : 50,
        "iops_max" : 78,
        "iops_mean" : 65.441667,
        "iops_stddev" : 4.694510,
        "iops_samples" : 240
      },
      "write" : {
        "io_bytes" : 32432128,
        "io_kbytes" : 31672,
        "bw_bytes" : 270249,
        "bw" : 263,
        "iops" : 65.978935,
        "runtime" : 120008,
        "total_ios" : 7918,
        "short_ios" : 0,
        "drop_ios" : 0,
        "slat_ns" : {
          "min" : 3248,
          "max" : 113655,
          "mean" : 21701.807653,
          "stddev" : 9993.286901
        },
        "clat_ns" : {
          "min" : 60340,
          "max" : 10950445,
          "mean" : 179996.347689,
          "stddev" : 240443.629927,
          "percentile" : {
            "1.000000" : 77312,
            "5.000000" : 86528,
            "10.000000" : 94720,
            "20.000000" : 109056,
            "30.000000" : 123392,
            "40.000000" : 140288,
            "50.000000" : 150528,
            "60.000000" : 168960,
            "70.000000" : 187392,
            "80.000000" : 209920,
            "90.000000" : 242688,
            "95.000000" : 342016,
            "99.000000" : 618496,
            "99.500000" : 643072,
            "99.900000" : 708608,
            "99.950000" : 8716288,
            "99.990000" : 10944512
          }
        },
        "lat_ns" : {
          "min" : 70037,
          "max" : 10995289,
          "mean" : 202122.886082,
          "stddev" : 241968.770091
        },
        "bw_min" : 143,
        "bw_max" : 504,
        "bw_agg" : 100.000000,
        "bw_mean" : 263.775000,
        "bw_dev" : 62.336979,
        "bw_samples" : 240,
        "iops_min" : 35,
        "iops_max" : 126,
        "iops_mean" : 65.825000,
        "iops_stddev" : 15.599411,
        "iops_samples" : 240
      },
      "trim" : {
        "io_bytes" : 0,
        "io_kbytes" : 0,
        "bw_bytes" : 0,
        "bw" : 0,
        "iops" : 0.000000,
        "runtime" : 0,
        "total_ios" : 0,
        "short_ios" : 0,
        "drop_ios" : 0,
        "slat_ns" : {
          "min" : 0,
          "max" : 0,
          "mean" : 0.000000,
          "stddev" : 0.000000
        },
        "clat_ns" : {
          "min" : 0,
          "max" : 0,
          "mean" : 0.000000,
          "stddev" : 0.000000,
          "percentile" : {
            "1.000000" : 0,
            "5.000000" : 0,
            "10.000000" : 0,
            "20.000000" : 0,
            "30.000000" : 0,
            "40.000000" : 0,
            "50.000000" : 0,
            "60.000000" : 0,
            "70.000000" : 0,
            "80.000000" : 0,
            "90.000000" : 0,
            "95.000000" : 0,
            "99.000000" : 0,
            "99.500000" : 0,
            "99.900000" : 0,
            "99.950000" : 0,
            "99.990000" : 0
          }
        },
        "lat_ns" : {
          "min" : 0,
          "max" : 0,
          "mean" : 0.000000,
          "stddev" : 0.000000
        },
        "bw_min" : 0,
        "bw_max" : 0,
        "bw_agg" : 0.000000,
        "bw_mean" : 0.000000,
        "bw_dev" : 0.000000,
        "bw_samples" : 0,
        "iops_min" : 0,
        "iops_max" : 0,
        "iops_mean" : 0.000000,
        "iops_stddev" : 0.000000,
        "iops_samples" : 0
      },
      "sync" : {
        "lat_ns" : {
          "min" : 0,
          "max" : 0,
          "mean" : 0.000000,
          "stddev" : 0.000000,
          "percentile" : {
            "1.000000" : 0,
            "5.000000" : 0,
            "10.000000" : 0,
            "20.000000" : 0,
            "30.000000" : 0,
            "40.000000" : 0,
            "50.000000" : 0,
            "60.000000" : 0,
            "70.000000" : 0,
            "80.000000" : 0,
            "90.000000" : 0,
            "95.000000" : 0,
            "99.000000" : 0,
            "99.500000" : 0,
            "99.900000" : 0,
            "99.950000" : 0,
            "99.990000" : 0
          }
        },
        "total_ios" : 0
      },
      "usr_cpu" : 0.195822,
      "sys_cpu" : 0.454973,
      "ctx" : 15792,
      "majf" : 0,
      "minf" : 31,
      "iodepth_level" : {
        "1" : 100.000000,
        "2" : 0.000000,
        "4" : 0.000000,
        "8" : 0.000000,
        "16" : 0.000000,
        "32" : 0.000000,
        ">=64" : 0.000000
      },
      "latency_ns" : {
        "2" : 0.000000,
        "4" : 0.000000,
        "10" : 0.000000,
        "20" : 0.000000,
        "50" : 0.000000,
        "100" : 0.000000,
        "250" : 0.000000,
        "500" : 0.000000,
        "750" : 0.000000,
        "1000" : 0.000000
      },
      "latency_us" : {
        "2" : 0.000000,
        "4" : 0.000000,
        "10" : 0.000000,
        "20" : 0.000000,
        "50" : 0.000000,
        "100" : 6.516370,
        "250" : 39.199544,
        "500" : 2.482427,
        "750" : 1.912482,
        "1000" : 0.000000
      },
      "latency_ms" : {
        "2" : 0.000000,
        "4" : 0.170983,
        "10" : 9.087455,
        "20" : 32.246216,
        "50" : 8.365525,
        "100" : 0.018998,
        "250" : 0.000000,
        "500" : 0.000000,
        "750" : 0.000000,
        "1000" : 0.000000,
        "2000" : 0.000000,
        ">=2000" : 0.000000
      },
      "latency_depth" : 1,
      "latency_target" : 0,
      "latency_percentile" : 100.000000,
      "latency_window" : 0
    }
  ]
}
