{
  "fio version" : "fio-3.7",
  "timestamp" : 1589148868,
  "timestamp_ms" : 1589148868935,
  "time" : "Sun May 10 16:14:28 2020",
  "global options" : {
    "filename" : "/dev/sgt_vg_data_006/MACH2_data_006_256k",
    "rw" : "randrw",
    "ioengine" : "libaio",
    "iodepth" : "64",
    "numjobs" : "1",
    "direct" : "1",
    "runtime" : "120"
  },
  "jobs" : [
    {
      "jobname" : "randrw-8k",
      "groupid" : 0,
      "error" : 0,
      "eta" : 0,
      "elapsed" : 121,
      "job options" : {
        "name" : "randrw-8k",
        "bs" : "8k"
      },
      "read" : {
        "io_bytes" : 195428352,
        "io_kbytes" : 190848,
        "bw_bytes" : 1625400,
        "bw" : 1587,
        "iops" : 198.413094,
        "runtime" : 120234,
        "total_ios" : 23856,
        "short_ios" : 0,
        "drop_ios" : 0,
        "slat_ns" : {
          "min" : 3606,
          "max" : 2316782,
          "mean" : 25375.662936,
          "stddev" : 26299.360427
        },
        "clat_ns" : {
          "min" : 3543316,
          "max" : 2551330127,
          "mean" : 301521855.707202,
          "stddev" : 285520958.529954,
          "percentile" : {
            "1.000000" : 14745600,
            "5.000000" : 28966912,
            "10.000000" : 44826624,
            "20.000000" : 77070336,
            "30.000000" : 114819072,
            "40.000000" : 160432128,
            "50.000000" : 214958080,
            "60.000000" : 283115520,
            "70.000000" : 367001600,
            "80.000000" : 480247808,
            "90.000000" : 666894336,
            "95.000000" : 859832320,
            "99.000000" : 1317011456,
            "99.500000" : 1518338048,
            "99.900000" : 2264924160,
            "99.950000" : 2432696320,
            "99.990000" : 2499805184
          }
        },
        "lat_ns" : {
          "min" : 3566645,
          "max" : 2551363229,
          "mean" : 301547755.658618,
          "stddev" : 285521143.857236
        },
        "bw_min" : 1168,
        "bw_max" : 2288,
        "bw_agg" : 99.930687,
        "bw_mean" : 1585.900000,
        "bw_dev" : 155.245488,
        "bw_samples" : 240,
        "iops_min" : 146,
        "iops_max" : 286,
        "iops_mean" : 198.195833,
        "iops_stddev" : 19.406874,
        "iops_samples" : 240
      },
      "write" : {
        "io_bytes" : 194502656,
        "io_kbytes" : 189944,
        "bw_bytes" : 1617700,
        "bw" : 1579,
        "iops" : 197.473260,
        "runtime" : 120234,
        "total_ios" : 23743,
        "short_ios" : 0,
        "drop_ios" : 0,
        "slat_ns" : {
          "min" : 3684,
          "max" : 1604728,
          "mean" : 25577.981679,
          "stddev" : 17598.285690
        },
        "clat_ns" : {
          "min" : 80279,
          "max" : 1986063601,
          "mean" : 21009335.483216,
          "stddev" : 29862255.285501,
          "percentile" : {
            "1.000000" : 144384,
            "5.000000" : 236544,
            "10.000000" : 667648,
            "20.000000" : 1843200,
            "30.000000" : 3751936,
            "40.000000" : 6389760,
            "50.000000" : 11862016,
            "60.000000" : 18481152,
            "70.000000" : 26607616,
            "80.000000" : 38010880,
            "90.000000" : 55836672,
            "95.000000" : 70778880,
            "99.000000" : 95944704,
            "99.500000" : 103284736,
            "99.900000" : 121110528,
            "99.950000" : 156237824,
            "99.990000" : 1182793728
          }
        },
        "lat_ns" : {
          "min" : 86025,
          "max" : 1986096859,
          "mean" : 21035432.711241,
          "stddev" : 29862360.959547
        },
        "bw_min" : 1136,
        "bw_max" : 3040,
        "bw_agg" : 100.000000,
        "bw_mean" : 1582.520833,
        "bw_dev" : 174.115096,
        "bw_samples" : 240,
        "iops_min" : 142,
        "iops_max" : 380,
        "iops_mean" : 197.770833,
        "iops_stddev" : 21.789637,
        "iops_samples" : 240
      },
      "trim" : {
        "io_bytes" : 0,
        "io_kbytes" : 0,
        "bw_bytes" : 0,
        "bw" : 0,
        "iops" : 0.000000,
        "runtime" : 0,
        "total_ios" : 0,
        "short_ios" : 0,
        "drop_ios" : 0,
        "slat_ns" : {
          "min" : 0,
          "max" : 0,
          "mean" : 0.000000,
          "stddev" : 0.000000
        },
        "clat_ns" : {
          "min" : 0,
          "max" : 0,
          "mean" : 0.000000,
          "stddev" : 0.000000,
          "percentile" : {
            "1.000000" : 0,
            "5.000000" : 0,
            "10.000000" : 0,
            "20.000000" : 0,
            "30.000000" : 0,
            "40.000000" : 0,
            "50.000000" : 0,
            "60.000000" : 0,
            "70.000000" : 0,
            "80.000000" : 0,
            "90.000000" : 0,
            "95.000000" : 0,
            "99.000000" : 0,
            "99.500000" : 0,
            "99.900000" : 0,
            "99.950000" : 0,
            "99.990000" : 0
          }
        },
        "lat_ns" : {
          "min" : 0,
          "max" : 0,
          "mean" : 0.000000,
          "stddev" : 0.000000
        },
        "bw_min" : 0,
        "bw_max" : 0,
        "bw_agg" : 0.000000,
        "bw_mean" : 0.000000,
        "bw_dev" : 0.000000,
        "bw_samples" : 0,
        "iops_min" : 0,
        "iops_max" : 0,
        "iops_mean" : 0.000000,
        "iops_stddev" : 0.000000,
        "iops_samples" : 0
      },
      "sync" : {
        "lat_ns" : {
          "min" : 0,
          "max" : 0,
          "mean" : 0.000000,
          "stddev" : 0.000000,
          "percentile" : {
            "1.000000" : 0,
            "5.000000" : 0,
            "10.000000" : 0,
            "20.000000" : 0,
            "30.000000" : 0,
            "40.000000" : 0,
            "50.000000" : 0,
            "60.000000" : 0,
            "70.000000" : 0,
            "80.000000" : 0,
            "90.000000" : 0,
            "95.000000" : 0,
            "99.000000" : 0,
            "99.500000" : 0,
            "99.900000" : 0,
            "99.950000" : 0,
            "99.990000" : 0
          }
        },
        "total_ios" : 0
      },
      "usr_cpu" : 0.607986,
      "sys_cpu" : 1.621019,
      "ctx" : 46658,
      "majf" : 0,
      "minf" : 1302,
      "iodepth_level" : {
        "1" : 0.100000,
        "2" : 0.100000,
        "4" : 0.100000,
        "8" : 0.100000,
        "16" : 0.100000,
        "32" : 0.100000,
        ">=64" : 99.867644
      },
      "latency_ns" : {
        "2" : 0.000000,
        "4" : 0.000000,
        "10" : 0.000000,
        "20" : 0.000000,
        "50" : 0.000000,
        "100" : 0.000000,
        "250" : 0.000000,
        "500" : 0.000000,
        "750" : 0.000000,
        "1000" : 0.000000
      },
      "latency_us" : {
        "2" : 0.000000,
        "4" : 0.000000,
        "10" : 0.000000,
        "20" : 0.000000,
        "50" : 0.000000,
        "100" : 0.050421,
        "250" : 2.653417,
        "500" : 1.800458,
        "750" : 0.827748,
        "1000" : 1.273136
      },
      "latency_ms" : {
        "2" : 3.733272,
        "4" : 5.279523,
        "10" : 7.806887,
        "20" : 8.758587,
        "50" : 17.225152,
        "100" : 13.342717,
        "250" : 14.857455,
        "500" : 13.029685,
        "750" : 5.640875,
        "1000" : 2.203828,
        "2000" : 0.000000,
        ">=2000" : 0.000000
      },
      "latency_depth" : 64,
      "latency_target" : 0,
      "latency_percentile" : 100.000000,
      "latency_window" : 0
    }
  ]
}
