{
  "fio version" : "fio-3.7",
  "timestamp" : 1589159053,
  "timestamp_ms" : 1589159053099,
  "time" : "Sun May 10 19:04:13 2020",
  "global options" : {
    "filename" : "/dev/sgt_vg_data_008/MACH2_data_008_1024k",
    "rw" : "randrw",
    "ioengine" : "libaio",
    "iodepth" : "1024",
    "numjobs" : "1",
    "direct" : "1",
    "runtime" : "120"
  },
  "jobs" : [
    {
      "jobname" : "randrw-4096k",
      "groupid" : 0,
      "error" : 0,
      "eta" : 0,
      "elapsed" : 123,
      "job options" : {
        "name" : "randrw-4096k",
        "bs" : "4096k"
      },
      "read" : {
        "io_bytes" : 11634999296,
        "io_kbytes" : 11362304,
        "bw_bytes" : 96258846,
        "bw" : 94002,
        "iops" : 22.949897,
        "runtime" : 120872,
        "total_ios" : 2774,
        "short_ios" : 0,
        "drop_ios" : 0,
        "slat_ns" : {
          "min" : 300432,
          "max" : 199626455,
          "mean" : 20954941.851118,
          "stddev" : 37248876.284984
        },
        "clat_ns" : {
          "min" : 806754143,
          "max" : 23902270794,
          "mean" : 19856199038.359055,
          "stddev" : 4731702582.147400,
          "percentile" : {
            "1.000000" : 1904214016,
            "5.000000" : 6744440832,
            "10.000000" : 12817793024,
            "20.000000" : 17112760320,
            "30.000000" : 17112760320,
            "40.000000" : 17112760320,
            "50.000000" : 17112760320,
            "60.000000" : 17112760320,
            "70.000000" : 17112760320,
            "80.000000" : 17112760320,
            "90.000000" : 17112760320,
            "95.000000" : 17112760320,
            "99.000000" : 17112760320,
            "99.500000" : 17112760320,
            "99.900000" : 17112760320,
            "99.950000" : 17112760320,
            "99.990000" : 17112760320
          }
        },
        "lat_ns" : {
          "min" : 888468958,
          "max" : 23902619458,
          "mean" : 19877154266.075329,
          "stddev" : 4731589159.122449
        },
        "bw_min" : 8192,
        "bw_max" : 147456,
        "bw_agg" : 99.115287,
        "bw_mean" : 93170.351759,
        "bw_dev" : 23384.068321,
        "bw_samples" : 199,
        "iops_min" : 2,
        "iops_max" : 36,
        "iops_mean" : 22.582915,
        "iops_stddev" : 5.779790,
        "iops_samples" : 199
      },
      "write" : {
        "io_bytes" : 12092178432,
        "io_kbytes" : 11808768,
        "bw_bytes" : 100041187,
        "bw" : 97696,
        "iops" : 23.851678,
        "runtime" : 120872,
        "total_ios" : 2883,
        "short_ios" : 0,
        "drop_ios" : 0,
        "slat_ns" : {
          "min" : 451218,
          "max" : 169803894,
          "mean" : 21476131.836975,
          "stddev" : 36759317.419243
        },
        "clat_ns" : {
          "min" : 888826447,
          "max" : 24541092097,
          "mean" : 20172059752.874050,
          "stddev" : 4714457721.845971,
          "percentile" : {
            "1.000000" : 2365587456,
            "5.000000" : 7214202880,
            "10.000000" : 12683575296,
            "20.000000" : 17112760320,
            "30.000000" : 17112760320,
            "40.000000" : 17112760320,
            "50.000000" : 17112760320,
            "60.000000" : 17112760320,
            "70.000000" : 17112760320,
            "80.000000" : 17112760320,
            "90.000000" : 17112760320,
            "95.000000" : 17112760320,
            "99.000000" : 17112760320,
            "99.500000" : 17112760320,
            "99.900000" : 17112760320,
            "99.950000" : 17112760320,
            "99.990000" : 17112760320
          }
        },
        "lat_ns" : {
          "min" : 889434829,
          "max" : 24541686961,
          "mean" : 20193536217.522274,
          "stddev" : 4714480198.178899
        },
        "bw_min" : 24576,
        "bw_max" : 155648,
        "bw_agg" : 100.000000,
        "bw_mean" : 98022.227273,
        "bw_dev" : 23928.084393,
        "bw_samples" : 198,
        "iops_min" : 6,
        "iops_max" : 38,
        "iops_mean" : 23.767677,
        "iops_stddev" : 5.859312,
        "iops_samples" : 198
      },
      "trim" : {
        "io_bytes" : 0,
        "io_kbytes" : 0,
        "bw_bytes" : 0,
        "bw" : 0,
        "iops" : 0.000000,
        "runtime" : 0,
        "total_ios" : 0,
        "short_ios" : 0,
        "drop_ios" : 0,
        "slat_ns" : {
          "min" : 0,
          "max" : 0,
          "mean" : 0.000000,
          "stddev" : 0.000000
        },
        "clat_ns" : {
          "min" : 0,
          "max" : 0,
          "mean" : 0.000000,
          "stddev" : 0.000000,
          "percentile" : {
            "1.000000" : 0,
            "5.000000" : 0,
            "10.000000" : 0,
            "20.000000" : 0,
            "30.000000" : 0,
            "40.000000" : 0,
            "50.000000" : 0,
            "60.000000" : 0,
            "70.000000" : 0,
            "80.000000" : 0,
            "90.000000" : 0,
            "95.000000" : 0,
            "99.000000" : 0,
            "99.500000" : 0,
            "99.900000" : 0,
            "99.950000" : 0,
            "99.990000" : 0
          }
        },
        "lat_ns" : {
          "min" : 0,
          "max" : 0,
          "mean" : 0.000000,
          "stddev" : 0.000000
        },
        "bw_min" : 0,
        "bw_max" : 0,
        "bw_agg" : 0.000000,
        "bw_mean" : 0.000000,
        "bw_dev" : 0.000000,
        "bw_samples" : 0,
        "iops_min" : 0,
        "iops_max" : 0,
        "iops_mean" : 0.000000,
        "iops_stddev" : 0.000000,
        "iops_samples" : 0
      },
      "sync" : {
        "lat_ns" : {
          "min" : 0,
          "max" : 0,
          "mean" : 0.000000,
          "stddev" : 0.000000,
          "percentile" : {
            "1.000000" : 0,
            "5.000000" : 0,
            "10.000000" : 0,
            "20.000000" : 0,
            "30.000000" : 0,
            "40.000000" : 0,
            "50.000000" : 0,
            "60.000000" : 0,
            "70.000000" : 0,
            "80.000000" : 0,
            "90.000000" : 0,
            "95.000000" : 0,
            "99.000000" : 0,
            "99.500000" : 0,
            "99.900000" : 0,
            "99.950000" : 0,
            "99.990000" : 0
          }
        },
        "total_ios" : 0
      },
      "usr_cpu" : 0.579957,
      "sys_cpu" : 1.977315,
      "ctx" : 1455,
      "majf" : 0,
      "minf" : 4730,
      "iodepth_level" : {
        "1" : 0.100000,
        "2" : 0.100000,
        "4" : 0.100000,
        "8" : 0.141418,
        "16" : 0.282835,
        "32" : 0.565671,
        ">=64" : 98.886336
      },
      "latency_ns" : {
        "2" : 0.000000,
        "4" : 0.000000,
        "10" : 0.000000,
        "20" : 0.000000,
        "50" : 0.000000,
        "100" : 0.000000,
        "250" : 0.000000,
        "500" : 0.000000,
        "750" : 0.000000,
        "1000" : 0.000000
      },
      "latency_us" : {
        "2" : 0.000000,
        "4" : 0.000000,
        "10" : 0.000000,
        "20" : 0.000000,
        "50" : 0.000000,
        "100" : 0.000000,
        "250" : 0.000000,
        "500" : 0.000000,
        "750" : 0.000000,
        "1000" : 0.000000
      },
      "latency_ms" : {
        "2" : 0.000000,
        "4" : 0.000000,
        "10" : 0.000000,
        "20" : 0.000000,
        "50" : 0.000000,
        "100" : 0.000000,
        "250" : 0.000000,
        "500" : 0.000000,
        "750" : 0.000000,
        "1000" : 0.159095,
        "2000" : 0.000000,
        ">=2000" : 0.000000
      },
      "latency_depth" : 1024,
      "latency_target" : 0,
      "latency_percentile" : 100.000000,
      "latency_window" : 0
    }
  ]
}
