{
  "fio version" : "fio-3.7",
  "timestamp" : 1589147780,
  "timestamp_ms" : 1589147780054,
  "time" : "Sun May 10 15:56:20 2020",
  "global options" : {
    "filename" : "/dev/sgt_vg_data_007/MACH2_data_007_512k",
    "rw" : "randrw",
    "ioengine" : "libaio",
    "iodepth" : "128",
    "numjobs" : "1",
    "direct" : "1",
    "runtime" : "120"
  },
  "jobs" : [
    {
      "jobname" : "randrw-4k",
      "groupid" : 0,
      "error" : 0,
      "eta" : 0,
      "elapsed" : 121,
      "job options" : {
        "name" : "randrw-4k",
        "bs" : "4k"
      },
      "read" : {
        "io_bytes" : 103014400,
        "io_kbytes" : 100600,
        "bw_bytes" : 855594,
        "bw" : 835,
        "iops" : 208.885308,
        "runtime" : 120401,
        "total_ios" : 25150,
        "short_ios" : 0,
        "drop_ios" : 0,
        "slat_ns" : {
          "min" : 3517,
          "max" : 97294,
          "mean" : 23568.679881,
          "stddev" : 10015.059564
        },
        "clat_ns" : {
          "min" : 5686448,
          "max" : 2730641862,
          "mean" : 484380055.564177,
          "stddev" : 374779001.405628,
          "percentile" : {
            "1.000000" : 24510464,
            "5.000000" : 65273856,
            "10.000000" : 107479040,
            "20.000000" : 183500800,
            "30.000000" : 250609664,
            "40.000000" : 320864256,
            "50.000000" : 392167424,
            "60.000000" : 476053504,
            "70.000000" : 583008256,
            "80.000000" : 734003200,
            "90.000000" : 977272832,
            "95.000000" : 1199570944,
            "99.000000" : 1753219072,
            "99.500000" : 2105540608,
            "99.900000" : 2533359616,
            "99.950000" : 2600468480,
            "99.990000" : 2667577344
          }
        },
        "lat_ns" : {
          "min" : 5693575,
          "max" : 2730679309,
          "mean" : 484404081.963139,
          "stddev" : 374779103.853047
        },
        "bw_min" : 584,
        "bw_max" : 1048,
        "bw_agg" : 99.946607,
        "bw_mean" : 834.554167,
        "bw_dev" : 84.928010,
        "bw_samples" : 240,
        "iops_min" : 146,
        "iops_max" : 262,
        "iops_mean" : 208.570833,
        "iops_stddev" : 21.230632,
        "iops_samples" : 240
      },
      "write" : {
        "io_bytes" : 102936576,
        "io_kbytes" : 100524,
        "bw_bytes" : 854947,
        "bw" : 834,
        "iops" : 208.727502,
        "runtime" : 120401,
        "total_ios" : 25131,
        "short_ios" : 0,
        "drop_ios" : 0,
        "slat_ns" : {
          "min" : 3605,
          "max" : 188756,
          "mean" : 24164.965700,
          "stddev" : 10397.567205
        },
        "clat_ns" : {
          "min" : 162573,
          "max" : 2584761968,
          "mean" : 128212592.350603,
          "stddev" : 106551750.847878,
          "percentile" : {
            "1.000000" : 305152,
            "5.000000" : 1646592,
            "10.000000" : 4816896,
            "20.000000" : 21626880,
            "30.000000" : 47448064,
            "40.000000" : 74973184,
            "50.000000" : 108527616,
            "60.000000" : 145752064,
            "70.000000" : 187695104,
            "80.000000" : 227540992,
            "90.000000" : 283115520,
            "95.000000" : 316669952,
            "99.000000" : 375390208,
            "99.500000" : 392167424,
            "99.900000" : 434110464,
            "99.950000" : 480247808,
            "99.990000" : 1317011456
          }
        },
        "lat_ns" : {
          "min" : 166569,
          "max" : 2584793205,
          "mean" : 128237232.855637,
          "stddev" : 106551815.754484
        },
        "bw_min" : 662,
        "bw_max" : 1824,
        "bw_agg" : 100.000000,
        "bw_mean" : 836.587500,
        "bw_dev" : 93.453547,
        "bw_samples" : 240,
        "iops_min" : 165,
        "iops_max" : 456,
        "iops_mean" : 209.075000,
        "iops_stddev" : 23.381916,
        "iops_samples" : 240
      },
      "trim" : {
        "io_bytes" : 0,
        "io_kbytes" : 0,
        "bw_bytes" : 0,
        "bw" : 0,
        "iops" : 0.000000,
        "runtime" : 0,
        "total_ios" : 0,
        "short_ios" : 0,
        "drop_ios" : 0,
        "slat_ns" : {
          "min" : 0,
          "max" : 0,
          "mean" : 0.000000,
          "stddev" : 0.000000
        },
        "clat_ns" : {
          "min" : 0,
          "max" : 0,
          "mean" : 0.000000,
          "stddev" : 0.000000,
          "percentile" : {
            "1.000000" : 0,
            "5.000000" : 0,
            "10.000000" : 0,
            "20.000000" : 0,
            "30.000000" : 0,
            "40.000000" : 0,
            "50.000000" : 0,
            "60.000000" : 0,
            "70.000000" : 0,
            "80.000000" : 0,
            "90.000000" : 0,
            "95.000000" : 0,
            "99.000000" : 0,
            "99.500000" : 0,
            "99.900000" : 0,
            "99.950000" : 0,
            "99.990000" : 0
          }
        },
        "lat_ns" : {
          "min" : 0,
          "max" : 0,
          "mean" : 0.000000,
          "stddev" : 0.000000
        },
        "bw_min" : 0,
        "bw_max" : 0,
        "bw_agg" : 0.000000,
        "bw_mean" : 0.000000,
        "bw_dev" : 0.000000,
        "bw_samples" : 0,
        "iops_min" : 0,
        "iops_max" : 0,
        "iops_mean" : 0.000000,
        "iops_stddev" : 0.000000,
        "iops_samples" : 0
      },
      "sync" : {
        "lat_ns" : {
          "min" : 0,
          "max" : 0,
          "mean" : 0.000000,
          "stddev" : 0.000000,
          "percentile" : {
            "1.000000" : 0,
            "5.000000" : 0,
            "10.000000" : 0,
            "20.000000" : 0,
            "30.000000" : 0,
            "40.000000" : 0,
            "50.000000" : 0,
            "60.000000" : 0,
            "70.000000" : 0,
            "80.000000" : 0,
            "90.000000" : 0,
            "95.000000" : 0,
            "99.000000" : 0,
            "99.500000" : 0,
            "99.900000" : 0,
            "99.950000" : 0,
            "99.990000" : 0
          }
        },
        "total_ios" : 0
      },
      "usr_cpu" : 0.605482,
      "sys_cpu" : 1.625415,
      "ctx" : 49677,
      "majf" : 0,
      "minf" : 732,
      "iodepth_level" : {
        "1" : 0.100000,
        "2" : 0.100000,
        "4" : 0.100000,
        "8" : 0.100000,
        "16" : 0.100000,
        "32" : 0.100000,
        ">=64" : 99.874704
      },
      "latency_ns" : {
        "2" : 0.000000,
        "4" : 0.000000,
        "10" : 0.000000,
        "20" : 0.000000,
        "50" : 0.000000,
        "100" : 0.000000,
        "250" : 0.000000,
        "500" : 0.000000,
        "750" : 0.000000,
        "1000" : 0.000000
      },
      "latency_us" : {
        "2" : 0.000000,
        "4" : 0.000000,
        "10" : 0.000000,
        "20" : 0.000000,
        "50" : 0.000000,
        "100" : 0.000000,
        "250" : 0.220759,
        "500" : 0.795529,
        "750" : 0.220759,
        "1000" : 0.369921
      },
      "latency_ms" : {
        "2" : 1.225115,
        "4" : 1.561226,
        "10" : 2.577514,
        "20" : 2.909648,
        "50" : 7.302957,
        "100" : 11.234860,
        "250" : 28.652970,
        "500" : 23.941449,
        "750" : 9.450886,
        "1000" : 4.852728,
        "2000" : 0.000000,
        ">=2000" : 0.000000
      },
      "latency_depth" : 128,
      "latency_target" : 0,
      "latency_percentile" : 100.000000,
      "latency_window" : 0
    }
  ]
}
