{
  "fio version" : "fio-3.7",
  "timestamp" : 1590202739,
  "timestamp_ms" : 1590202739776,
  "time" : "Fri May 22 20:58:59 2020",
  "global options" : {
    "filename" : "/dev/sgt_vg_data_003/MACH2_data_003_32768k",
    "rw" : "randrw",
    "ioengine" : "libaio",
    "iodepth" : "1024",
    "numjobs" : "1",
    "direct" : "1",
    "random_generator" : "tausworthe64",
    "runtime" : "120"
  },
  "jobs" : [
    {
      "jobname" : "randrw-512k",
      "groupid" : 0,
      "error" : 0,
      "eta" : 0,
      "elapsed" : 122,
      "job options" : {
        "name" : "randrw-512k",
        "bs" : "512k"
      },
      "read" : {
        "io_bytes" : 7485259776,
        "io_kbytes" : 7309824,
        "bw_bytes" : 61747341,
        "bw" : 60300,
        "iops" : 117.773708,
        "runtime" : 121224,
        "total_ios" : 14277,
        "short_ios" : 0,
        "drop_ios" : 0,
        "slat_ns" : {
          "min" : 33091,
          "max" : 377595828,
          "mean" : 4068425.600756,
          "stddev" : 25159598.305047
        },
        "clat_ns" : {
          "min" : 1152735700,
          "max" : 6796241384,
          "mean" : 4254812630.863428,
          "stddev" : 454313911.382931,
          "percentile" : {
            "1.000000" : 2365587456,
            "5.000000" : 3741319168,
            "10.000000" : 3841982464,
            "20.000000" : 3976200192,
            "30.000000" : 4076863488,
            "40.000000" : 4177526784,
            "50.000000" : 4278190080,
            "60.000000" : 4328521728,
            "70.000000" : 4462739456,
            "80.000000" : 4529848320,
            "90.000000" : 4731174912,
            "95.000000" : 4865392640,
            "99.000000" : 5402263552,
            "99.500000" : 5603590144,
            "99.900000" : 6207569920,
            "99.950000" : 6341787648,
            "99.990000" : 6677331968
          }
        },
        "lat_ns" : {
          "min" : 1280755685,
          "max" : 6796292028,
          "mean" : 4258881186.388455,
          "stddev" : 454591294.070779
        },
        "bw_min" : 13312,
        "bw_max" : 91136,
        "bw_agg" : 99.810726,
        "bw_mean" : 60185.867521,
        "bw_dev" : 12767.295855,
        "bw_samples" : 234,
        "iops_min" : 26,
        "iops_max" : 178,
        "iops_mean" : 117.363248,
        "iops_stddev" : 24.966426,
        "iops_samples" : 234
      },
      "write" : {
        "io_bytes" : 7480016896,
        "io_kbytes" : 7304704,
        "bw_bytes" : 61704092,
        "bw" : 60257,
        "iops" : 117.691216,
        "runtime" : 121224,
        "total_ios" : 14267,
        "short_ios" : 0,
        "drop_ios" : 0,
        "slat_ns" : {
          "min" : 42433,
          "max" : 343693577,
          "mean" : 4340346.457980,
          "stddev" : 25531002.027232
        },
        "clat_ns" : {
          "min" : 1280757052,
          "max" : 6475229770,
          "mean" : 4342364740.804448,
          "stddev" : 441133012.557017,
          "percentile" : {
            "1.000000" : 2499805184,
            "5.000000" : 3774873600,
            "10.000000" : 3909091328,
            "20.000000" : 4076863488,
            "30.000000" : 4177526784,
            "40.000000" : 4278190080,
            "50.000000" : 4395630592,
            "60.000000" : 4462739456,
            "70.000000" : 4529848320,
            "80.000000" : 4596957184,
            "90.000000" : 4798283776,
            "95.000000" : 4932501504,
            "99.000000" : 5335154688,
            "99.500000" : 5536481280,
            "99.900000" : 5872025600,
            "99.950000" : 6073352192,
            "99.990000" : 6408896512
          }
        },
        "lat_ns" : {
          "min" : 1280830622,
          "max" : 6475304675,
          "mean" : 4346705204.674276,
          "stddev" : 441542140.068830
        },
        "bw_min" : 1024,
        "bw_max" : 99328,
        "bw_agg" : 99.463002,
        "bw_mean" : 59933.421277,
        "bw_dev" : 14129.401866,
        "bw_samples" : 235,
        "iops_min" : 2,
        "iops_max" : 194,
        "iops_mean" : 116.872340,
        "iops_stddev" : 27.603277,
        "iops_samples" : 235
      },
      "trim" : {
        "io_bytes" : 0,
        "io_kbytes" : 0,
        "bw_bytes" : 0,
        "bw" : 0,
        "iops" : 0.000000,
        "runtime" : 0,
        "total_ios" : 0,
        "short_ios" : 0,
        "drop_ios" : 0,
        "slat_ns" : {
          "min" : 0,
          "max" : 0,
          "mean" : 0.000000,
          "stddev" : 0.000000
        },
        "clat_ns" : {
          "min" : 0,
          "max" : 0,
          "mean" : 0.000000,
          "stddev" : 0.000000,
          "percentile" : {
            "1.000000" : 0,
            "5.000000" : 0,
            "10.000000" : 0,
            "20.000000" : 0,
            "30.000000" : 0,
            "40.000000" : 0,
            "50.000000" : 0,
            "60.000000" : 0,
            "70.000000" : 0,
            "80.000000" : 0,
            "90.000000" : 0,
            "95.000000" : 0,
            "99.000000" : 0,
            "99.500000" : 0,
            "99.900000" : 0,
            "99.950000" : 0,
            "99.990000" : 0
          }
        },
        "lat_ns" : {
          "min" : 0,
          "max" : 0,
          "mean" : 0.000000,
          "stddev" : 0.000000
        },
        "bw_min" : 0,
        "bw_max" : 0,
        "bw_agg" : 0.000000,
        "bw_mean" : 0.000000,
        "bw_dev" : 0.000000,
        "bw_samples" : 0,
        "iops_min" : 0,
        "iops_max" : 0,
        "iops_mean" : 0.000000,
        "iops_stddev" : 0.000000,
        "iops_samples" : 0
      },
      "sync" : {
        "lat_ns" : {
          "min" : 0,
          "max" : 0,
          "mean" : 0.000000,
          "stddev" : 0.000000,
          "percentile" : {
            "1.000000" : 0,
            "5.000000" : 0,
            "10.000000" : 0,
            "20.000000" : 0,
            "30.000000" : 0,
            "40.000000" : 0,
            "50.000000" : 0,
            "60.000000" : 0,
            "70.000000" : 0,
            "80.000000" : 0,
            "90.000000" : 0,
            "95.000000" : 0,
            "99.000000" : 0,
            "99.500000" : 0,
            "99.900000" : 0,
            "99.950000" : 0,
            "99.990000" : 0
          }
        },
        "total_ios" : 0
      },
      "usr_cpu" : 0.397614,
      "sys_cpu" : 1.264612,
      "ctx" : 1108,
      "majf" : 0,
      "minf" : 1756,
      "iodepth_level" : {
        "1" : 0.100000,
        "2" : 0.100000,
        "4" : 0.100000,
        "8" : 0.100000,
        "16" : 0.100000,
        "32" : 0.112108,
        ">=64" : 99.779288
      },
      "latency_ns" : {
        "2" : 0.000000,
        "4" : 0.000000,
        "10" : 0.000000,
        "20" : 0.000000,
        "50" : 0.000000,
        "100" : 0.000000,
        "250" : 0.000000,
        "500" : 0.000000,
        "750" : 0.000000,
        "1000" : 0.000000
      },
      "latency_us" : {
        "2" : 0.000000,
        "4" : 0.000000,
        "10" : 0.000000,
        "20" : 0.000000,
        "50" : 0.000000,
        "100" : 0.000000,
        "250" : 0.000000,
        "500" : 0.000000,
        "750" : 0.000000,
        "1000" : 0.000000
      },
      "latency_ms" : {
        "2" : 0.000000,
        "4" : 0.000000,
        "10" : 0.000000,
        "20" : 0.000000,
        "50" : 0.000000,
        "100" : 0.000000,
        "250" : 0.000000,
        "500" : 0.000000,
        "750" : 0.000000,
        "1000" : 0.000000,
        "2000" : 0.000000,
        ">=2000" : 0.000000
      },
      "latency_depth" : 1024,
      "latency_target" : 0,
      "latency_percentile" : 100.000000,
      "latency_window" : 0
    }
  ]
}
