{
  "fio version" : "fio-3.7",
  "timestamp" : 1590194861,
  "timestamp_ms" : 1590194861314,
  "time" : "Fri May 22 18:47:41 2020",
  "global options" : {
    "filename" : "/dev/sgt_vg_data_007/MACH2_data_007_524288k",
    "rw" : "randrw",
    "ioengine" : "libaio",
    "iodepth" : "32",
    "numjobs" : "1",
    "direct" : "1",
    "random_generator" : "tausworthe64",
    "runtime" : "120"
  },
  "jobs" : [
    {
      "jobname" : "randrw-4k",
      "groupid" : 0,
      "error" : 0,
      "eta" : 0,
      "elapsed" : 121,
      "job options" : {
        "name" : "randrw-4k",
        "bs" : "4k"
      },
      "read" : {
        "io_bytes" : 86773760,
        "io_kbytes" : 84740,
        "bw_bytes" : 721863,
        "bw" : 704,
        "iops" : 176.236191,
        "runtime" : 120208,
        "total_ios" : 21185,
        "short_ios" : 0,
        "drop_ios" : 0,
        "slat_ns" : {
          "min" : 3237,
          "max" : 97161,
          "mean" : 23782.128440,
          "stddev" : 9656.170371
        },
        "clat_ns" : {
          "min" : 2489204,
          "max" : 1867496401,
          "mean" : 173609866.577625,
          "stddev" : 175691682.450801,
          "percentile" : {
            "1.000000" : 8716288,
            "5.000000" : 15925248,
            "10.000000" : 23461888,
            "20.000000" : 40108032,
            "30.000000" : 60030976,
            "40.000000" : 84410368,
            "50.000000" : 115867648,
            "60.000000" : 154140672,
            "70.000000" : 206569472,
            "80.000000" : 278921216,
            "90.000000" : 400556032,
            "95.000000" : 517996544,
            "99.000000" : 809500672,
            "99.500000" : 943718400,
            "99.900000" : 1317011456,
            "99.950000" : 1501560832,
            "99.990000" : 1820327936
          }
        },
        "lat_ns" : {
          "min" : 2523603,
          "max" : 1867513927,
          "mean" : 173634170.171536,
          "stddev" : 175691719.894086
        },
        "bw_min" : 544,
        "bw_max" : 1032,
        "bw_agg" : 100.000000,
        "bw_mean" : 704.825000,
        "bw_dev" : 59.793811,
        "bw_samples" : 240,
        "iops_min" : 136,
        "iops_max" : 258,
        "iops_mean" : 176.137500,
        "iops_stddev" : 14.957746,
        "iops_samples" : 240
      },
      "write" : {
        "io_bytes" : 86757376,
        "io_kbytes" : 84724,
        "bw_bytes" : 721727,
        "bw" : 704,
        "iops" : 176.202915,
        "runtime" : 120208,
        "total_ios" : 21181,
        "short_ios" : 0,
        "drop_ios" : 0,
        "slat_ns" : {
          "min" : 3347,
          "max" : 162353,
          "mean" : 24036.188329,
          "stddev" : 10280.947919
        },
        "clat_ns" : {
          "min" : 69357,
          "max" : 2419528229,
          "mean" : 7830387.261838,
          "stddev" : 20095555.834369,
          "percentile" : {
            "1.000000" : 101888,
            "5.000000" : 138240,
            "10.000000" : 168960,
            "20.000000" : 252928,
            "30.000000" : 700416,
            "40.000000" : 1236992,
            "50.000000" : 3063808,
            "60.000000" : 4882432,
            "70.000000" : 8355840,
            "80.000000" : 13565952,
            "90.000000" : 22413312,
            "95.000000" : 31326208,
            "99.000000" : 51118080,
            "99.500000" : 60030976,
            "99.900000" : 90701824,
            "99.950000" : 100139008,
            "99.990000" : 108527616
          }
        },
        "lat_ns" : {
          "min" : 82425,
          "max" : 2419560721,
          "mean" : 7854944.348662,
          "stddev" : 20095961.867367
        },
        "bw_min" : 544,
        "bw_max" : 1288,
        "bw_agg" : 100.000000,
        "bw_mean" : 705.758333,
        "bw_dev" : 83.279988,
        "bw_samples" : 240,
        "iops_min" : 136,
        "iops_max" : 322,
        "iops_mean" : 176.370833,
        "iops_stddev" : 20.836884,
        "iops_samples" : 240
      },
      "trim" : {
        "io_bytes" : 0,
        "io_kbytes" : 0,
        "bw_bytes" : 0,
        "bw" : 0,
        "iops" : 0.000000,
        "runtime" : 0,
        "total_ios" : 0,
        "short_ios" : 0,
        "drop_ios" : 0,
        "slat_ns" : {
          "min" : 0,
          "max" : 0,
          "mean" : 0.000000,
          "stddev" : 0.000000
        },
        "clat_ns" : {
          "min" : 0,
          "max" : 0,
          "mean" : 0.000000,
          "stddev" : 0.000000,
          "percentile" : {
            "1.000000" : 0,
            "5.000000" : 0,
            "10.000000" : 0,
            "20.000000" : 0,
            "30.000000" : 0,
            "40.000000" : 0,
            "50.000000" : 0,
            "60.000000" : 0,
            "70.000000" : 0,
            "80.000000" : 0,
            "90.000000" : 0,
            "95.000000" : 0,
            "99.000000" : 0,
            "99.500000" : 0,
            "99.900000" : 0,
            "99.950000" : 0,
            "99.990000" : 0
          }
        },
        "lat_ns" : {
          "min" : 0,
          "max" : 0,
          "mean" : 0.000000,
          "stddev" : 0.000000
        },
        "bw_min" : 0,
        "bw_max" : 0,
        "bw_agg" : 0.000000,
        "bw_mean" : 0.000000,
        "bw_dev" : 0.000000,
        "bw_samples" : 0,
        "iops_min" : 0,
        "iops_max" : 0,
        "iops_mean" : 0.000000,
        "iops_stddev" : 0.000000,
        "iops_samples" : 0
      },
      "sync" : {
        "lat_ns" : {
          "min" : 0,
          "max" : 0,
          "mean" : 0.000000,
          "stddev" : 0.000000,
          "percentile" : {
            "1.000000" : 0,
            "5.000000" : 0,
            "10.000000" : 0,
            "20.000000" : 0,
            "30.000000" : 0,
            "40.000000" : 0,
            "50.000000" : 0,
            "60.000000" : 0,
            "70.000000" : 0,
            "80.000000" : 0,
            "90.000000" : 0,
            "95.000000" : 0,
            "99.000000" : 0,
            "99.500000" : 0,
            "99.900000" : 0,
            "99.950000" : 0,
            "99.990000" : 0
          }
        },
        "total_ios" : 0
      },
      "usr_cpu" : 0.511617,
      "sys_cpu" : 1.432529,
      "ctx" : 41203,
      "majf" : 0,
      "minf" : 964,
      "iodepth_level" : {
        "1" : 0.100000,
        "2" : 0.100000,
        "4" : 0.100000,
        "8" : 0.100000,
        "16" : 0.100000,
        "32" : 99.926828,
        ">=64" : 0.000000
      },
      "latency_ns" : {
        "2" : 0.000000,
        "4" : 0.000000,
        "10" : 0.000000,
        "20" : 0.000000,
        "50" : 0.000000,
        "100" : 0.000000,
        "250" : 0.000000,
        "500" : 0.000000,
        "750" : 0.000000,
        "1000" : 0.000000
      },
      "latency_us" : {
        "2" : 0.000000,
        "4" : 0.000000,
        "10" : 0.000000,
        "20" : 0.000000,
        "50" : 0.000000,
        "100" : 0.431950,
        "250" : 9.460416,
        "500" : 3.047255,
        "750" : 2.549214,
        "1000" : 2.714441
      },
      "latency_ms" : {
        "2" : 4.201482,
        "4" : 5.183402,
        "10" : 10.008025,
        "20" : 10.211018,
        "50" : 14.169381,
        "100" : 10.475381,
        "250" : 15.621017,
        "500" : 9.155927,
        "750" : 2.103102,
        "1000" : 0.469716,
        "2000" : 0.000000,
        ">=2000" : 0.000000
      },
      "latency_depth" : 32,
      "latency_target" : 0,
      "latency_percentile" : 100.000000,
      "latency_window" : 0
    }
  ]
}
