{
  "fio version" : "fio-3.7",
  "timestamp" : 1590198373,
  "timestamp_ms" : 1590198373444,
  "time" : "Fri May 22 19:46:13 2020",
  "global options" : {
    "filename" : "/dev/sgt_vg_data_007/MACH2_data_007_524288k",
    "rw" : "randrw",
    "ioengine" : "libaio",
    "iodepth" : "16",
    "numjobs" : "1",
    "direct" : "1",
    "random_generator" : "tausworthe64",
    "runtime" : "120"
  },
  "jobs" : [
    {
      "jobname" : "randrw-32k",
      "groupid" : 0,
      "error" : 0,
      "eta" : 0,
      "elapsed" : 121,
      "job options" : {
        "name" : "randrw-32k",
        "bs" : "32k"
      },
      "read" : {
        "io_bytes" : 598245376,
        "io_kbytes" : 584224,
        "bw_bytes" : 4982098,
        "bw" : 4865,
        "iops" : 152.041573,
        "runtime" : 120079,
        "total_ios" : 18257,
        "short_ios" : 0,
        "drop_ios" : 0,
        "slat_ns" : {
          "min" : 4812,
          "max" : 1468432,
          "mean" : 24392.971463,
          "stddev" : 21529.510419
        },
        "clat_ns" : {
          "min" : 2691184,
          "max" : 1287241596,
          "mean" : 101392756.536178,
          "stddev" : 102741123.098842,
          "percentile" : {
            "1.000000" : 7241728,
            "5.000000" : 11993088,
            "10.000000" : 15794176,
            "20.000000" : 24248320,
            "30.000000" : 35389440,
            "40.000000" : 49020928,
            "50.000000" : 66322432,
            "60.000000" : 88604672,
            "70.000000" : 119013376,
            "80.000000" : 162529280,
            "90.000000" : 235929600,
            "95.000000" : 308281344,
            "99.000000" : 476053504,
            "99.500000" : 549453824,
            "99.900000" : 742391808,
            "99.950000" : 817889280,
            "99.990000" : 1061158912
          }
        },
        "lat_ns" : {
          "min" : 2728858,
          "max" : 1287255811,
          "mean" : 101417588.193022,
          "stddev" : 102741106.712268
        },
        "bw_min" : 3776,
        "bw_max" : 7808,
        "bw_agg" : 99.963601,
        "bw_mean" : 4863.229167,
        "bw_dev" : 454.775058,
        "bw_samples" : 240,
        "iops_min" : 118,
        "iops_max" : 244,
        "iops_mean" : 151.904167,
        "iops_stddev" : 14.229852,
        "iops_samples" : 240
      },
      "write" : {
        "io_bytes" : 599064576,
        "io_kbytes" : 585024,
        "bw_bytes" : 4988920,
        "bw" : 4871,
        "iops" : 152.249769,
        "runtime" : 120079,
        "total_ios" : 18282,
        "short_ios" : 0,
        "drop_ios" : 0,
        "slat_ns" : {
          "min" : 4665,
          "max" : 1995757,
          "mean" : 24949.908106,
          "stddev" : 25541.607272
        },
        "clat_ns" : {
          "min" : 88919,
          "max" : 63605365,
          "mean" : 3768990.047424,
          "stddev" : 6396319.753847,
          "percentile" : {
            "1.000000" : 120320,
            "5.000000" : 142336,
            "10.000000" : 162816,
            "20.000000" : 191488,
            "30.000000" : 224256,
            "40.000000" : 313344,
            "50.000000" : 692224,
            "60.000000" : 1220608,
            "70.000000" : 3653632,
            "80.000000" : 6193152,
            "90.000000" : 11862016,
            "95.000000" : 17170432,
            "99.000000" : 29229056,
            "99.500000" : 34865152,
            "99.900000" : 47448064,
            "99.950000" : 51118080,
            "99.990000" : 63700992
          }
        },
        "lat_ns" : {
          "min" : 100725,
          "max" : 63621381,
          "mean" : 3794397.820534,
          "stddev" : 6397352.735663
        },
        "bw_min" : 3576,
        "bw_max" : 8064,
        "bw_agg" : 100.000000,
        "bw_mean" : 4874.108333,
        "bw_dev" : 594.172246,
        "bw_samples" : 240,
        "iops_min" : 111,
        "iops_max" : 252,
        "iops_mean" : 152.245833,
        "iops_stddev" : 18.561049,
        "iops_samples" : 240
      },
      "trim" : {
        "io_bytes" : 0,
        "io_kbytes" : 0,
        "bw_bytes" : 0,
        "bw" : 0,
        "iops" : 0.000000,
        "runtime" : 0,
        "total_ios" : 0,
        "short_ios" : 0,
        "drop_ios" : 0,
        "slat_ns" : {
          "min" : 0,
          "max" : 0,
          "mean" : 0.000000,
          "stddev" : 0.000000
        },
        "clat_ns" : {
          "min" : 0,
          "max" : 0,
          "mean" : 0.000000,
          "stddev" : 0.000000,
          "percentile" : {
            "1.000000" : 0,
            "5.000000" : 0,
            "10.000000" : 0,
            "20.000000" : 0,
            "30.000000" : 0,
            "40.000000" : 0,
            "50.000000" : 0,
            "60.000000" : 0,
            "70.000000" : 0,
            "80.000000" : 0,
            "90.000000" : 0,
            "95.000000" : 0,
            "99.000000" : 0,
            "99.500000" : 0,
            "99.900000" : 0,
            "99.950000" : 0,
            "99.990000" : 0
          }
        },
        "lat_ns" : {
          "min" : 0,
          "max" : 0,
          "mean" : 0.000000,
          "stddev" : 0.000000
        },
        "bw_min" : 0,
        "bw_max" : 0,
        "bw_agg" : 0.000000,
        "bw_mean" : 0.000000,
        "bw_dev" : 0.000000,
        "bw_samples" : 0,
        "iops_min" : 0,
        "iops_max" : 0,
        "iops_mean" : 0.000000,
        "iops_stddev" : 0.000000,
        "iops_samples" : 0
      },
      "sync" : {
        "lat_ns" : {
          "min" : 0,
          "max" : 0,
          "mean" : 0.000000,
          "stddev" : 0.000000,
          "percentile" : {
            "1.000000" : 0,
            "5.000000" : 0,
            "10.000000" : 0,
            "20.000000" : 0,
            "30.000000" : 0,
            "40.000000" : 0,
            "50.000000" : 0,
            "60.000000" : 0,
            "70.000000" : 0,
            "80.000000" : 0,
            "90.000000" : 0,
            "95.000000" : 0,
            "99.000000" : 0,
            "99.500000" : 0,
            "99.900000" : 0,
            "99.950000" : 0,
            "99.990000" : 0
          }
        },
        "total_ios" : 0
      },
      "usr_cpu" : 0.344776,
      "sys_cpu" : 1.140925,
      "ctx" : 36093,
      "majf" : 0,
      "minf" : 967,
      "iodepth_level" : {
        "1" : 0.100000,
        "2" : 0.100000,
        "4" : 0.100000,
        "8" : 0.100000,
        "16" : 99.958948,
        "32" : 0.000000,
        ">=64" : 0.000000
      },
      "latency_ns" : {
        "2" : 0.000000,
        "4" : 0.000000,
        "10" : 0.000000,
        "20" : 0.000000,
        "50" : 0.000000,
        "100" : 0.000000,
        "250" : 0.000000,
        "500" : 0.000000,
        "750" : 0.000000,
        "1000" : 0.000000
      },
      "latency_us" : {
        "2" : 0.000000,
        "4" : 0.000000,
        "10" : 0.000000,
        "20" : 0.000000,
        "50" : 0.000000,
        "100" : 0.013684,
        "250" : 17.321218,
        "500" : 4.822245,
        "750" : 3.541421,
        "1000" : 2.794275
      },
      "latency_ms" : {
        "2" : 3.711103,
        "4" : 3.555106,
        "10" : 9.379020,
        "20" : 10.815841,
        "50" : 14.403788,
        "100" : 11.697091,
        "250" : 13.632010,
        "500" : 3.910890,
        "750" : 0.353047,
        "1000" : 0.041052,
        "2000" : 0.000000,
        ">=2000" : 0.000000
      },
      "latency_depth" : 16,
      "latency_target" : 0,
      "latency_percentile" : 100.000000,
      "latency_window" : 0
    }
  ]
}
