{
  "fio version" : "fio-3.7",
  "timestamp" : 1590200675,
  "timestamp_ms" : 1590200675483,
  "time" : "Fri May 22 20:24:35 2020",
  "global options" : {
    "filename" : "/dev/sgt_vg_data_011/MACH2_data_011_8388608k",
    "rw" : "randrw",
    "ioengine" : "libaio",
    "iodepth" : "8",
    "numjobs" : "1",
    "direct" : "1",
    "random_generator" : "tausworthe64",
    "runtime" : "120"
  },
  "jobs" : [
    {
      "jobname" : "randrw-256k",
      "groupid" : 0,
      "error" : 0,
      "eta" : 0,
      "elapsed" : 121,
      "job options" : {
        "name" : "randrw-256k",
        "bs" : "256k"
      },
      "read" : {
        "io_bytes" : 3352559616,
        "io_kbytes" : 3273984,
        "bw_bytes" : 27926826,
        "bw" : 27272,
        "iops" : 106.532387,
        "runtime" : 120048,
        "total_ios" : 12789,
        "short_ios" : 0,
        "drop_ios" : 0,
        "slat_ns" : {
          "min" : 14208,
          "max" : 512919,
          "mean" : 61312.136289,
          "stddev" : 19458.863170
        },
        "clat_ns" : {
          "min" : 3787973,
          "max" : 629318500,
          "mean" : 60982926.337008,
          "stddev" : 59556819.750787,
          "percentile" : {
            "1.000000" : 7110656,
            "5.000000" : 10158080,
            "10.000000" : 13041664,
            "20.000000" : 18219008,
            "30.000000" : 23986176,
            "40.000000" : 30801920,
            "50.000000" : 40108032,
            "60.000000" : 53215232,
            "70.000000" : 68681728,
            "80.000000" : 93847552,
            "90.000000" : 137363456,
            "95.000000" : 179306496,
            "99.000000" : 283115520,
            "99.500000" : 337641472,
            "99.900000" : 455081984,
            "99.950000" : 517996544,
            "99.990000" : 624951296
          }
        },
        "lat_ns" : {
          "min" : 3842740,
          "max" : 629371015,
          "mean" : 61044833.077723,
          "stddev" : 59556925.408573
        },
        "bw_min" : 21461,
        "bw_max" : 36864,
        "bw_agg" : 99.908468,
        "bw_mean" : 27247.037500,
        "bw_dev" : 2747.392806,
        "bw_samples" : 240,
        "iops_min" : 83,
        "iops_max" : 144,
        "iops_mean" : 106.158333,
        "iops_stddev" : 10.780034,
        "iops_samples" : 240
      },
      "write" : {
        "io_bytes" : 3353083904,
        "io_kbytes" : 3274496,
        "bw_bytes" : 27931193,
        "bw" : 27276,
        "iops" : 106.549047,
        "runtime" : 120048,
        "total_ios" : 12791,
        "short_ios" : 0,
        "drop_ios" : 0,
        "slat_ns" : {
          "min" : 13666,
          "max" : 757779,
          "mean" : 66342.559456,
          "stddev" : 19918.244907
        },
        "clat_ns" : {
          "min" : 336253,
          "max" : 437661050,
          "mean" : 13965533.168243,
          "stddev" : 16165474.299058,
          "percentile" : {
            "1.000000" : 362496,
            "5.000000" : 391168,
            "10.000000" : 407552,
            "20.000000" : 444416,
            "30.000000" : 569344,
            "40.000000" : 1564672,
            "50.000000" : 9371648,
            "60.000000" : 16056320,
            "70.000000" : 20578304,
            "80.000000" : 26345472,
            "90.000000" : 34865152,
            "95.000000" : 43253760,
            "99.000000" : 63176704,
            "99.500000" : 71827456,
            "99.900000" : 90701824,
            "99.950000" : 96993280,
            "99.990000" : 254803968
          }
        },
        "lat_ns" : {
          "min" : 353794,
          "max" : 437735529,
          "mean" : 14032441.838480,
          "stddev" : 16165749.206101
        },
        "bw_min" : 16862,
        "bw_max" : 35328,
        "bw_agg" : 99.971541,
        "bw_mean" : 27268.237500,
        "bw_dev" : 3342.588246,
        "bw_samples" : 240,
        "iops_min" : 65,
        "iops_max" : 138,
        "iops_mean" : 106.241667,
        "iops_stddev" : 13.085171,
        "iops_samples" : 240
      },
      "trim" : {
        "io_bytes" : 0,
        "io_kbytes" : 0,
        "bw_bytes" : 0,
        "bw" : 0,
        "iops" : 0.000000,
        "runtime" : 0,
        "total_ios" : 0,
        "short_ios" : 0,
        "drop_ios" : 0,
        "slat_ns" : {
          "min" : 0,
          "max" : 0,
          "mean" : 0.000000,
          "stddev" : 0.000000
        },
        "clat_ns" : {
          "min" : 0,
          "max" : 0,
          "mean" : 0.000000,
          "stddev" : 0.000000,
          "percentile" : {
            "1.000000" : 0,
            "5.000000" : 0,
            "10.000000" : 0,
            "20.000000" : 0,
            "30.000000" : 0,
            "40.000000" : 0,
            "50.000000" : 0,
            "60.000000" : 0,
            "70.000000" : 0,
            "80.000000" : 0,
            "90.000000" : 0,
            "95.000000" : 0,
            "99.000000" : 0,
            "99.500000" : 0,
            "99.900000" : 0,
            "99.950000" : 0,
            "99.990000" : 0
          }
        },
        "lat_ns" : {
          "min" : 0,
          "max" : 0,
          "mean" : 0.000000,
          "stddev" : 0.000000
        },
        "bw_min" : 0,
        "bw_max" : 0,
        "bw_agg" : 0.000000,
        "bw_mean" : 0.000000,
        "bw_dev" : 0.000000,
        "bw_samples" : 0,
        "iops_min" : 0,
        "iops_max" : 0,
        "iops_mean" : 0.000000,
        "iops_stddev" : 0.000000,
        "iops_samples" : 0
      },
      "sync" : {
        "lat_ns" : {
          "min" : 0,
          "max" : 0,
          "mean" : 0.000000,
          "stddev" : 0.000000,
          "percentile" : {
            "1.000000" : 0,
            "5.000000" : 0,
            "10.000000" : 0,
            "20.000000" : 0,
            "30.000000" : 0,
            "40.000000" : 0,
            "50.000000" : 0,
            "60.000000" : 0,
            "70.000000" : 0,
            "80.000000" : 0,
            "90.000000" : 0,
            "95.000000" : 0,
            "99.000000" : 0,
            "99.500000" : 0,
            "99.900000" : 0,
            "99.950000" : 0,
            "99.990000" : 0
          }
        },
        "total_ios" : 0
      },
      "usr_cpu" : 0.419836,
      "sys_cpu" : 1.577715,
      "ctx" : 25336,
      "majf" : 0,
      "minf" : 1189,
      "iodepth_level" : {
        "1" : 0.100000,
        "2" : 0.100000,
        "4" : 0.100000,
        "8" : 99.972635,
        "16" : 0.000000,
        "32" : 0.000000,
        ">=64" : 0.000000
      },
      "latency_ns" : {
        "2" : 0.000000,
        "4" : 0.000000,
        "10" : 0.000000,
        "20" : 0.000000,
        "50" : 0.000000,
        "100" : 0.000000,
        "250" : 0.000000,
        "500" : 0.000000,
        "750" : 0.000000,
        "1000" : 0.000000
      },
      "latency_us" : {
        "2" : 0.000000,
        "4" : 0.000000,
        "10" : 0.000000,
        "20" : 0.000000,
        "50" : 0.000000,
        "100" : 0.000000,
        "250" : 0.000000,
        "500" : 13.874120,
        "750" : 3.244722,
        "1000" : 2.028929
      },
      "latency_ms" : {
        "2" : 1.360438,
        "4" : 1.344801,
        "10" : 6.172791,
        "20" : 18.010164,
        "50" : 31.571540,
        "100" : 13.283815,
        "250" : 8.311181,
        "500" : 0.766224,
        "750" : 0.031274,
        "1000" : 0.000000,
        "2000" : 0.000000,
        ">=2000" : 0.000000
      },
      "latency_depth" : 8,
      "latency_target" : 0,
      "latency_percentile" : 100.000000,
      "latency_window" : 0
    }
  ]
}
