{
  "fio version" : "fio-3.7",
  "timestamp" : 1590203828,
  "timestamp_ms" : 1590203828303,
  "time" : "Fri May 22 21:17:08 2020",
  "global options" : {
    "filename" : "/dev/sgt_vg_data_008/MACH2_data_008_1048576k",
    "rw" : "randrw",
    "ioengine" : "libaio",
    "iodepth" : "512",
    "numjobs" : "1",
    "direct" : "1",
    "random_generator" : "tausworthe64",
    "runtime" : "120"
  },
  "jobs" : [
    {
      "jobname" : "randrw-1024k",
      "groupid" : 0,
      "error" : 0,
      "eta" : 0,
      "elapsed" : 122,
      "job options" : {
        "name" : "randrw-1024k",
        "bs" : "1024k"
      },
      "read" : {
        "io_bytes" : 10316939264,
        "io_kbytes" : 10075136,
        "bw_bytes" : 85340132,
        "bw" : 83339,
        "iops" : 81.386692,
        "runtime" : 120892,
        "total_ios" : 9839,
        "short_ios" : 0,
        "drop_ios" : 0,
        "slat_ns" : {
          "min" : 54722,
          "max" : 292115652,
          "mean" : 5926868.692753,
          "stddev" : 25999729.221887
        },
        "clat_ns" : {
          "min" : 1034149330,
          "max" : 5395860280,
          "mean" : 3080217413.451861,
          "stddev" : 332331504.632079,
          "percentile" : {
            "1.000000" : 2088763392,
            "5.000000" : 2634022912,
            "10.000000" : 2734686208,
            "20.000000" : 2868903936,
            "30.000000" : 2936012800,
            "40.000000" : 3003121664,
            "50.000000" : 3070230528,
            "60.000000" : 3137339392,
            "70.000000" : 3238002688,
            "80.000000" : 3305111552,
            "90.000000" : 3439329280,
            "95.000000" : 3573547008,
            "99.000000" : 3909091328,
            "99.500000" : 4076863488,
            "99.900000" : 4731174912,
            "99.950000" : 4999610368,
            "99.990000" : 5402263552
          }
        },
        "lat_ns" : {
          "min" : 1034240332,
          "max" : 5395949894,
          "mean" : 3086144412.872952,
          "stddev" : 333178783.066064
        },
        "bw_min" : 10240,
        "bw_max" : 137216,
        "bw_agg" : 99.789857,
        "bw_mean" : 83163.868644,
        "bw_dev" : 18173.740510,
        "bw_samples" : 236,
        "iops_min" : 10,
        "iops_max" : 134,
        "iops_mean" : 81.097458,
        "iops_stddev" : 17.761153,
        "iops_samples" : 236
      },
      "write" : {
        "io_bytes" : 10301210624,
        "io_kbytes" : 10059776,
        "bw_bytes" : 85210027,
        "bw" : 83212,
        "iops" : 81.262615,
        "runtime" : 120892,
        "total_ios" : 9824,
        "short_ios" : 0,
        "drop_ios" : 0,
        "slat_ns" : {
          "min" : 89888,
          "max" : 310203414,
          "mean" : 6281797.413477,
          "stddev" : 26184990.026180
        },
        "clat_ns" : {
          "min" : 820352028,
          "max" : 5178402507,
          "mean" : 3155122079.923553,
          "stddev" : 342797326.940669,
          "percentile" : {
            "1.000000" : 2088763392,
            "5.000000" : 2667577344,
            "10.000000" : 2801795072,
            "20.000000" : 2902458368,
            "30.000000" : 3003121664,
            "40.000000" : 3103784960,
            "50.000000" : 3170893824,
            "60.000000" : 3238002688,
            "70.000000" : 3305111552,
            "80.000000" : 3405774848,
            "90.000000" : 3539992576,
            "95.000000" : 3674210304,
            "99.000000" : 3976200192,
            "99.500000" : 4110417920,
            "99.900000" : 4529848320,
            "99.950000" : 4865392640,
            "99.990000" : 5200936960
          }
        },
        "lat_ns" : {
          "min" : 1033869232,
          "max" : 5178547820,
          "mean" : 3161404027.348221,
          "stddev" : 343995910.885582
        },
        "bw_min" : 2048,
        "bw_max" : 135168,
        "bw_agg" : 99.313578,
        "bw_mean" : 82640.814346,
        "bw_dev" : 18911.100673,
        "bw_samples" : 237,
        "iops_min" : 2,
        "iops_max" : 132,
        "iops_mean" : 80.586498,
        "iops_stddev" : 18.490891,
        "iops_samples" : 237
      },
      "trim" : {
        "io_bytes" : 0,
        "io_kbytes" : 0,
        "bw_bytes" : 0,
        "bw" : 0,
        "iops" : 0.000000,
        "runtime" : 0,
        "total_ios" : 0,
        "short_ios" : 0,
        "drop_ios" : 0,
        "slat_ns" : {
          "min" : 0,
          "max" : 0,
          "mean" : 0.000000,
          "stddev" : 0.000000
        },
        "clat_ns" : {
          "min" : 0,
          "max" : 0,
          "mean" : 0.000000,
          "stddev" : 0.000000,
          "percentile" : {
            "1.000000" : 0,
            "5.000000" : 0,
            "10.000000" : 0,
            "20.000000" : 0,
            "30.000000" : 0,
            "40.000000" : 0,
            "50.000000" : 0,
            "60.000000" : 0,
            "70.000000" : 0,
            "80.000000" : 0,
            "90.000000" : 0,
            "95.000000" : 0,
            "99.000000" : 0,
            "99.500000" : 0,
            "99.900000" : 0,
            "99.950000" : 0,
            "99.990000" : 0
          }
        },
        "lat_ns" : {
          "min" : 0,
          "max" : 0,
          "mean" : 0.000000,
          "stddev" : 0.000000
        },
        "bw_min" : 0,
        "bw_max" : 0,
        "bw_agg" : 0.000000,
        "bw_mean" : 0.000000,
        "bw_dev" : 0.000000,
        "bw_samples" : 0,
        "iops_min" : 0,
        "iops_max" : 0,
        "iops_mean" : 0.000000,
        "iops_stddev" : 0.000000,
        "iops_samples" : 0
      },
      "sync" : {
        "lat_ns" : {
          "min" : 0,
          "max" : 0,
          "mean" : 0.000000,
          "stddev" : 0.000000,
          "percentile" : {
            "1.000000" : 0,
            "5.000000" : 0,
            "10.000000" : 0,
            "20.000000" : 0,
            "30.000000" : 0,
            "40.000000" : 0,
            "50.000000" : 0,
            "60.000000" : 0,
            "70.000000" : 0,
            "80.000000" : 0,
            "90.000000" : 0,
            "95.000000" : 0,
            "99.000000" : 0,
            "99.500000" : 0,
            "99.900000" : 0,
            "99.950000" : 0,
            "99.990000" : 0
          }
        },
        "total_ios" : 0
      },
      "usr_cpu" : 0.495488,
      "sys_cpu" : 1.698224,
      "ctx" : 1270,
      "majf" : 0,
      "minf" : 2404,
      "iodepth_level" : {
        "1" : 0.100000,
        "2" : 0.100000,
        "4" : 0.100000,
        "8" : 0.100000,
        "16" : 0.100000,
        "32" : 0.162742,
        ">=64" : 99.679601
      },
      "latency_ns" : {
        "2" : 0.000000,
        "4" : 0.000000,
        "10" : 0.000000,
        "20" : 0.000000,
        "50" : 0.000000,
        "100" : 0.000000,
        "250" : 0.000000,
        "500" : 0.000000,
        "750" : 0.000000,
        "1000" : 0.000000
      },
      "latency_us" : {
        "2" : 0.000000,
        "4" : 0.000000,
        "10" : 0.000000,
        "20" : 0.000000,
        "50" : 0.000000,
        "100" : 0.000000,
        "250" : 0.000000,
        "500" : 0.000000,
        "750" : 0.000000,
        "1000" : 0.000000
      },
      "latency_ms" : {
        "2" : 0.000000,
        "4" : 0.000000,
        "10" : 0.000000,
        "20" : 0.000000,
        "50" : 0.000000,
        "100" : 0.000000,
        "250" : 0.000000,
        "500" : 0.000000,
        "750" : 0.000000,
        "1000" : 0.010000,
        "2000" : 0.000000,
        ">=2000" : 0.000000
      },
      "latency_depth" : 512,
      "latency_target" : 0,
      "latency_percentile" : 100.000000,
      "latency_window" : 0
    }
  ]
}
