{
  "fio version" : "fio-3.7",
  "timestamp" : 1589326467,
  "timestamp_ms" : 1589326467218,
  "time" : "Tue May 12 17:34:27 2020",
  "global options" : {
    "filename" : "/dev/sgt_vg_data_004_005/EVANS_data_004_005_16k",
    "rw" : "randrw",
    "ioengine" : "libaio",
    "iodepth" : "64",
    "numjobs" : "1",
    "direct" : "1",
    "random_generator" : "tausworthe64",
    "runtime" : "120"
  },
  "jobs" : [
    {
      "jobname" : "randrw-512k",
      "groupid" : 0,
      "error" : 0,
      "eta" : 0,
      "elapsed" : 121,
      "job options" : {
        "name" : "randrw-512k",
        "bs" : "512k"
      },
      "read" : {
        "io_bytes" : 5218762752,
        "io_kbytes" : 5096448,
        "bw_bytes" : 43372223,
        "bw" : 42355,
        "iops" : 82.725951,
        "runtime" : 120325,
        "total_ios" : 9954,
        "short_ios" : 0,
        "drop_ios" : 0,
        "slat_ns" : {
          "min" : 54232,
          "max" : 933537,
          "mean" : 207350.854531,
          "stddev" : 74762.093599
        },
        "clat_ns" : {
          "min" : 6690411,
          "max" : 1769168570,
          "mean" : 377700662.468655,
          "stddev" : 243267756.865007,
          "percentile" : {
            "1.000000" : 25034752,
            "5.000000" : 61603840,
            "10.000000" : 93847552,
            "20.000000" : 158334976,
            "30.000000" : 214958080,
            "40.000000" : 270532608,
            "50.000000" : 333447168,
            "60.000000" : 396361728,
            "70.000000" : 480247808,
            "80.000000" : 583008256,
            "90.000000" : 742391808,
            "95.000000" : 859832320,
            "99.000000" : 994050048,
            "99.500000" : 1019215872,
            "99.900000" : 1132462080,
            "99.950000" : 1266679808,
            "99.990000" : 1769996288
          }
        },
        "lat_ns" : {
          "min" : 6767115,
          "max" : 1769430601,
          "mean" : 377908468.768735,
          "stddev" : 243268092.096144
        },
        "bw_min" : 21504,
        "bw_max" : 62339,
        "bw_agg" : 99.888669,
        "bw_mean" : 42307.845833,
        "bw_dev" : 6542.820587,
        "bw_samples" : 240,
        "iops_min" : 42,
        "iops_max" : 121,
        "iops_mean" : 82.379167,
        "iops_stddev" : 12.784420,
        "iops_samples" : 240
      },
      "write" : {
        "io_bytes" : 5215092736,
        "io_kbytes" : 5092864,
        "bw_bytes" : 43341722,
        "bw" : 42325,
        "iops" : 82.667775,
        "runtime" : 120325,
        "total_ios" : 9947,
        "short_ios" : 0,
        "drop_ios" : 0,
        "slat_ns" : {
          "min" : 71142,
          "max" : 1516730,
          "mean" : 247044.453101,
          "stddev" : 85314.942234
        },
        "clat_ns" : {
          "min" : 8170343,
          "max" : 1104848118,
          "mean" : 395687932.240474,
          "stddev" : 183812456.503241,
          "percentile" : {
            "1.000000" : 36962304,
            "5.000000" : 90701824,
            "10.000000" : 143654912,
            "20.000000" : 225443840,
            "30.000000" : 291504128,
            "40.000000" : 350224384,
            "50.000000" : 396361728,
            "60.000000" : 446693376,
            "70.000000" : 497025024,
            "80.000000" : 549453824,
            "90.000000" : 633339904,
            "95.000000" : 692060160,
            "99.000000" : 843055104,
            "99.500000" : 893386752,
            "99.900000" : 1010827264,
            "99.950000" : 1052770304,
            "99.990000" : 1098907648
          }
        },
        "lat_ns" : {
          "min" : 8261335,
          "max" : 1105058665,
          "mean" : 395935421.200261,
          "stddev" : 183811881.617519
        },
        "bw_min" : 25600,
        "bw_max" : 59392,
        "bw_agg" : 99.889270,
        "bw_mean" : 42278.133333,
        "bw_dev" : 5494.377491,
        "bw_samples" : 240,
        "iops_min" : 50,
        "iops_max" : 116,
        "iops_mean" : 82.320833,
        "iops_stddev" : 10.742380,
        "iops_samples" : 240
      },
      "trim" : {
        "io_bytes" : 0,
        "io_kbytes" : 0,
        "bw_bytes" : 0,
        "bw" : 0,
        "iops" : 0.000000,
        "runtime" : 0,
        "total_ios" : 0,
        "short_ios" : 0,
        "drop_ios" : 0,
        "slat_ns" : {
          "min" : 0,
          "max" : 0,
          "mean" : 0.000000,
          "stddev" : 0.000000
        },
        "clat_ns" : {
          "min" : 0,
          "max" : 0,
          "mean" : 0.000000,
          "stddev" : 0.000000,
          "percentile" : {
            "1.000000" : 0,
            "5.000000" : 0,
            "10.000000" : 0,
            "20.000000" : 0,
            "30.000000" : 0,
            "40.000000" : 0,
            "50.000000" : 0,
            "60.000000" : 0,
            "70.000000" : 0,
            "80.000000" : 0,
            "90.000000" : 0,
            "95.000000" : 0,
            "99.000000" : 0,
            "99.500000" : 0,
            "99.900000" : 0,
            "99.950000" : 0,
            "99.990000" : 0
          }
        },
        "lat_ns" : {
          "min" : 0,
          "max" : 0,
          "mean" : 0.000000,
          "stddev" : 0.000000
        },
        "bw_min" : 0,
        "bw_max" : 0,
        "bw_agg" : 0.000000,
        "bw_mean" : 0.000000,
        "bw_dev" : 0.000000,
        "bw_samples" : 0,
        "iops_min" : 0,
        "iops_max" : 0,
        "iops_mean" : 0.000000,
        "iops_stddev" : 0.000000,
        "iops_samples" : 0
      },
      "sync" : {
        "lat_ns" : {
          "min" : 0,
          "max" : 0,
          "mean" : 0.000000,
          "stddev" : 0.000000,
          "percentile" : {
            "1.000000" : 0,
            "5.000000" : 0,
            "10.000000" : 0,
            "20.000000" : 0,
            "30.000000" : 0,
            "40.000000" : 0,
            "50.000000" : 0,
            "60.000000" : 0,
            "70.000000" : 0,
            "80.000000" : 0,
            "90.000000" : 0,
            "95.000000" : 0,
            "99.000000" : 0,
            "99.500000" : 0,
            "99.900000" : 0,
            "99.950000" : 0,
            "99.990000" : 0
          }
        },
        "total_ios" : 0
      },
      "usr_cpu" : 0.615837,
      "sys_cpu" : 3.627705,
      "ctx" : 19397,
      "majf" : 0,
      "minf" : 4200,
      "iodepth_level" : {
        "1" : 0.100000,
        "2" : 0.100000,
        "4" : 0.100000,
        "8" : 0.100000,
        "16" : 0.100000,
        "32" : 0.160796,
        ">=64" : 99.683433
      },
      "latency_ns" : {
        "2" : 0.000000,
        "4" : 0.000000,
        "10" : 0.000000,
        "20" : 0.000000,
        "50" : 0.000000,
        "100" : 0.000000,
        "250" : 0.000000,
        "500" : 0.000000,
        "750" : 0.000000,
        "1000" : 0.000000
      },
      "latency_us" : {
        "2" : 0.000000,
        "4" : 0.000000,
        "10" : 0.000000,
        "20" : 0.000000,
        "50" : 0.000000,
        "100" : 0.000000,
        "250" : 0.000000,
        "500" : 0.000000,
        "750" : 0.000000,
        "1000" : 0.000000
      },
      "latency_ms" : {
        "2" : 0.000000,
        "4" : 0.000000,
        "10" : 0.055274,
        "20" : 0.381890,
        "50" : 2.281292,
        "100" : 5.668057,
        "250" : 21.305462,
        "500" : 41.641124,
        "750" : 22.466208,
        "1000" : 5.713281,
        "2000" : 0.000000,
        ">=2000" : 0.000000
      },
      "latency_depth" : 64,
      "latency_target" : 0,
      "latency_percentile" : 100.000000,
      "latency_window" : 0
    }
  ]
}
