{
  "fio version" : "fio-3.7",
  "timestamp" : 1589297457,
  "timestamp_ms" : 1589297457705,
  "time" : "Tue May 12 09:30:57 2020",
  "global options" : {
    "filename" : "/dev/sgt_vg_data_008_009/EVANS_data_008_009_64k",
    "rw" : "read",
    "ioengine" : "libaio",
    "iodepth" : "64",
    "numjobs" : "1",
    "direct" : "1",
    "random_generator" : "tausworthe64",
    "runtime" : "120"
  },
  "jobs" : [
    {
      "jobname" : "read-16k",
      "groupid" : 0,
      "error" : 0,
      "eta" : 0,
      "elapsed" : 121,
      "job options" : {
        "name" : "read-16k",
        "bs" : "16k"
      },
      "read" : {
        "io_bytes" : 62655283200,
        "io_kbytes" : 61186800,
        "bw_bytes" : 522105605,
        "bw" : 509868,
        "iops" : 31866.797217,
        "runtime" : 120005,
        "total_ios" : 3824175,
        "short_ios" : 0,
        "drop_ios" : 0,
        "slat_ns" : {
          "min" : 3280,
          "max" : 9137047,
          "mean" : 5053.653788,
          "stddev" : 5562.233426
        },
        "clat_ns" : {
          "min" : 3172,
          "max" : 25921211,
          "mean" : 2002876.871693,
          "stddev" : 1780124.932401,
          "percentile" : {
            "1.000000" : 29056,
            "5.000000" : 34048,
            "10.000000" : 37632,
            "20.000000" : 52480,
            "30.000000" : 68096,
            "40.000000" : 618496,
            "50.000000" : 2113536,
            "60.000000" : 3358720,
            "70.000000" : 3620864,
            "80.000000" : 3883008,
            "90.000000" : 4145152,
            "95.000000" : 4292608,
            "99.000000" : 4489216,
            "99.500000" : 4554752,
            "99.900000" : 4554752,
            "99.950000" : 4816896,
            "99.990000" : 12910592
          }
        },
        "lat_ns" : {
          "min" : 30264,
          "max" : 25952531,
          "mean" : 2007968.483152,
          "stddev" : 1780135.271926
        },
        "bw_min" : 472672,
        "bw_max" : 529152,
        "bw_agg" : 99.959195,
        "bw_mean" : 509659.950000,
        "bw_dev" : 17901.787417,
        "bw_samples" : 240,
        "iops_min" : 29542,
        "iops_max" : 33072,
        "iops_mean" : 31853.612500,
        "iops_stddev" : 1118.906173,
        "iops_samples" : 240
      },
      "write" : {
        "io_bytes" : 0,
        "io_kbytes" : 0,
        "bw_bytes" : 0,
        "bw" : 0,
        "iops" : 0.000000,
        "runtime" : 0,
        "total_ios" : 0,
        "short_ios" : 0,
        "drop_ios" : 0,
        "slat_ns" : {
          "min" : 0,
          "max" : 0,
          "mean" : 0.000000,
          "stddev" : 0.000000
        },
        "clat_ns" : {
          "min" : 0,
          "max" : 0,
          "mean" : 0.000000,
          "stddev" : 0.000000,
          "percentile" : {
            "1.000000" : 0,
            "5.000000" : 0,
            "10.000000" : 0,
            "20.000000" : 0,
            "30.000000" : 0,
            "40.000000" : 0,
            "50.000000" : 0,
            "60.000000" : 0,
            "70.000000" : 0,
            "80.000000" : 0,
            "90.000000" : 0,
            "95.000000" : 0,
            "99.000000" : 0,
            "99.500000" : 0,
            "99.900000" : 0,
            "99.950000" : 0,
            "99.990000" : 0
          }
        },
        "lat_ns" : {
          "min" : 0,
          "max" : 0,
          "mean" : 0.000000,
          "stddev" : 0.000000
        },
        "bw_min" : 0,
        "bw_max" : 0,
        "bw_agg" : 0.000000,
        "bw_mean" : 0.000000,
        "bw_dev" : 0.000000,
        "bw_samples" : 0,
        "iops_min" : 0,
        "iops_max" : 0,
        "iops_mean" : 0.000000,
        "iops_stddev" : 0.000000,
        "iops_samples" : 0
      },
      "trim" : {
        "io_bytes" : 0,
        "io_kbytes" : 0,
        "bw_bytes" : 0,
        "bw" : 0,
        "iops" : 0.000000,
        "runtime" : 0,
        "total_ios" : 0,
        "short_ios" : 0,
        "drop_ios" : 0,
        "slat_ns" : {
          "min" : 0,
          "max" : 0,
          "mean" : 0.000000,
          "stddev" : 0.000000
        },
        "clat_ns" : {
          "min" : 0,
          "max" : 0,
          "mean" : 0.000000,
          "stddev" : 0.000000,
          "percentile" : {
            "1.000000" : 0,
            "5.000000" : 0,
            "10.000000" : 0,
            "20.000000" : 0,
            "30.000000" : 0,
            "40.000000" : 0,
            "50.000000" : 0,
            "60.000000" : 0,
            "70.000000" : 0,
            "80.000000" : 0,
            "90.000000" : 0,
            "95.000000" : 0,
            "99.000000" : 0,
            "99.500000" : 0,
            "99.900000" : 0,
            "99.950000" : 0,
            "99.990000" : 0
          }
        },
        "lat_ns" : {
          "min" : 0,
          "max" : 0,
          "mean" : 0.000000,
          "stddev" : 0.000000
        },
        "bw_min" : 0,
        "bw_max" : 0,
        "bw_agg" : 0.000000,
        "bw_mean" : 0.000000,
        "bw_dev" : 0.000000,
        "bw_samples" : 0,
        "iops_min" : 0,
        "iops_max" : 0,
        "iops_mean" : 0.000000,
        "iops_stddev" : 0.000000,
        "iops_samples" : 0
      },
      "sync" : {
        "lat_ns" : {
          "min" : 0,
          "max" : 0,
          "mean" : 0.000000,
          "stddev" : 0.000000,
          "percentile" : {
            "1.000000" : 0,
            "5.000000" : 0,
            "10.000000" : 0,
            "20.000000" : 0,
            "30.000000" : 0,
            "40.000000" : 0,
            "50.000000" : 0,
            "60.000000" : 0,
            "70.000000" : 0,
            "80.000000" : 0,
            "90.000000" : 0,
            "95.000000" : 0,
            "99.000000" : 0,
            "99.500000" : 0,
            "99.900000" : 0,
            "99.950000" : 0,
            "99.990000" : 0
          }
        },
        "total_ios" : 0
      },
      "usr_cpu" : 7.540582,
      "sys_cpu" : 20.251825,
      "ctx" : 3177752,
      "majf" : 0,
      "minf" : 1655,
      "iodepth_level" : {
        "1" : 0.100000,
        "2" : 0.100000,
        "4" : 0.100000,
        "8" : 0.100000,
        "16" : 0.100000,
        "32" : 0.100000,
        ">=64" : 99.998353
      },
      "latency_ns" : {
        "2" : 0.000000,
        "4" : 0.000000,
        "10" : 0.000000,
        "20" : 0.000000,
        "50" : 0.000000,
        "100" : 0.000000,
        "250" : 0.000000,
        "500" : 0.000000,
        "750" : 0.000000,
        "1000" : 0.000000
      },
      "latency_us" : {
        "2" : 0.000000,
        "4" : 0.010000,
        "10" : 0.010000,
        "20" : 0.010000,
        "50" : 18.273876,
        "100" : 15.270222,
        "250" : 1.901639,
        "500" : 3.037152,
        "750" : 3.046226,
        "1000" : 3.065942
      },
      "latency_ms" : {
        "2" : 5.265449,
        "4" : 33.967405,
        "10" : 16.153863,
        "20" : 0.015794,
        "50" : 0.010000,
        "100" : 0.000000,
        "250" : 0.000000,
        "500" : 0.000000,
        "750" : 0.000000,
        "1000" : 0.000000,
        "2000" : 0.000000,
        ">=2000" : 0.000000
      },
      "latency_depth" : 64,
      "latency_target" : 0,
      "latency_percentile" : 100.000000,
      "latency_window" : 0
    }
  ]
}
