{
  "fio version" : "fio-3.7",
  "timestamp" : 1589342091,
  "timestamp_ms" : 1589342091712,
  "time" : "Tue May 12 21:54:51 2020",
  "global options" : {
    "filename" : "/dev/sgt_vg_data_010_011/EVANS_data_010_011_128k",
    "rw" : "randread",
    "ioengine" : "libaio",
    "iodepth" : "32",
    "numjobs" : "1",
    "direct" : "1",
    "random_generator" : "tausworthe64",
    "runtime" : "120"
  },
  "jobs" : [
    {
      "jobname" : "randread-4096k",
      "groupid" : 0,
      "error" : 0,
      "eta" : 0,
      "elapsed" : 121,
      "job options" : {
        "name" : "randread-4096k",
        "bs" : "4096k"
      },
      "read" : {
        "io_bytes" : 31465668608,
        "io_kbytes" : 30728192,
        "bw_bytes" : 261121546,
        "bw" : 255001,
        "iops" : 62.256228,
        "runtime" : 120502,
        "total_ios" : 7502,
        "short_ios" : 0,
        "drop_ios" : 0,
        "slat_ns" : {
          "min" : 325566,
          "max" : 3565112,
          "mean" : 636367.589843,
          "stddev" : 254428.020433
        },
        "clat_ns" : {
          "min" : 24393867,
          "max" : 2157972132,
          "mean" : 513215747.181019,
          "stddev" : 322580740.712467,
          "percentile" : {
            "1.000000" : 46399488,
            "5.000000" : 98041856,
            "10.000000" : 156237824,
            "20.000000" : 229638144,
            "30.000000" : 304087040,
            "40.000000" : 379584512,
            "50.000000" : 455081984,
            "60.000000" : 541065216,
            "70.000000" : 633339904,
            "80.000000" : 759169024,
            "90.000000" : 960495616,
            "95.000000" : 1149239296,
            "99.000000" : 1484783616,
            "99.500000" : 1585446912,
            "99.900000" : 1803550720,
            "99.950000" : 1853882368,
            "99.990000" : 2164260864
          }
        },
        "lat_ns" : {
          "min" : 25010899,
          "max" : 2159174624,
          "mean" : 513852363.754466,
          "stddev" : 322588243.843418
        },
        "bw_min" : 8192,
        "bw_max" : 343377,
        "bw_agg" : 99.517844,
        "bw_mean" : 253771.497925,
        "bw_dev" : 34786.547721,
        "bw_samples" : 241,
        "iops_min" : 2,
        "iops_max" : 83,
        "iops_mean" : 61.643154,
        "iops_stddev" : 8.518439,
        "iops_samples" : 241
      },
      "write" : {
        "io_bytes" : 0,
        "io_kbytes" : 0,
        "bw_bytes" : 0,
        "bw" : 0,
        "iops" : 0.000000,
        "runtime" : 0,
        "total_ios" : 0,
        "short_ios" : 0,
        "drop_ios" : 0,
        "slat_ns" : {
          "min" : 0,
          "max" : 0,
          "mean" : 0.000000,
          "stddev" : 0.000000
        },
        "clat_ns" : {
          "min" : 0,
          "max" : 0,
          "mean" : 0.000000,
          "stddev" : 0.000000,
          "percentile" : {
            "1.000000" : 0,
            "5.000000" : 0,
            "10.000000" : 0,
            "20.000000" : 0,
            "30.000000" : 0,
            "40.000000" : 0,
            "50.000000" : 0,
            "60.000000" : 0,
            "70.000000" : 0,
            "80.000000" : 0,
            "90.000000" : 0,
            "95.000000" : 0,
            "99.000000" : 0,
            "99.500000" : 0,
            "99.900000" : 0,
            "99.950000" : 0,
            "99.990000" : 0
          }
        },
        "lat_ns" : {
          "min" : 0,
          "max" : 0,
          "mean" : 0.000000,
          "stddev" : 0.000000
        },
        "bw_min" : 0,
        "bw_max" : 0,
        "bw_agg" : 0.000000,
        "bw_mean" : 0.000000,
        "bw_dev" : 0.000000,
        "bw_samples" : 0,
        "iops_min" : 0,
        "iops_max" : 0,
        "iops_mean" : 0.000000,
        "iops_stddev" : 0.000000,
        "iops_samples" : 0
      },
      "trim" : {
        "io_bytes" : 0,
        "io_kbytes" : 0,
        "bw_bytes" : 0,
        "bw" : 0,
        "iops" : 0.000000,
        "runtime" : 0,
        "total_ios" : 0,
        "short_ios" : 0,
        "drop_ios" : 0,
        "slat_ns" : {
          "min" : 0,
          "max" : 0,
          "mean" : 0.000000,
          "stddev" : 0.000000
        },
        "clat_ns" : {
          "min" : 0,
          "max" : 0,
          "mean" : 0.000000,
          "stddev" : 0.000000,
          "percentile" : {
            "1.000000" : 0,
            "5.000000" : 0,
            "10.000000" : 0,
            "20.000000" : 0,
            "30.000000" : 0,
            "40.000000" : 0,
            "50.000000" : 0,
            "60.000000" : 0,
            "70.000000" : 0,
            "80.000000" : 0,
            "90.000000" : 0,
            "95.000000" : 0,
            "99.000000" : 0,
            "99.500000" : 0,
            "99.900000" : 0,
            "99.950000" : 0,
            "99.990000" : 0
          }
        },
        "lat_ns" : {
          "min" : 0,
          "max" : 0,
          "mean" : 0.000000,
          "stddev" : 0.000000
        },
        "bw_min" : 0,
        "bw_max" : 0,
        "bw_agg" : 0.000000,
        "bw_mean" : 0.000000,
        "bw_dev" : 0.000000,
        "bw_samples" : 0,
        "iops_min" : 0,
        "iops_max" : 0,
        "iops_mean" : 0.000000,
        "iops_stddev" : 0.000000,
        "iops_samples" : 0
      },
      "sync" : {
        "lat_ns" : {
          "min" : 0,
          "max" : 0,
          "mean" : 0.000000,
          "stddev" : 0.000000,
          "percentile" : {
            "1.000000" : 0,
            "5.000000" : 0,
            "10.000000" : 0,
            "20.000000" : 0,
            "30.000000" : 0,
            "40.000000" : 0,
            "50.000000" : 0,
            "60.000000" : 0,
            "70.000000" : 0,
            "80.000000" : 0,
            "90.000000" : 0,
            "95.000000" : 0,
            "99.000000" : 0,
            "99.500000" : 0,
            "99.900000" : 0,
            "99.950000" : 0,
            "99.990000" : 0
          }
        },
        "total_ios" : 0
      },
      "usr_cpu" : 0.046473,
      "sys_cpu" : 4.043950,
      "ctx" : 7346,
      "majf" : 0,
      "minf" : 2202,
      "iodepth_level" : {
        "1" : 0.100000,
        "2" : 0.100000,
        "4" : 0.100000,
        "8" : 0.106638,
        "16" : 0.213276,
        "32" : 99.586777,
        ">=64" : 0.000000
      },
      "latency_ns" : {
        "2" : 0.000000,
        "4" : 0.000000,
        "10" : 0.000000,
        "20" : 0.000000,
        "50" : 0.000000,
        "100" : 0.000000,
        "250" : 0.000000,
        "500" : 0.000000,
        "750" : 0.000000,
        "1000" : 0.000000
      },
      "latency_us" : {
        "2" : 0.000000,
        "4" : 0.000000,
        "10" : 0.000000,
        "20" : 0.000000,
        "50" : 0.000000,
        "100" : 0.000000,
        "250" : 0.000000,
        "500" : 0.000000,
        "750" : 0.000000,
        "1000" : 0.000000
      },
      "latency_ms" : {
        "2" : 0.000000,
        "4" : 0.000000,
        "10" : 0.000000,
        "20" : 0.000000,
        "50" : 1.266329,
        "100" : 3.905625,
        "250" : 17.302053,
        "500" : 32.964543,
        "750" : 23.886963,
        "1000" : 11.970141,
        "2000" : 0.000000,
        ">=2000" : 0.000000
      },
      "latency_depth" : 32,
      "latency_target" : 0,
      "latency_percentile" : 100.000000,
      "latency_window" : 0
    }
  ]
}
