{
  "fio version" : "fio-3.7",
  "timestamp" : 1589324654,
  "timestamp_ms" : 1589324654011,
  "time" : "Tue May 12 17:04:14 2020",
  "global options" : {
    "filename" : "/dev/sgt_vg_data_006_007/EVANS_data_006_007_32k",
    "rw" : "randrw",
    "ioengine" : "libaio",
    "iodepth" : "1",
    "numjobs" : "1",
    "direct" : "1",
    "random_generator" : "tausworthe64",
    "runtime" : "120"
  },
  "jobs" : [
    {
      "jobname" : "randrw-256k",
      "groupid" : 0,
      "error" : 0,
      "eta" : 0,
      "elapsed" : 121,
      "job options" : {
        "name" : "randrw-256k",
        "bs" : "256k"
      },
      "read" : {
        "io_bytes" : 1382285312,
        "io_kbytes" : 1349888,
        "bw_bytes" : 11517508,
        "bw" : 11247,
        "iops" : 43.935809,
        "runtime" : 120016,
        "total_ios" : 5273,
        "short_ios" : 0,
        "drop_ios" : 0,
        "slat_ns" : {
          "min" : 18769,
          "max" : 329263,
          "mean" : 68395.023137,
          "stddev" : 15494.599800
        },
        "clat_ns" : {
          "min" : 4294691,
          "max" : 86172818,
          "mean" : 19740794.080789,
          "stddev" : 8779824.891722,
          "percentile" : {
            "1.000000" : 7634944,
            "5.000000" : 10289152,
            "10.000000" : 11730944,
            "20.000000" : 13565952,
            "30.000000" : 15138816,
            "40.000000" : 16318464,
            "50.000000" : 17956864,
            "60.000000" : 19529728,
            "70.000000" : 21364736,
            "80.000000" : 23986176,
            "90.000000" : 29229056,
            "95.000000" : 35913728,
            "99.000000" : 55836672,
            "99.500000" : 60030976,
            "99.900000" : 72876032,
            "99.950000" : 80216064,
            "99.990000" : 86507520
          }
        },
        "lat_ns" : {
          "min" : 4321146,
          "max" : 86243378,
          "mean" : 19809316.334155,
          "stddev" : 8780327.854481
        },
        "bw_min" : 5632,
        "bw_max" : 16384,
        "bw_agg" : 99.923683,
        "bw_mean" : 11238.416667,
        "bw_dev" : 1922.825478,
        "bw_samples" : 240,
        "iops_min" : 22,
        "iops_max" : 64,
        "iops_mean" : 43.566667,
        "iops_stddev" : 7.508693,
        "iops_samples" : 240
      },
      "write" : {
        "io_bytes" : 1395654656,
        "io_kbytes" : 1362944,
        "bw_bytes" : 11628904,
        "bw" : 11356,
        "iops" : 44.360752,
        "runtime" : 120016,
        "total_ios" : 5324,
        "short_ios" : 0,
        "drop_ios" : 0,
        "slat_ns" : {
          "min" : 19465,
          "max" : 413393,
          "mean" : 74333.101803,
          "stddev" : 15803.374710
        },
        "clat_ns" : {
          "min" : 352430,
          "max" : 74734727,
          "mean" : 2842926.508077,
          "stddev" : 8375538.296498,
          "percentile" : {
            "1.000000" : 395264,
            "5.000000" : 411648,
            "10.000000" : 428032,
            "20.000000" : 452608,
            "30.000000" : 485376,
            "40.000000" : 505856,
            "50.000000" : 522240,
            "60.000000" : 544768,
            "70.000000" : 585728,
            "80.000000" : 724992,
            "90.000000" : 1630208,
            "95.000000" : 25559040,
            "99.000000" : 41680896,
            "99.500000" : 47972352,
            "99.900000" : 61603840,
            "99.950000" : 64749568,
            "99.990000" : 74973184
          }
        },
        "lat_ns" : {
          "min" : 399118,
          "max" : 74805683,
          "mean" : 2917391.564989,
          "stddev" : 8375203.773999
        },
        "bw_min" : 4096,
        "bw_max" : 20480,
        "bw_agg" : 99.943055,
        "bw_mean" : 11349.533333,
        "bw_dev" : 3244.891273,
        "bw_samples" : 240,
        "iops_min" : 16,
        "iops_max" : 80,
        "iops_mean" : 44.000000,
        "iops_stddev" : 12.716411,
        "iops_samples" : 240
      },
      "trim" : {
        "io_bytes" : 0,
        "io_kbytes" : 0,
        "bw_bytes" : 0,
        "bw" : 0,
        "iops" : 0.000000,
        "runtime" : 0,
        "total_ios" : 0,
        "short_ios" : 0,
        "drop_ios" : 0,
        "slat_ns" : {
          "min" : 0,
          "max" : 0,
          "mean" : 0.000000,
          "stddev" : 0.000000
        },
        "clat_ns" : {
          "min" : 0,
          "max" : 0,
          "mean" : 0.000000,
          "stddev" : 0.000000,
          "percentile" : {
            "1.000000" : 0,
            "5.000000" : 0,
            "10.000000" : 0,
            "20.000000" : 0,
            "30.000000" : 0,
            "40.000000" : 0,
            "50.000000" : 0,
            "60.000000" : 0,
            "70.000000" : 0,
            "80.000000" : 0,
            "90.000000" : 0,
            "95.000000" : 0,
            "99.000000" : 0,
            "99.500000" : 0,
            "99.900000" : 0,
            "99.950000" : 0,
            "99.990000" : 0
          }
        },
        "lat_ns" : {
          "min" : 0,
          "max" : 0,
          "mean" : 0.000000,
          "stddev" : 0.000000
        },
        "bw_min" : 0,
        "bw_max" : 0,
        "bw_agg" : 0.000000,
        "bw_mean" : 0.000000,
        "bw_dev" : 0.000000,
        "bw_samples" : 0,
        "iops_min" : 0,
        "iops_max" : 0,
        "iops_mean" : 0.000000,
        "iops_stddev" : 0.000000,
        "iops_samples" : 0
      },
      "sync" : {
        "lat_ns" : {
          "min" : 0,
          "max" : 0,
          "mean" : 0.000000,
          "stddev" : 0.000000,
          "percentile" : {
            "1.000000" : 0,
            "5.000000" : 0,
            "10.000000" : 0,
            "20.000000" : 0,
            "30.000000" : 0,
            "40.000000" : 0,
            "50.000000" : 0,
            "60.000000" : 0,
            "70.000000" : 0,
            "80.000000" : 0,
            "90.000000" : 0,
            "95.000000" : 0,
            "99.000000" : 0,
            "99.500000" : 0,
            "99.900000" : 0,
            "99.950000" : 0,
            "99.990000" : 0
          }
        },
        "total_ios" : 0
      },
      "usr_cpu" : 0.142482,
      "sys_cpu" : 0.627422,
      "ctx" : 10597,
      "majf" : 0,
      "minf" : 32,
      "iodepth_level" : {
        "1" : 100.000000,
        "2" : 0.000000,
        "4" : 0.000000,
        "8" : 0.000000,
        "16" : 0.000000,
        "32" : 0.000000,
        ">=64" : 0.000000
      },
      "latency_ns" : {
        "2" : 0.000000,
        "4" : 0.000000,
        "10" : 0.000000,
        "20" : 0.000000,
        "50" : 0.000000,
        "100" : 0.000000,
        "250" : 0.000000,
        "500" : 0.000000,
        "750" : 0.000000,
        "1000" : 0.000000
      },
      "latency_us" : {
        "2" : 0.000000,
        "4" : 0.000000,
        "10" : 0.000000,
        "20" : 0.000000,
        "50" : 0.000000,
        "100" : 0.000000,
        "250" : 0.000000,
        "500" : 18.363688,
        "750" : 22.091158,
        "1000" : 2.217609
      },
      "latency_ms" : {
        "2" : 3.312258,
        "4" : 0.320846,
        "10" : 2.340285,
        "20" : 29.914127,
        "50" : 20.373691,
        "100" : 1.066340,
        "250" : 0.000000,
        "500" : 0.000000,
        "750" : 0.000000,
        "1000" : 0.000000,
        "2000" : 0.000000,
        ">=2000" : 0.000000
      },
      "latency_depth" : 1,
      "latency_target" : 0,
      "latency_percentile" : 100.000000,
      "latency_window" : 0
    }
  ]
}
