{
  "fio version" : "fio-3.7",
  "timestamp" : 1589233735,
  "timestamp_ms" : 1589233735387,
  "time" : "Mon May 11 15:48:55 2020",
  "global options" : {
    "filename" : "/dev/sgt_vg_data_010_011/EVANS_data_010_011_128k",
    "rw" : "randrw",
    "ioengine" : "libaio",
    "iodepth" : "16",
    "numjobs" : "1",
    "direct" : "1",
    "runtime" : "120"
  },
  "jobs" : [
    {
      "jobname" : "randrw-256k",
      "groupid" : 0,
      "error" : 0,
      "eta" : 0,
      "elapsed" : 121,
      "job options" : {
        "name" : "randrw-256k",
        "bs" : "256k"
      },
      "read" : {
        "io_bytes" : 2292711424,
        "io_kbytes" : 2238976,
        "bw_bytes" : 19087636,
        "bw" : 18640,
        "iops" : 72.813554,
        "runtime" : 120115,
        "total_ios" : 8746,
        "short_ios" : 0,
        "drop_ios" : 0,
        "slat_ns" : {
          "min" : 14681,
          "max" : 499201,
          "mean" : 72943.385548,
          "stddev" : 30599.203911
        },
        "clat_ns" : {
          "min" : 5686846,
          "max" : 1154960983,
          "mean" : 202132473.202607,
          "stddev" : 122196455.115813,
          "percentile" : {
            "1.000000" : 20054016,
            "5.000000" : 43253760,
            "10.000000" : 62652416,
            "20.000000" : 98041856,
            "30.000000" : 127401984,
            "40.000000" : 158334976,
            "50.000000" : 185597952,
            "60.000000" : 217055232,
            "70.000000" : 248512512,
            "80.000000" : 283115520,
            "90.000000" : 350224384,
            "95.000000" : 421527552,
            "99.000000" : 608174080,
            "99.500000" : 683671552,
            "99.900000" : 843055104,
            "99.950000" : 926941184,
            "99.990000" : 1149239296
          }
        },
        "lat_ns" : {
          "min" : 5713345,
          "max" : 1155036071,
          "mean" : 202205862.177224,
          "stddev" : 122196466.598208
        },
        "bw_min" : 10730,
        "bw_max" : 26624,
        "bw_agg" : 99.876073,
        "bw_mean" : 18616.900000,
        "bw_dev" : 2942.074495,
        "bw_samples" : 240,
        "iops_min" : 41,
        "iops_max" : 104,
        "iops_mean" : 72.558333,
        "iops_stddev" : 11.515895,
        "iops_samples" : 240
      },
      "write" : {
        "io_bytes" : 2290876416,
        "io_kbytes" : 2237184,
        "bw_bytes" : 19072359,
        "bw" : 18625,
        "iops" : 72.755276,
        "runtime" : 120115,
        "total_ios" : 8739,
        "short_ios" : 0,
        "drop_ios" : 0,
        "slat_ns" : {
          "min" : 15480,
          "max" : 486603,
          "mean" : 82863.502689,
          "stddev" : 33249.478732
        },
        "clat_ns" : {
          "min" : 330966,
          "max" : 973390060,
          "mean" : 17440152.464126,
          "stddev" : 31407991.883805,
          "percentile" : {
            "1.000000" : 415744,
            "5.000000" : 473088,
            "10.000000" : 518144,
            "20.000000" : 847872,
            "30.000000" : 1105920,
            "40.000000" : 4685824,
            "50.000000" : 10551296,
            "60.000000" : 16908288,
            "70.000000" : 22413312,
            "80.000000" : 28442624,
            "90.000000" : 39059456,
            "95.000000" : 47972352,
            "99.000000" : 104333312,
            "99.500000" : 212860928,
            "99.900000" : 429916160,
            "99.950000" : 476053504,
            "99.990000" : 977272832
          }
        },
        "lat_ns" : {
          "min" : 355684,
          "max" : 973467306,
          "mean" : 17523450.163405,
          "stddev" : 31408421.025252
        },
        "bw_min" : 10730,
        "bw_max" : 31232,
        "bw_agg" : 100.000000,
        "bw_mean" : 18636.079167,
        "bw_dev" : 3020.718823,
        "bw_samples" : 240,
        "iops_min" : 41,
        "iops_max" : 122,
        "iops_mean" : 72.633333,
        "iops_stddev" : 11.820437,
        "iops_samples" : 240
      },
      "trim" : {
        "io_bytes" : 0,
        "io_kbytes" : 0,
        "bw_bytes" : 0,
        "bw" : 0,
        "iops" : 0.000000,
        "runtime" : 0,
        "total_ios" : 0,
        "short_ios" : 0,
        "drop_ios" : 0,
        "slat_ns" : {
          "min" : 0,
          "max" : 0,
          "mean" : 0.000000,
          "stddev" : 0.000000
        },
        "clat_ns" : {
          "min" : 0,
          "max" : 0,
          "mean" : 0.000000,
          "stddev" : 0.000000,
          "percentile" : {
            "1.000000" : 0,
            "5.000000" : 0,
            "10.000000" : 0,
            "20.000000" : 0,
            "30.000000" : 0,
            "40.000000" : 0,
            "50.000000" : 0,
            "60.000000" : 0,
            "70.000000" : 0,
            "80.000000" : 0,
            "90.000000" : 0,
            "95.000000" : 0,
            "99.000000" : 0,
            "99.500000" : 0,
            "99.900000" : 0,
            "99.950000" : 0,
            "99.990000" : 0
          }
        },
        "lat_ns" : {
          "min" : 0,
          "max" : 0,
          "mean" : 0.000000,
          "stddev" : 0.000000
        },
        "bw_min" : 0,
        "bw_max" : 0,
        "bw_agg" : 0.000000,
        "bw_mean" : 0.000000,
        "bw_dev" : 0.000000,
        "bw_samples" : 0,
        "iops_min" : 0,
        "iops_max" : 0,
        "iops_mean" : 0.000000,
        "iops_stddev" : 0.000000,
        "iops_samples" : 0
      },
      "sync" : {
        "lat_ns" : {
          "min" : 0,
          "max" : 0,
          "mean" : 0.000000,
          "stddev" : 0.000000,
          "percentile" : {
            "1.000000" : 0,
            "5.000000" : 0,
            "10.000000" : 0,
            "20.000000" : 0,
            "30.000000" : 0,
            "40.000000" : 0,
            "50.000000" : 0,
            "60.000000" : 0,
            "70.000000" : 0,
            "80.000000" : 0,
            "90.000000" : 0,
            "95.000000" : 0,
            "99.000000" : 0,
            "99.500000" : 0,
            "99.900000" : 0,
            "99.950000" : 0,
            "99.990000" : 0
          }
        },
        "total_ios" : 0
      },
      "usr_cpu" : 0.244767,
      "sys_cpu" : 1.274622,
      "ctx" : 16964,
      "majf" : 0,
      "minf" : 793,
      "iodepth_level" : {
        "1" : 0.100000,
        "2" : 0.100000,
        "4" : 0.100000,
        "8" : 0.100000,
        "16" : 99.914212,
        "32" : 0.000000,
        ">=64" : 0.000000
      },
      "latency_ns" : {
        "2" : 0.000000,
        "4" : 0.000000,
        "10" : 0.000000,
        "20" : 0.000000,
        "50" : 0.000000,
        "100" : 0.000000,
        "250" : 0.000000,
        "500" : 0.000000,
        "750" : 0.000000,
        "1000" : 0.000000
      },
      "latency_us" : {
        "2" : 0.000000,
        "4" : 0.000000,
        "10" : 0.000000,
        "20" : 0.000000,
        "50" : 0.000000,
        "100" : 0.000000,
        "250" : 0.000000,
        "500" : 3.826137,
        "750" : 5.313126,
        "1000" : 3.740349
      },
      "latency_ms" : {
        "2" : 4.152130,
        "4" : 2.173291,
        "10" : 5.530455,
        "20" : 8.384329,
        "50" : 18.044038,
        "100" : 8.641693,
        "250" : 25.250214,
        "500" : 13.674578,
        "750" : 1.120961,
        "1000" : 0.131541,
        "2000" : 0.000000,
        ">=2000" : 0.000000
      },
      "latency_depth" : 16,
      "latency_target" : 0,
      "latency_percentile" : 100.000000,
      "latency_window" : 0
    }
  ]
}
