{
  "fio version" : "fio-3.7",
  "timestamp" : 1589227802,
  "timestamp_ms" : 1589227802833,
  "time" : "Mon May 11 14:10:02 2020",
  "global options" : {
    "filename" : "/dev/sgt_vg_data_000_001/EVANS_data_000_001_4k",
    "rw" : "randrw",
    "ioengine" : "libaio",
    "iodepth" : "32",
    "numjobs" : "1",
    "direct" : "1",
    "runtime" : "120"
  },
  "jobs" : [
    {
      "jobname" : "randrw-4k",
      "groupid" : 0,
      "error" : 0,
      "eta" : 0,
      "elapsed" : 121,
      "job options" : {
        "name" : "randrw-4k",
        "bs" : "4k"
      },
      "read" : {
        "io_bytes" : 158576640,
        "io_kbytes" : 154860,
        "bw_bytes" : 1319756,
        "bw" : 1288,
        "iops" : 322.206132,
        "runtime" : 120156,
        "total_ios" : 38715,
        "short_ios" : 0,
        "drop_ios" : 0,
        "slat_ns" : {
          "min" : 3114,
          "max" : 146819,
          "mean" : 17034.457110,
          "stddev" : 8008.873095
        },
        "clat_ns" : {
          "min" : 2129326,
          "max" : 749499007,
          "mean" : 98156090.041328,
          "stddev" : 83540902.555723,
          "percentile" : {
            "1.000000" : 5603328,
            "5.000000" : 9895936,
            "10.000000" : 14483456,
            "20.000000" : 25034752,
            "30.000000" : 38010880,
            "40.000000" : 53739520,
            "50.000000" : 73924608,
            "60.000000" : 96993280,
            "70.000000" : 125304832,
            "80.000000" : 164626432,
            "90.000000" : 225443840,
            "95.000000" : 270532608,
            "99.000000" : 341835776,
            "99.500000" : 362807296,
            "99.900000" : 425721856,
            "99.950000" : 446693376,
            "99.990000" : 517996544
          }
        },
        "lat_ns" : {
          "min" : 2143121,
          "max" : 749522035,
          "mean" : 98173368.968513,
          "stddev" : 83540891.927526
        },
        "bw_min" : 848,
        "bw_max" : 1472,
        "bw_agg" : 100.000000,
        "bw_mean" : 1288.991667,
        "bw_dev" : 115.530394,
        "bw_samples" : 240,
        "iops_min" : 212,
        "iops_max" : 368,
        "iops_mean" : 322.208333,
        "iops_stddev" : 28.890616,
        "iops_samples" : 240
      },
      "write" : {
        "io_bytes" : 158277632,
        "io_kbytes" : 154568,
        "bw_bytes" : 1317267,
        "bw" : 1286,
        "iops" : 321.598589,
        "runtime" : 120156,
        "total_ios" : 38642,
        "short_ios" : 0,
        "drop_ios" : 0,
        "slat_ns" : {
          "min" : 3237,
          "max" : 271536,
          "mean" : 17089.475441,
          "stddev" : 8443.162654
        },
        "clat_ns" : {
          "min" : 132573,
          "max" : 497740319,
          "mean" : 1052266.813830,
          "stddev" : 9970551.296690,
          "percentile" : {
            "1.000000" : 179200,
            "5.000000" : 207872,
            "10.000000" : 228352,
            "20.000000" : 257024,
            "30.000000" : 280576,
            "40.000000" : 305152,
            "50.000000" : 337920,
            "60.000000" : 387072,
            "70.000000" : 473088,
            "80.000000" : 757760,
            "90.000000" : 1011712,
            "95.000000" : 1187840,
            "99.000000" : 11206656,
            "99.500000" : 18219008,
            "99.900000" : 166723584,
            "99.950000" : 261095424,
            "99.990000" : 362807296
          }
        },
        "lat_ns" : {
          "min" : 144592,
          "max" : 497773137,
          "mean" : 1069598.988199,
          "stddev" : 9970688.182197
        },
        "bw_min" : 840,
        "bw_max" : 1800,
        "bw_agg" : 100.000000,
        "bw_mean" : 1287.612500,
        "bw_dev" : 176.369868,
        "bw_samples" : 240,
        "iops_min" : 210,
        "iops_max" : 450,
        "iops_mean" : 321.866667,
        "iops_stddev" : 44.110727,
        "iops_samples" : 240
      },
      "trim" : {
        "io_bytes" : 0,
        "io_kbytes" : 0,
        "bw_bytes" : 0,
        "bw" : 0,
        "iops" : 0.000000,
        "runtime" : 0,
        "total_ios" : 0,
        "short_ios" : 0,
        "drop_ios" : 0,
        "slat_ns" : {
          "min" : 0,
          "max" : 0,
          "mean" : 0.000000,
          "stddev" : 0.000000
        },
        "clat_ns" : {
          "min" : 0,
          "max" : 0,
          "mean" : 0.000000,
          "stddev" : 0.000000,
          "percentile" : {
            "1.000000" : 0,
            "5.000000" : 0,
            "10.000000" : 0,
            "20.000000" : 0,
            "30.000000" : 0,
            "40.000000" : 0,
            "50.000000" : 0,
            "60.000000" : 0,
            "70.000000" : 0,
            "80.000000" : 0,
            "90.000000" : 0,
            "95.000000" : 0,
            "99.000000" : 0,
            "99.500000" : 0,
            "99.900000" : 0,
            "99.950000" : 0,
            "99.990000" : 0
          }
        },
        "lat_ns" : {
          "min" : 0,
          "max" : 0,
          "mean" : 0.000000,
          "stddev" : 0.000000
        },
        "bw_min" : 0,
        "bw_max" : 0,
        "bw_agg" : 0.000000,
        "bw_mean" : 0.000000,
        "bw_dev" : 0.000000,
        "bw_samples" : 0,
        "iops_min" : 0,
        "iops_max" : 0,
        "iops_mean" : 0.000000,
        "iops_stddev" : 0.000000,
        "iops_samples" : 0
      },
      "sync" : {
        "lat_ns" : {
          "min" : 0,
          "max" : 0,
          "mean" : 0.000000,
          "stddev" : 0.000000,
          "percentile" : {
            "1.000000" : 0,
            "5.000000" : 0,
            "10.000000" : 0,
            "20.000000" : 0,
            "30.000000" : 0,
            "40.000000" : 0,
            "50.000000" : 0,
            "60.000000" : 0,
            "70.000000" : 0,
            "80.000000" : 0,
            "90.000000" : 0,
            "95.000000" : 0,
            "99.000000" : 0,
            "99.500000" : 0,
            "99.900000" : 0,
            "99.950000" : 0,
            "99.990000" : 0
          }
        },
        "total_ios" : 0
      },
      "usr_cpu" : 0.710749,
      "sys_cpu" : 1.690317,
      "ctx" : 75636,
      "majf" : 0,
      "minf" : 1352,
      "iodepth_level" : {
        "1" : 0.100000,
        "2" : 0.100000,
        "4" : 0.100000,
        "8" : 0.100000,
        "16" : 0.100000,
        "32" : 99.959926,
        ">=64" : 0.000000
      },
      "latency_ns" : {
        "2" : 0.000000,
        "4" : 0.000000,
        "10" : 0.000000,
        "20" : 0.000000,
        "50" : 0.000000,
        "100" : 0.000000,
        "250" : 0.000000,
        "500" : 0.000000,
        "750" : 0.000000,
        "1000" : 0.000000
      },
      "latency_us" : {
        "2" : 0.000000,
        "4" : 0.000000,
        "10" : 0.000000,
        "20" : 0.000000,
        "50" : 0.000000,
        "100" : 0.000000,
        "250" : 8.824024,
        "500" : 26.969764,
        "750" : 4.115982,
        "1000" : 4.812751
      },
      "latency_ms" : {
        "2" : 4.408134,
        "4" : 0.270176,
        "10" : 2.535000,
        "20" : 5.517277,
        "50" : 11.243973,
        "100" : 11.847667,
        "250" : 15.877038,
        "500" : 3.570459,
        "750" : 0.010000,
        "1000" : 0.000000,
        "2000" : 0.000000,
        ">=2000" : 0.000000
      },
      "latency_depth" : 32,
      "latency_target" : 0,
      "latency_percentile" : 100.000000,
      "latency_window" : 0
    }
  ]
}
