{
  "fio version" : "fio-3.7",
  "timestamp" : 1589227440,
  "timestamp_ms" : 1589227440611,
  "time" : "Mon May 11 14:04:00 2020",
  "global options" : {
    "filename" : "/dev/sgt_vg_data_006_007/EVANS_data_006_007_32k",
    "rw" : "randrw",
    "ioengine" : "libaio",
    "iodepth" : "4",
    "numjobs" : "1",
    "direct" : "1",
    "runtime" : "120"
  },
  "jobs" : [
    {
      "jobname" : "randrw-4k",
      "groupid" : 0,
      "error" : 0,
      "eta" : 0,
      "elapsed" : 121,
      "job options" : {
        "name" : "randrw-4k",
        "bs" : "4k"
      },
      "read" : {
        "io_bytes" : 84545536,
        "io_kbytes" : 82564,
        "bw_bytes" : 704434,
        "bw" : 687,
        "iops" : 171.981103,
        "runtime" : 120019,
        "total_ios" : 20641,
        "short_ios" : 0,
        "drop_ios" : 0,
        "slat_ns" : {
          "min" : 3173,
          "max" : 261920,
          "mean" : 18299.249697,
          "stddev" : 8987.067284
        },
        "clat_ns" : {
          "min" : 1810388,
          "max" : 129140771,
          "mean" : 22582383.343297,
          "stddev" : 13995981.115906,
          "percentile" : {
            "1.000000" : 4816896,
            "5.000000" : 7372800,
            "10.000000" : 9109504,
            "20.000000" : 11730944,
            "30.000000" : 14090240,
            "40.000000" : 16318464,
            "50.000000" : 18743296,
            "60.000000" : 21889024,
            "70.000000" : 25821184,
            "80.000000" : 31326208,
            "90.000000" : 41156608,
            "95.000000" : 50593792,
            "99.000000" : 70778880,
            "99.500000" : 79167488,
            "99.900000" : 99090432,
            "99.950000" : 109576192,
            "99.990000" : 126353408
          }
        },
        "lat_ns" : {
          "min" : 1841448,
          "max" : 129154498,
          "mean" : 22600978.232256,
          "stddev" : 13995694.624482
        },
        "bw_min" : 232,
        "bw_max" : 776,
        "bw_agg" : 100.000000,
        "bw_mean" : 687.441667,
        "bw_dev" : 48.087141,
        "bw_samples" : 240,
        "iops_min" : 58,
        "iops_max" : 194,
        "iops_mean" : 171.745833,
        "iops_stddev" : 12.015941,
        "iops_samples" : 240
      },
      "write" : {
        "io_bytes" : 84656128,
        "io_kbytes" : 82672,
        "bw_bytes" : 705356,
        "bw" : 688,
        "iops" : 172.206067,
        "runtime" : 120019,
        "total_ios" : 20668,
        "short_ios" : 0,
        "drop_ios" : 0,
        "slat_ns" : {
          "min" : 3156,
          "max" : 57678,
          "mean" : 17992.400087,
          "stddev" : 9284.328705
        },
        "clat_ns" : {
          "min" : 106961,
          "max" : 145223485,
          "mean" : 615596.090430,
          "stddev" : 3443237.358057,
          "percentile" : {
            "1.000000" : 158720,
            "5.000000" : 187392,
            "10.000000" : 205824,
            "20.000000" : 230400,
            "30.000000" : 250880,
            "40.000000" : 268288,
            "50.000000" : 288768,
            "60.000000" : 317440,
            "70.000000" : 354304,
            "80.000000" : 423936,
            "90.000000" : 733184,
            "95.000000" : 897024,
            "99.000000" : 1384448,
            "99.500000" : 22151168,
            "99.900000" : 52166656,
            "99.950000" : 70778880,
            "99.990000" : 111673344
          }
        },
        "lat_ns" : {
          "min" : 120091,
          "max" : 145256196,
          "mean" : 633879.394475,
          "stddev" : 3443629.726496
        },
        "bw_min" : 240,
        "bw_max" : 1048,
        "bw_agg" : 100.000000,
        "bw_mean" : 688.479167,
        "bw_dev" : 110.877253,
        "bw_samples" : 240,
        "iops_min" : 60,
        "iops_max" : 262,
        "iops_mean" : 172.004167,
        "iops_stddev" : 27.731754,
        "iops_samples" : 240
      },
      "trim" : {
        "io_bytes" : 0,
        "io_kbytes" : 0,
        "bw_bytes" : 0,
        "bw" : 0,
        "iops" : 0.000000,
        "runtime" : 0,
        "total_ios" : 0,
        "short_ios" : 0,
        "drop_ios" : 0,
        "slat_ns" : {
          "min" : 0,
          "max" : 0,
          "mean" : 0.000000,
          "stddev" : 0.000000
        },
        "clat_ns" : {
          "min" : 0,
          "max" : 0,
          "mean" : 0.000000,
          "stddev" : 0.000000,
          "percentile" : {
            "1.000000" : 0,
            "5.000000" : 0,
            "10.000000" : 0,
            "20.000000" : 0,
            "30.000000" : 0,
            "40.000000" : 0,
            "50.000000" : 0,
            "60.000000" : 0,
            "70.000000" : 0,
            "80.000000" : 0,
            "90.000000" : 0,
            "95.000000" : 0,
            "99.000000" : 0,
            "99.500000" : 0,
            "99.900000" : 0,
            "99.950000" : 0,
            "99.990000" : 0
          }
        },
        "lat_ns" : {
          "min" : 0,
          "max" : 0,
          "mean" : 0.000000,
          "stddev" : 0.000000
        },
        "bw_min" : 0,
        "bw_max" : 0,
        "bw_agg" : 0.000000,
        "bw_mean" : 0.000000,
        "bw_dev" : 0.000000,
        "bw_samples" : 0,
        "iops_min" : 0,
        "iops_max" : 0,
        "iops_mean" : 0.000000,
        "iops_stddev" : 0.000000,
        "iops_samples" : 0
      },
      "sync" : {
        "lat_ns" : {
          "min" : 0,
          "max" : 0,
          "mean" : 0.000000,
          "stddev" : 0.000000,
          "percentile" : {
            "1.000000" : 0,
            "5.000000" : 0,
            "10.000000" : 0,
            "20.000000" : 0,
            "30.000000" : 0,
            "40.000000" : 0,
            "50.000000" : 0,
            "60.000000" : 0,
            "70.000000" : 0,
            "80.000000" : 0,
            "90.000000" : 0,
            "95.000000" : 0,
            "99.000000" : 0,
            "99.500000" : 0,
            "99.900000" : 0,
            "99.950000" : 0,
            "99.990000" : 0
          }
        },
        "total_ios" : 0
      },
      "usr_cpu" : 0.409939,
      "sys_cpu" : 0.988185,
      "ctx" : 40852,
      "majf" : 0,
      "minf" : 677,
      "iodepth_level" : {
        "1" : 0.100000,
        "2" : 0.100000,
        "4" : 99.992738,
        "8" : 0.000000,
        "16" : 0.000000,
        "32" : 0.000000,
        ">=64" : 0.000000
      },
      "latency_ns" : {
        "2" : 0.000000,
        "4" : 0.000000,
        "10" : 0.000000,
        "20" : 0.000000,
        "50" : 0.000000,
        "100" : 0.000000,
        "250" : 0.000000,
        "500" : 0.000000,
        "750" : 0.000000,
        "1000" : 0.000000
      },
      "latency_us" : {
        "2" : 0.000000,
        "4" : 0.000000,
        "10" : 0.000000,
        "20" : 0.000000,
        "50" : 0.000000,
        "100" : 0.000000,
        "250" : 14.662664,
        "500" : 27.439541,
        "750" : 3.137331,
        "1000" : 3.413300
      },
      "latency_ms" : {
        "2" : 0.941683,
        "4" : 0.273548,
        "10" : 6.436854,
        "20" : 20.458012,
        "50" : 20.617783,
        "100" : 2.563606,
        "250" : 0.055678,
        "500" : 0.000000,
        "750" : 0.000000,
        "1000" : 0.000000,
        "2000" : 0.000000,
        ">=2000" : 0.000000
      },
      "latency_depth" : 4,
      "latency_target" : 0,
      "latency_percentile" : 100.000000,
      "latency_window" : 0
    }
  ]
}
